ph,Hardness,Solids,Chloramines,Sulfate,Conductivity,Organic_carbon,Trihalomethanes,Turbidity,Potability
7.86977550328786,234.84613355838434,25498.693617993937,7.945582810978976,,346.0663044242992,12.177135371241246,82.17621280541599,3.468609915814432,1
6.860159761137816,200.78566882950744,15459.97277637164,6.0880429239106935,245.6113532624429,450.75588017637665,11.090818109691869,56.63146911256986,4.436399918914336,1
,198.9871777149241,19554.488109516493,5.510287787806673,257.08727332368386,349.4795631699549,6.38562087871606,47.430380185250044,3.3588775334934615,1
9.50161747168876,214.58741951429104,9712.959899891923,5.832796667884481,367.6842878349447,443.7949883162458,13.680527348441073,64.05172244671469,3.273467396677421,1
6.707696134189896,168.03720304997424,21065.865693023534,6.4005589714304065,,362.4012090375447,19.309141785570965,44.339136038119236,3.917117920531662,1
6.707722238450803,197.35743503491503,31765.622126685652,6.560902838744236,292.86291859015256,250.27854652665522,16.696565106299445,61.91088311870122,3.0138262583830135,1
9.590948376656753,125.59962905325015,28023.104078094053,10.54152389448636,,446.67101118387893,15.03371718215542,61.859285584708275,5.219662350460603,0
8.300221219353125,225.18786162413653,34307.70691497464,8.786300593009964,347.35027792174293,433.88883474261957,11.85044346890291,,5.473268047638663,0
,145.02810284611166,19358.219537781464,8.73914309740513,369.9019758990093,463.73518666558846,17.581192837262545,74.98567694938617,3.6161997333709843,0
7.942670469301684,245.8024439587455,33817.46027518388,8.966356975551943,326.8942533644712,367.4991729470639,13.885086177931987,63.44407957509624,2.8884558948854115,1
6.343165868428185,185.5156513103831,20319.088359095123,5.5418630264522015,444.7702205013381,358.88721550145516,19.493032578641785,85.52308460584993,4.232541790343608,0
6.3394896918232915,189.4103896341029,34917.78680746989,5.188663908320162,308.74103589561327,454.3365515024785,11.032601158494604,69.88730743306826,3.5939600359842396,0
7.464720011789995,175.73010916794146,21822.437580081416,5.37114493937619,406.03700565448656,544.6571618519539,11.797600862410507,,4.886251283371865,1
4.037884410994101,186.89928182544213,28215.497807398966,9.228519690673783,331.23821861906157,422.79259852830137,11.475536484633029,85.65482702688996,3.3560256554866754,0
4.337380646304277,243.01131062846744,34948.71602431647,6.255436973565664,,456.20496746253025,9.374188193863416,64.26881760076932,4.394720313494186,1
,114.57085137312659,20318.0062988517,5.142857232061926,353.7795950488866,395.8992833447143,11.178382092015266,66.38668080418208,4.058914999725521,1
5.469598518668266,238.35662189457963,23929.04912451022,6.439026003652695,346.81746529547286,297.1337812221688,14.621645819825186,40.94007064554606,3.4425160217215405,1
7.579653258826486,207.48421205862417,33315.579164361225,6.743003259890889,290.23425045421106,500.07764565603094,11.922614607744421,86.45572071789003,4.1572388662237145,1
,156.68312821845475,20847.84244685776,7.544092972437408,,495.3080388029436,2.2,64.04261607250525,4.655255395610383,1
4.834437114876886,161.01372851654105,10431.753558384951,7.516502612725028,,479.3347567146592,17.8358446144606,50.127279695369666,4.03774184486321,1
9.41038154258527,251.48980273460572,40805.1973686216,5.8114747090798575,348.26655450757136,407.1851696731657,8.705649755860087,78.36870983136659,4.0458820387984815,1
6.721015682226408,165.281733787483,17894.92741094731,8.203337100171662,231.44512682313518,470.1440739808688,16.230345622974767,31.13114031401841,3.289228926274134,1
7.187369845453799,158.44783521160485,23406.15354556941,6.11007421667475,,494.12382846488447,14.383320291806259,59.454343073911986,4.862479742365226,1
4.814650383920604,233.76490215295232,32150.61540154907,6.873083388006032,313.2978939245836,552.8312249182011,21.288504022351333,81.0964726468076,4.784746330951684,0
6.2144314680049595,207.50161857228088,16678.468610559696,8.205103031395302,278.6190191962275,501.78267977760623,17.579929263839873,59.31766043519166,3.649763832824533,1
7.256366917638688,165.5310070434832,13176.529652157826,6.105922181767941,,427.0480314072187,12.609758788944735,54.78402283365196,3.8730550016032637,0
5.249920211898539,203.49262919130388,24239.003248380897,6.2204247507418025,332.8017432924875,316.1569718966023,11.956169608603917,59.666615382712465,5.073092124698455,1
7.677359849169618,162.6432517619077,6291.374089557359,8.054835518515148,384.15358647432095,434.4703036178301,19.254028623445635,33.87934450089848,3.085814759582985,1
6.1249844830291,232.56500758013527,19489.565411558262,5.764781580964069,351.91998273262146,442.62658513254104,9.394866668594325,77.97644102624949,4.44134494525985,1
6.61620693782869,231.26787732502862,24162.72868075614,6.512028602705568,333.7172692878919,479.1937864412253,14.911812587890923,64.41170384081356,3.53428125695772,1
6.1232864865552585,213.8623638172655,19646.99789605577,7.99807264130777,,531.3115400705192,13.845991266643585,61.99378781028476,5.35690074386628,1
10.025122313369211,208.26141569380192,8480.232363109755,10.36546605746884,353.7739625422352,414.19993561557106,13.143921712587522,62.05294178650172,4.019488448358963,1
7.058539412666685,254.27786554563926,35992.75100143181,8.07653911752514,316.6515352601175,591.6917846806956,15.450131288524288,66.62781113915698,4.9530952441492335,0
5.398239622960118,196.35968644452484,22921.971550574122,7.866770825524219,298.46644337412,279.70442304032053,14.907443138283716,76.97261665747405,3.37616466820032,1
8.387846410244071,157.50997875616406,34563.24752524207,7.958666502202913,359.04243586035534,455.7812101323485,15.793996458640674,65.55761190339616,2.9961476277870713,1
5.138858596546075,211.14870225392625,19733.94393775526,5.424359366974062,327.7953136073717,357.35358190368686,14.74000940932247,44.36872065045064,3.7872776233831327,0
7.412093116057561,264.9592269887803,14297.64333770582,7.302642847114255,335.1703719830182,267.74831798515095,15.662525450607088,75.711850846583,4.174893097198533,1
3.9641245030311567,163.00470786404918,24374.42174192179,7.0729689484284854,378.90211281352384,405.58259490750197,14.589038788603578,,3.571629288027198,1
4.968184182251496,184.48510423110176,20121.945477692163,7.628103573788955,329.0632309075856,304.1213025136183,12.097297003313999,69.72542683114233,4.561479792494475,1
7.393009365031906,210.06274573277577,11686.806212300718,7.304082722911876,334.40270519594094,408.84339728098774,14.29324417138313,83.79740434663415,3.806236217107865,1
8.254161862192703,194.5976085646913,34901.99615807627,7.719925490319038,,424.700050630994,11.915380487379693,66.89152698436168,2.346479013822048,1
,164.07185827719388,16557.669991638395,6.627881832059262,351.6212480655282,512.2905167025314,11.696953438340884,,4.401193343770541,1
6.8961192310026975,233.25668631285788,5877.585386273122,7.212602089447433,348.2698721432092,300.0469694083786,13.16734349100424,89.16867432752046,3.2816210938652173,1
6.6012451240130305,272.6529389399275,33660.207015748645,5.180030865629952,371.09010595876487,495.31053828749134,13.884709337964361,75.82182248778614,3.687954042292316,1
4.72915003531579,202.81880237270607,17592.117547485905,6.614546500755396,309.7924835711752,429.81686199161294,14.396595764011254,54.298433998014985,5.181442338760697,0
5.935447708652413,166.64423463348032,16684.343649927418,9.317517006119097,314.81722111957447,505.0415885947274,17.31321391857262,64.28388707463051,5.35279314481445,0
6.347584354173938,145.44017793624175,6534.165365996581,7.623717176612645,,386.99587003398426,12.630083886789809,86.44469063106449,3.5211151206276075,1
8.760824339688076,204.85225026255245,37279.65729112978,7.086944760934738,344.2266625992898,314.21799249777837,14.931579876631655,42.168381126995385,4.420673571892835,1
7.626353080413853,232.66548704823856,10707.18920741075,10.115874776481867,296.2444452130986,323.4917044552337,14.67067173315404,60.05818964887012,3.5392258974703372,1
4.276766152973253,211.99351550476814,22526.60836303114,4.969880734284295,387.89746948556297,317.4861215946237,12.265440368487324,60.850828946291685,3.74623907645909,1
,196.29096171058808,30016.46518161843,5.367060222394973,263.43017745686154,460.50693983904733,14.524082002343663,,3.497495176379129,0
6.467719174138057,176.99474808916762,25711.944447222966,9.82608402981651,366.2650744801846,541.254837835392,17.599007884236908,80.52318140968598,2.625011929290742,0
,160.4596597562292,21491.00698949463,7.192618278957315,281.37491746895466,376.23061761572507,14.897335577884053,72.49686784943978,4.044143074512293,1
,223.81662360956213,7092.913804996711,6.736718802662126,411.8893603528305,472.736714805194,15.029992805080388,54.89507579020405,4.194769001818011,1
8.719289240768562,226.41481091115807,14913.961096836068,5.225257166348884,269.802679311569,298.7654128614792,11.94536322457977,76.19719904941589,3.4466186386573123,1
8.560735389394756,145.5464046136087,23660.830410149516,7.827360100904119,381.5062220005692,436.4635633585093,20.79692279748814,63.83682532306824,4.818477534920945,0
5.745644138076004,248.6439056025809,15111.699065134124,7.980246593853391,330.39870480833423,475.92323065236656,12.133940414232521,51.9966518052625,3.6298574306657287,1
6.5883523223965685,215.24546174299476,23797.261660161395,5.390698909880864,318.5953215572792,304.8525556621235,8.759636745587848,54.86498012227042,3.4729747766099686,1
7.606708855931667,242.3886719323937,27992.004802234187,6.898364574830324,,405.4121380370481,17.12720943792183,73.4553063898747,4.380672432124323,1
8.631116752124552,152.24083962980941,30453.863929340198,6.589884985387756,359.9533120479166,479.75042329404334,13.89995559876371,81.59317983448335,2.766708047821427,0
6.318112961825989,151.46170176994036,11262.25046846444,7.524443891341658,296.31973119345537,184.78265629091368,13.27693157266518,58.524089990791566,4.677209644728189,1
6.784802227104531,191.4718890948513,41275.53469830681,5.351584617291383,,529.8213164467348,12.474216986837845,75.20906077876461,3.656308057232397,1
5.320927391330415,212.901551956314,28743.786356277014,9.098076978130788,360.68663351297573,450.4743671595145,20.475375406485423,91.99278226960368,4.74164313958739,0
5.178031467711733,255.43434385783857,21999.059323562054,8.567001574924214,,479.8159284885156,15.4536938221815,46.031474397929316,4.9747418101467415,0
8.371916057606775,219.58587468624154,31567.767796268337,6.546182617202151,309.58123095998377,388.5340278554791,16.09967654364523,72.15473854252893,4.46931968503857,1
9.236421645427608,188.39063961842035,42755.3336273258,6.778058435611373,459.725253641284,282.65956903988797,14.818257714057305,79.8400090851597,3.3366608316719173,1
6.965503906687269,162.62298045194547,9398.572083475767,6.904453002561366,293.684903006712,465.052968129536,15.1738642205036,64.86047596743093,2.9943512689421645,1
8.675617307648318,236.81241883100566,20038.85875092959,5.890272486249724,381.3219916346889,415.2150498998375,18.90944746095166,86.43542235164438,2.851423322598516,0
7.655001279825738,164.6504856013165,1158.6455001845316,6.419381519188644,309.5099191598739,424.4855711080401,13.44967107133633,101.97718327906759,4.830270347327023,1
6.054259590177852,249.91404608091395,23703.36844963149,6.692972819074118,,509.7903965437794,9.457536724326385,71.95548953689038,3.8648559124838573,0
7.654619012758379,187.01943272093797,25218.07498791753,9.668332025717262,360.8834127044953,483.48000228557515,17.15326090549394,62.62051813174198,3.502607000265938,1
9.52547814068089,248.66833854767492,21670.694249392083,8.61565692716209,380.5413879712777,577.1644080491825,15.924082336522318,82.20758182797046,3.8669759217996647,0
7.023036597815177,218.69326081714908,16274.76656535135,8.596754437591866,325.4854864934148,434.3244987775562,14.63741318064949,80.02467416091444,4.812884542984252,1
9.56778341274427,191.865588307132,4042.778498786538,7.704482468546937,416.159601737226,366.0262107777219,15.838193229523172,25.64531514942378,4.577417032580449,0
,179.29224729435697,25289.446250353933,5.3546233258886495,,406.6621504328367,13.052836630826283,66.35573870244579,4.312034801452906,1
8.386824981956606,185.1609489928609,34776.1691526254,7.054444054767741,343.48140953129376,455.4839137685701,14.3484924492476,60.01538062816114,4.467551124792596,1
7.218404838498692,210.4530528452978,16831.7032996095,8.65337176618914,343.93937053245327,503.9915238650124,13.844072159723698,,4.110534437287621,1
,198.90690559563853,25872.78629183448,5.1319418855996854,287.3080804716952,303.32431604472276,12.322173869095264,63.26660902484648,4.205648184691212,1
7.225899634691449,176.84548090270098,8263.706817674349,8.125754066859757,321.9391711987648,422.58001005878043,18.21616191207756,65.0218508270552,4.1423996802978165,1
3.9197654257845804,190.92403922875624,26023.194753902266,10.789722575915171,340.4698891384548,551.973156721841,9.605423943247079,52.433217551919704,3.9699522284105084,1
6.730721698338356,198.95361273716566,18564.689785465132,8.797670300663777,315.8815463935794,402.4763190455763,22.09451998870092,78.28468275410822,4.5576316293884,1
7.647808988703677,126.37722297564098,15328.774830881805,9.35416603418794,434.8830706492097,497.13437811052097,17.184068912473432,93.17858314336408,4.251800042836308,0
,211.43456761425242,15346.788186541475,7.464975225698614,299.04420743950743,461.7437585495975,8.394900980135219,52.68466786170074,3.283042275736573,1
6.2559503529449,164.1567661313114,18562.67929013281,8.649332479048685,,499.14265421934886,13.538009449385022,43.79564972548198,4.38252202070767,1
5.794495171399832,158.4484305825951,25367.483298982093,5.985791921320624,369.2545654606227,356.44515302789347,13.722113018359224,66.72365209680837,4.162852711775858,0
6.282206300700587,140.89011786699984,10508.29511889302,8.377464823499137,333.2058303888331,356.79743702529976,15.57714474179839,65.93635140444944,4.446902505753777,1
8.535489367146297,137.38681467010377,18531.956417074074,8.153933251816007,297.9430409894399,423.5283743213233,11.005157923851526,85.34569247942743,3.888718607380278,1
,151.80288609766794,21650.441811590015,7.578059654979508,301.95886462937284,298.055835155238,14.3860038865488,46.51162567051536,4.603157444738383,1
6.237681276010409,173.0573909131095,12377.087626946675,9.199291723155227,312.3257944664521,400.08956417364584,13.879094792214039,57.69588526811011,3.9221013303243977,1
7.8960952186502364,260.5931604418736,37768.2745874515,6.268719956201126,259.81459610178575,442.3274914604162,11.838483219881917,31.65016158866233,4.534626155548425,0
7.234353303463385,179.0790762565657,14530.155138398522,6.824449123971613,,566.1242497536806,11.377950113830222,88.6472352339073,3.6139522175586016,1
8.620145534947294,202.21442349409287,16144.085562220786,7.2708300253461084,272.3758227336379,454.43768405678696,17.3212433805848,70.45381208627202,3.6679418378028172,0
5.96373558073501,209.5378279883281,13435.72826042494,5.493214665678747,389.526142631621,472.4209650159641,8.664311792459014,58.90165545179072,4.439600968103897,1
6.559017186909548,200.6794233227771,37784.18853767668,7.478552471204392,359.39671229272,516.0029379585815,15.861779278477929,45.00564747639477,3.7112167528791,0
6.4565480365198695,193.82365901132934,26862.278200340555,4.404089947532922,366.33504717500733,343.9263736655015,16.91975911576659,46.49089737869208,5.690510501903566,0
,157.06874105285684,13801.517431812188,8.77418816439657,358.16941943286747,408.5480192271769,13.556571900099842,73.10283843862472,4.411827089687641,1
7.550831240532676,244.0764977874205,31714.158860072755,7.193687039174226,340.69579895850103,617.9118456695905,14.453354099489736,48.48186276218051,3.989440319200277,0
7.495077882766024,255.79062564281367,23773.93054978063,6.296989211832054,,415.495341986884,18.13116844899833,68.08280774654386,4.609522605871902,0
7.088130396061513,141.04418213724608,24269.83463075568,5.801689692573708,308.4822107995914,512.119933116578,11.946941499503371,99.45484785316481,3.595069280218317,1
6.707006457933517,162.69993993165585,18993.517481649505,6.7493651332016835,,499.7792952331305,12.288530460376998,60.77603226075281,4.689951559001754,1
4.829560520139841,187.16983594264406,15442.783459248692,8.207450343020414,,302.42884960318696,12.639949015561289,50.84382889649456,4.668283468997555,0
,164.6559973033529,24975.815683187207,7.985427586405346,,446.98293516761953,18.13722773342906,72.5808765842257,4.947756565068049,1
,213.00614739762887,17234.454467677566,6.005250043300032,,433.7501307036263,18.557492302188383,46.56668963415166,3.62616856554811,1
5.804379141937626,172.42440998487058,37944.43891082337,5.783257317248338,334.9631938942476,448.5572692332639,9.65960332392542,94.22934970072976,3.0162680617725592,0
,267.5570435094811,10884.222093298475,8.157899955985043,339.661203042841,360.94262938328654,17.610656873601517,89.11056623678847,3.4940793814220124,1
7.722440862335116,235.51523778201744,35483.98819375269,5.978691100708254,,331.6205650472593,16.99058649400951,63.74370320533004,3.7503281975412577,1
10.079035582924742,203.35943412718723,21037.982881997068,7.214657443045616,371.67744989328344,383.4188717983148,19.422398822588928,51.88179632455613,5.270425048664369,0
7.357578722402624,230.1373083379528,24636.64419476545,7.315532335188358,335.35719156340133,413.98620833565474,15.554707586338315,59.511043458494676,5.682109382719644,1
7.489505121249195,232.73200595286832,29319.69219773386,7.613058168128247,339.1699613260209,517.6604430550575,14.13349900187791,61.61613039645778,4.238836597622306,0
6.961630993931794,177.82740659264496,16487.704939302952,8.476067279687358,271.47816784813466,568.7650604502235,18.07066723255219,72.60611619102032,3.9773246742545076,0
4.029153767674524,169.5327769994602,29592.31245861692,5.12451855974963,310.73118748145396,534.7630379317573,16.59337154987084,83.22125108809206,3.6970718922301153,0
7.0378429380357455,198.939343910442,320.94,4.100368266088429,355.2028471533041,491.41016873538865,21.710613750832284,49.62922563432602,4.613258473164477,0
,224.7005957734924,15700.811378676102,6.223433295659205,,340.71922000094713,17.45332296682365,82.75651676724561,5.6770934857533835,0
10.996554958851606,200.94230590772437,13911.380589433355,9.966414884374855,384.3606853651693,388.843011137349,14.788243801963159,76.3941532152868,5.362963695126852,0
6.774146065998015,144.51835566556002,11022.634785097343,10.315035078138058,328.78884616838985,438.85622355601845,10.393714500954871,58.18396603874911,4.8576217578325505,1
7.559460274310444,169.9731322828963,20129.24345546605,10.013259874194102,276.3185926136935,370.7762769426835,12.357164143487468,48.817001527945976,4.846175974268808,1
7.024808286168663,193.93777224501684,25396.565598498964,6.81508943893811,377.54977444272856,468.53976083730896,9.526989022727266,68.28064536579376,4.61920171127821,1
5.221801920184944,193.88211492976671,28175.413383041057,4.304258170463971,393.2628207188591,480.1196872691115,13.568144660638541,49.25585833370029,3.933113296347343,0
8.897088275078882,261.2271867728489,24126.234706884778,3.4179982193900913,,465.2329628565411,17.345283733600716,82.96315613945097,3.3954923864181796,0
8.275573521971971,150.79871645392095,16176.910254538392,6.1498197047519305,327.0022933530827,504.7413787403437,14.267848697129493,48.215576746900936,3.953765010324206,1
8.337740795798444,212.99377427156355,25249.836466220626,6.807043664364011,,348.78093810770935,17.66191063959584,,4.299424889662456,0
5.634073946876365,245.33203900183418,23103.897815298325,9.174988133668414,475.8054719991002,497.2812158647314,15.397369057683134,65.09562721729198,2.8361655589997303,0
9.310442954388398,271.05526762950154,30221.964032478714,8.491132626077064,338.5496088641245,365.66793472128575,12.945764520914228,57.32908937080925,3.8506984310943575,0
4.851056810160273,183.07341272571136,28826.713865224207,7.4793000248067605,279.4478662072069,345.84355630740197,14.57003926361258,,3.325772763418807,1
8.01310277914243,212.52820040544017,22281.324568812008,5.714045261912997,309.4960732475498,464.89562596494335,15.842640047392367,83.87412768468138,4.76079610563315,1
10.562824445037865,215.10372054469153,14146.464207764588,5.601968297973073,,520.1569012969217,14.740829448914567,47.10927512248048,3.541227446317766,0
5.505047243042205,202.7974393334722,16288.65085207549,7.521521745572868,267.3090054426022,461.3312499689091,14.778764797499834,59.73130693699641,4.226011858945171,1
6.179586609931593,193.11996978325163,17193.22351475873,8.221340546566768,340.7966753628579,423.571381201297,11.734444143888002,54.236789123361305,3.4239841715102504,0
7.23844567048935,210.7048708067615,19249.655082411937,7.7391723943480235,349.5335440560838,446.9566322255238,12.846848562048265,65.7751747791818,5.216205474249515,1
6.279473709955243,113.10974871797674,24364.508937850682,5.485335223821485,397.36474246304005,432.91602351819756,21.755505235271873,55.32186315914526,2.6434095895030234,0
4.614445144604849,218.79644483325933,28285.14670204519,8.148054853491496,388.0482709377691,330.89064857433743,18.346224083301927,37.79244549818459,4.341155493938294,0
7.189015129941583,200.51872947240548,21565.85216198615,7.79293932802023,369.59110207435833,321.46143988555195,9.40158663155984,49.327874490634386,2.973739018616853,1
5.390937095175493,189.05502539393063,22155.481331440446,5.4283470782195185,244.20183538448816,415.51929242095537,6.445332750653942,92.89887619994666,3.5727205326218163,1
,263.67082899525906,23270.681366833884,5.8807728669255965,,428.3440294668751,14.53219691499527,70.3920624586119,4.130825628873914,1
5.618115467568253,174.17816946216664,17490.33814842716,8.207823639807275,363.0023644506154,422.8058828196803,17.237395280550025,69.8360180306147,4.169178484427134,1
,183.1168614795418,13899.723211399705,6.7494780944694925,,476.532532415186,12.558992518132493,61.82733152966024,4.148828136054422,1
5.834627265185383,261.85227257649166,6621.40991677823,9.630852736585602,,404.47517179959806,17.661690390335174,65.56470063791365,4.088364329960891,0
6.567922189232976,169.0118242965367,15918.62419324788,7.911784256182031,301.6060246814719,467.38997748155043,14.477456610173448,59.44564308858828,3.4693614757387152,1
8.373492375617776,178.2822094970466,26162.899027160318,6.351122722660955,,410.2044974646765,13.740267164103713,74.92570363224443,3.8420384079907275,1
5.122925736870011,191.53580407759367,15850.56185174939,7.103875151382327,250.31835043561628,569.2538713117872,16.782741233139852,68.03108726191667,3.9946745326195536,1
7.441661296020566,224.0133497724196,19928.862345838028,7.220145760367595,333.6592544283992,428.4132833940314,12.51949112549349,47.44888035963361,4.122381109471929,1
,203.20254644177695,26104.02539386502,5.969143305078099,300.73420772984,611.0672014635052,13.331002074829907,70.50526246022584,3.918769231210549,1
4.524101657047648,153.8684785856336,26579.79229764692,5.67811064687935,442.52015713473827,450.3395767919636,16.498253637651832,26.61755568146632,4.539080528367875,0
7.373567835066364,178.87229764437802,12548.130618482435,8.228196032219008,326.78946626848176,404.6206110730604,14.176079448311459,73.09624185078658,4.042841836717735,1
7.493213642854993,176.4001862359825,30756.874761218707,8.455531809326512,,349.1966145586931,20.598049464880305,43.59660605638509,4.127034254744859,0
8.323098366125924,193.83097203306627,31899.338173019827,8.073974721893675,268.7879183972066,305.2757454446572,16.57656211655342,64.84582870576817,3.6715311683170166,1
5.11324836970385,210.37173949574878,12106.922437489053,9.514202589031607,311.8236893476783,341.7616345751026,16.36137377178144,47.070925380285665,3.1490952972407507,1
4.980473985196001,210.12060525359652,14790.218739970665,6.2639982871016695,,350.8002180933663,14.116139621524624,66.44567936844551,4.090142565971327,1
7.9098870893308675,137.97473352688854,32458.2520315152,9.765347810392386,296.1642634486703,453.7993540497121,17.175437979908796,75.75654644188928,4.911807914291092,0
,231.35237967100096,20726.394619126408,5.6965446326844384,316.2924476353875,379.36531471091564,13.21216827202655,,4.316211759969723,1
,204.67446365636897,2549.811683312124,5.519956809877781,324.7524734633926,436.9974443874545,15.214670356470394,41.460833141914286,3.3323547258524626,0
7.630852653100192,241.89341372488764,9740.88474804611,4.339264966204185,,525.4994912472837,11.247070014414906,82.18315242275897,4.605497220138512,0
5.998760692690199,210.9752410013173,19827.47498580134,6.415643404153629,,414.7933290208711,17.72055100828326,68.52205077300749,3.708608687120714,1
,232.58149885035186,11815.869107993949,6.324118707809463,,589.9274443700871,15.24190154793653,59.10820546729759,4.527430104774624,1
7.545985232544903,211.71000984048018,18388.95472751042,7.950980902802348,353.64132751702874,326.860956568986,20.84211824083997,78.69447825186207,3.6823392253809946,1
5.944181245338076,240.63390286394636,22298.158467419416,7.505347687760312,356.13250075337277,409.7198376203383,22.198507649946897,62.58273590944136,4.245579023065349,0
10.046581472720163,213.54160091226456,34835.9718533008,5.235102073789764,359.15498454930315,378.3027295137607,16.80658738424372,78.00964375536299,3.5655720774330097,0
7.833394344249742,193.15054669695732,19467.224503782498,6.499492543287208,330.34682112790307,497.57846390152736,14.50648778009816,50.34507604158905,3.5854190527531395,1
,271.08765360829346,31418.747847479706,6.533090006681457,320.49468529334615,240.87004043381012,11.148526464864368,56.158108017446,2.7483130136653235,1
8.12392023772779,225.60154058056287,34542.273494030764,4.31394804980021,340.68952118524703,305.2574223286493,17.274721848786708,81.66744885421663,4.369418358945705,1
5.5302561443385585,215.23471656262512,34590.93473739053,5.570104171318876,381.694819563996,413.2142298095132,14.976041906493204,90.43378047136943,4.258732315159863,0
8.331464519950499,154.40511078421952,24510.980584922894,5.902114463629739,380.428785765035,547.2723474119872,16.06089531760127,65.83318387170691,4.3026253186835355,0
8.922166970621772,154.0104455377989,4798.851676933606,9.385127531317096,323.822695136986,440.1425370268952,20.005596252480164,21.30166518774348,4.184757837682813,1
5.77511511382078,205.99448505282413,26054.86509003437,7.422492131212617,365.58408583315315,312.6579347463646,11.551158914524322,63.179382607395205,3.3754449740078236,0
8.611768045498472,201.15473698261977,31207.05780428518,8.16622663123705,325.72030325689695,325.1349959787756,11.220553202326775,66.92465458636691,4.723401426304993,1
,176.17765006252657,21303.247411292163,4.752155914504245,,557.1010277839291,13.497430143993048,62.633726765104484,4.744367854071971,1
8.38707565439124,201.00551116324453,37311.59578562572,9.006858883162106,314.1666615360251,371.68988556128784,16.998175805678535,71.8419579277483,3.355174777166946,1
10.095900842419777,248.60405339407345,29553.600772076705,9.175741259578068,326.2562583465038,345.67970023861005,16.116610565109955,58.68359737147534,4.385056713252967,1
6.689832895555436,219.23483336321382,26997.03488670059,3.962614951911491,389.3378914807477,541.2912503501861,11.315271026286993,79.9729305257705,4.652493124587022,1
,158.85364019932996,31540.095312858175,6.00559957621296,337.60808392279114,503.60685999154055,16.784190101325215,47.522579247211745,3.6033233467918975,1
5.665672056895418,192.70358976354,24937.266876670597,7.903309605364506,339.383401504237,524.8595003688224,10.303985569463299,86.41221208499,3.7390921623894053,1
5.782861646904953,169.9027021095678,320.94,8.138133756590328,273.83623958313535,345.1076152369167,11.507075057905281,91.48027537169048,4.386608458405194,0
6.957408282031574,183.6224267484865,17637.355164305496,6.04797832583019,320.9711173458523,298.63096209321935,13.897836280103782,51.62669343818423,2.7919427798568455,1
7.622431639958464,182.77031691409735,32511.54164868471,6.637310848375228,323.7847366868933,432.65251567029384,12.44814257582202,51.61795482174245,3.1209565672034802,1
7.519938370934731,180.66501324398033,14932.668802954286,6.176137923548675,299.4368768329341,448.9748940750135,17.225434907434593,73.04505017692041,3.197975493861742,1
8.395221365967277,155.10114896951478,20054.555694754534,7.294460514174869,334.6773813527616,451.3571177754245,15.227912778733621,47.19077377036005,2.5688732354361137,1
7.100673008085872,192.17271407168192,12852.369642998947,9.011542079709823,316.00326953877055,541.3568256783441,20.12400749794623,58.42968554556447,4.816253023866235,1
9.391119182680134,177.93722090046046,37656.54015060837,5.9017533917168965,337.0934283241891,281.7669437855334,13.461816440676888,84.23888615545832,2.4192571849305,0
,100.04972707272542,36758.37431734189,8.701296386474095,338.8126546667002,491.3705540458854,13.875510880055138,78.33447744923727,4.237626317476466,1
11.405068974877494,263.8717201656147,14263.823722135856,5.8849581256919175,294.19265449898603,333.2607639320138,18.286366435994434,98.43957680853757,4.603113047909072,0
8.07481108294636,232.1687462306442,23305.68282727171,5.780749004254923,,491.0505286319732,13.979052141660237,69.16328750817136,3.740995155557652,1
5.71711948529811,183.99723216446614,16047.130307597605,8.413379496982277,336.9848427919537,383.50399914058227,19.225157369911976,56.51664112313897,3.448673252709629,1
,196.98877035547088,27406.27511347137,8.576659477252035,,356.10479945612883,16.070141376372668,67.22912001854587,4.151617111574579,1
7.847131140236665,157.84600506019856,26483.28174061477,8.465227700084995,344.4133081371995,372.5976632243655,6.4922767846794605,63.9634806683683,3.971429740463696,0
6.7246941713318975,252.12536822242126,29131.587124080932,5.041040095015337,,305.0557835732382,18.177758070834727,64.19050597309328,4.752733792684804,1
8.215260785606427,258.7528522841399,24924.540143017948,6.38379745464616,350.3067771278803,425.1574669173408,17.301125751426568,66.01485600301105,1.9197535104895933,1
7.832447823071936,201.52208978474573,47753.40479915173,8.420321975365248,404.5066749957073,359.44253656682184,17.428910926225903,51.3240146508679,3.2534081686044605,0
,230.02368758081414,13000.668511839785,7.185636108090954,371.7499820946371,485.43862302136046,7.954661567015195,70.96628327542501,4.408029969454524,1
5.733597988271236,202.13342929134743,7014.544744388615,5.423565303008006,356.4585488906434,473.61933246908035,12.085503228192831,,4.009349005364079,1
4.671392912749475,152.4184675697594,18567.251058835187,7.8441423438181985,,558.3268530156035,12.33138700092709,54.80174548404672,4.5565866441735565,0
6.370041226213436,182.82924762847495,8265.075134256205,5.990604530793477,393.42289639597385,451.49658721978983,11.495888273375101,64.47654161239775,4.174375581466936,1
8.441674082974322,200.70779154746197,8927.330113093552,9.955349260459695,378.33246180821146,463.97117713541155,20.045763580568934,29.84042740123253,3.864905090671776,0
7.420409053167024,181.42447100771557,13233.992362639334,9.560849510620848,357.25521498589336,535.0460667919239,14.241048456803771,,3.734215014387067,1
5.099275341847939,189.18068023793603,13927.812029499395,8.074473933641796,378.0431607354213,371.1623009071224,14.158983279897445,33.179960030667374,5.783542912382957,0
7.35535767210338,193.3647825491003,13643.454349783762,9.270390593536241,288.9780115927426,301.6089712396425,16.10714750714523,77.23392883873252,5.167258093744579,1
7.692654633768851,193.71071499018365,26558.129142307123,7.2223703331949425,,438.0616018587568,16.164388520713853,45.48234568896234,4.356493976514273,1
5.674666676440198,198.08825916755725,17575.535784638952,8.329391241112525,340.2870261096674,306.9127630180919,3.2415051278285034,59.84841558441738,4.031201836889764,1
7.324422918453389,161.49730541687975,20440.00388421042,9.454798066577279,336.6247549937253,620.21732354583,12.140556552035607,74.79953386764177,4.389743388495679,1
7.17255186232914,172.79450901667346,29855.23267950566,7.507887917235014,311.25124558348085,539.5233719658202,9.603669807510872,101.96589742517803,4.6149310799408685,1
5.262677226449309,154.13286934378502,15294.53729887733,6.716804269007432,367.9868175842637,596.7825672574337,15.605013168342452,68.28419299930492,4.296684814849518,1
7.648881902953771,228.52057527368228,19694.400768994736,4.4266973060801575,,426.9369646539141,13.323766108554302,34.32110600973196,3.383923503758485,1
7.971647396925492,127.13632855229012,25221.282041254755,6.988649029360039,311.6297331540857,466.3873578429631,14.330932838499198,81.83078724604682,5.361918398825118,1
8.80205147664869,234.30005048826052,4989.316830515549,8.421008631608451,313.69314133116916,384.7551955895873,7.400099631172369,62.64756020938109,4.162042417648135,0
,241.9531681820023,1101.8791013811933,8.614100815556855,266.00438006118037,493.24798278752127,13.254389136274451,67.53108966914377,5.540865423704055,0
4.889505704948226,186.4343023000114,25049.04402577585,7.916896803835088,395.69175832109454,323.6497976020336,17.971081133566617,,4.11597503976432,0
5.588858186534955,110.77885255223842,26328.35166015049,6.2647474299596615,277.48188345196513,216.35720842664838,18.945277789068175,30.39338465726555,3.7783903853420835,0
7.898906074861769,184.4901087225155,40114.3487478628,3.996621921062807,309.4109548263156,357.984767732934,16.659437918679714,66.50576619635547,5.049629296756242,0
7.896919661950412,194.2596247768236,23400.355985679435,6.337560145152518,371.38852156828864,304.2586337006085,9.859609878686726,59.771152860565394,4.2049258273006584,1
7.898925821226617,163.14153052873732,29202.035092557813,6.639135103734757,360.53919812481803,541.3360388164136,18.44861996790393,86.1692887791693,4.074069654917246,0
13.205843070141007,179.429619211585,20300.07444163134,6.625572231839778,,568.6330519195911,16.676447464050053,78.16470069082087,3.0337159195987766,0
7.987715912002136,246.682818138627,24620.347698374342,8.09731904402512,362.04870304757554,308.5052723675724,13.892104297246377,40.07510888939457,4.4849698880059465,1
8.885549367887153,218.23280509648126,36633.54832485971,10.257368729403447,345.78287310602354,526.2864553998666,7.577129798972746,86.8292862910076,3.5852179012943917,0
,165.97033191924808,3389.710294768098,7.315176138908927,430.41433298265696,498.7809343665322,17.436399286692932,73.67331592643222,3.6207228569223004,0
8.115712089576219,143.84093930370219,25640.91310765531,6.7775637731327905,350.51121203354916,295.02064834102043,12.319929447755014,41.36563095320693,3.5873719005839666,1
6.578721901021851,185.61767059699073,40740.13173375449,6.7104295354535335,327.9297637713414,390.3485781501066,15.425808867691325,67.30208521451307,4.312446391062336,1
8.286761060584295,189.35154109495758,24487.126793532465,7.316527931714188,298.3036889361135,375.00116797789633,14.506383678707353,83.14348652218774,2.772406506610962,1
5.851207908885261,212.68502928050583,36487.25456821465,5.81129585864953,302.9534397407002,482.34298811705025,19.3720873984907,46.75677014176249,3.8055406326738708,1
6.703458415283386,178.76878649077537,16496.79922200062,7.309913722818767,299.5766440657089,322.5800528598568,13.865035276348246,,4.734617613065315,1
6.3082719589517255,213.18810603789802,21733.079304100887,7.832283491404244,390.5709128722318,413.89911439420064,14.229974016815511,41.925666434616645,2.9983782819147944,0
7.210179881624253,259.9978648371804,22308.0536996235,7.451303980447691,334.5243138799822,366.4527733907919,19.505216942484264,53.597944281851795,4.104845589528977,0
10.760307121010879,223.18367361796737,2568.9873892670657,7.8429162557275545,357.1925358750333,460.14543444118726,12.101284373186875,51.14434988339479,3.4775084521887494,1
4.111048343779121,194.78884987896421,11770.84094404757,7.805321222770686,396.50013559120833,404.36886799898156,16.97540863815974,88.67878777710456,3.6551193668168063,0
,190.34801251176768,12396.064085165961,4.320403242050618,236.09241522976677,378.63144220753725,13.622581957272283,58.455358910634004,5.261018763104127,1
4.5157817648084535,184.64258734816585,29222.43394985368,8.126254850264736,386.7509513338895,404.65137075741546,10.961586105763683,47.58562089694506,2.6826184368348933,0
6.329628333394801,235.18947320142652,29661.625557908035,6.059796543853324,336.07454008606567,586.4429817501378,14.283842866046088,73.60351202082953,4.567191663773861,0
8.811431449178112,175.74393389712117,24855.426230423225,5.388574122453747,351.7997035533472,388.19617140883093,16.56954392604244,77.0979084277902,3.597215950353774,0
7.182205230361786,197.85692267191942,29240.293938282037,5.374966111989107,299.4675385551874,337.7559582583043,18.760779570322253,77.20073401376905,3.5584220915863796,0
5.366385803092403,198.05338701385008,20574.734384090236,7.804995744546597,302.5027474162623,469.0431010591851,19.161237091494208,62.00973230664317,3.1029813728591513,1
5.94266710227665,179.87133574035684,32553.31197957435,6.768331614984732,,410.29033621723664,13.304330914313486,70.51836499077783,4.558041717073436,0
8.160560420806135,151.24333278557077,22091.152074410307,4.462489321303051,,307.5107937073717,11.012205041973372,55.879228664810164,3.8207043992984673,1
5.918717055569752,206.98940167894892,22521.474950344833,7.875299748003808,375.3372374167932,602.2395338110633,13.224974242398543,93.49829114900012,3.7222178572401714,1
7.42416915743534,194.364189405395,19685.22240375422,4.845419153337852,386.1979594051559,393.4026516176871,10.369133206477184,84.91323946708533,4.055672804779179,0
7.152459225447064,212.81790663507442,28015.741924688453,7.340917746458773,325.827307385772,391.3505907308436,13.560451679931367,83.92224149387813,3.8371760419213956,0
6.043955447306751,178.82522192428019,18320.778692612508,7.496828302563426,308.9195410176633,434.80789314121245,13.149087911218599,79.24879582139997,2.4094634537922515,1
10.488871102027268,236.51060430497301,30575.996881157662,8.51921178907817,301.4390589055981,561.7180372874584,16.68799257575889,74.80928489099912,3.5871571372776607,0
,167.54167807375455,12086.761009191845,9.935061962617626,313.55570232306314,286.1329827107348,6.978354554483407,46.266215006456434,4.668443894939693,1
3.8600232872144047,252.66188453850833,12378.165896278002,4.963811405077144,248.75375161807682,444.195176350168,11.851757698453222,76.6468140026164,2.7948391579923997,1
7.37646236048339,138.90771155684675,28041.83962219961,7.037091307420382,303.7538408174298,590.5833361161609,11.87853441229726,68.24881142242452,3.1198484381120437,1
6.027759521018263,210.6652397226306,21237.68385633383,6.683390233830137,310.57017227600124,432.2938519773784,18.209391205470563,86.84123089450588,3.6371027115891503,1
8.435369002325997,212.0021608414754,18034.111345062163,7.805324503818321,326.5166644165657,322.05030779269276,10.593175110802633,79.4640423709477,3.4040137334630294,1
5.819892025892006,170.2120836061038,29818.623531252342,7.460756658075118,339.2370895457328,371.91116634372,15.030235860438168,75.3051560070759,3.948249323929546,0
,210.3240726768701,16689.275782287183,6.56297693647614,348.79271497847276,438.6102460549438,13.855894948270523,39.14924277596208,3.117400133690582,0
7.882929773578927,238.44057386171403,20258.611287579406,6.423374541994848,333.1617910734126,529.4455724620136,17.732470763828424,64.95997131767496,3.667473471428689,1
8.456550758730494,123.48099656203836,34283.31822615546,5.356007648809205,309.696627363683,394.464877054294,16.25220347152991,57.37330323475885,3.9325642653525197,1
5.171528712781316,212.900249270298,35510.167399204896,8.680821300202284,252.4576849959421,488.69999826848914,14.681316752325456,70.48328065328214,4.476173524642218,0
6.548143035012892,114.39125542754705,35801.773774630085,7.845542606927256,309.9507174399977,305.8834913980704,12.444052645113493,59.67642896805803,4.940935721157685,1
6.32483695525408,164.61894126015693,19540.250376150612,8.570073752516317,293.5010945870042,305.2086813693277,8.148746314706308,61.93519734281031,3.7659932199943174,1
6.041206520207798,249.93699007794308,32805.594571559675,6.629574104368689,353.08448471369974,382.87004834048236,15.09785352032531,73.82716858139047,5.442686988171744,0
9.887072242046944,177.24100674206926,13693.130703012403,6.0821999594628,371.44268397105276,538.1114813017971,16.035921233133877,59.40800532245721,3.8265544271752714,0
7.723920920427919,157.772826770233,14061.84865979838,5.41626219472582,372.6556135976227,427.4564483655028,9.067188202708898,68.36735111030752,4.616522615640094,1
5.075194512607278,189.86180747098368,1403.9533243536061,7.687089782310242,,445.31254082569416,10.196472316072501,41.81591560565373,5.476576033086888,0
8.539400495817095,264.3627603988176,36682.75192912139,5.477126705245389,328.24936403755794,444.36439291425245,15.115212211860246,52.93174410602226,4.07866055920403,1
,136.14428771186587,14438.222214786972,10.04088764896715,312.16060047798834,511.5361891526596,15.402558981348049,77.0147849173439,2.8986492351695228,0
8.721619764276323,161.80293010529834,20904.580217207324,5.053924721872364,,372.57196362909065,11.000957403595283,46.495491551851046,4.0409050086219525,1
4.664201754133119,245.6055537429461,14031.847285097909,7.552382988355753,271.33939487435543,477.5172024680189,12.379845798089793,86.5558317556165,3.49291854720017,1
6.31006782414266,257.4512530555206,28109.69514155022,9.595630437397782,374.86258027503544,354.73806310722836,8.201221944331888,,3.7559430189614877,0
9.09438872720673,192.96918134533547,18720.319951643753,8.066561819636819,326.5434688089404,582.1780960515158,18.8387435216218,62.06003964620226,5.518281968346268,0
5.954805549666139,155.629947140924,10572.711759056354,7.397564465737012,282.1565850382234,357.2023909507415,9.977415711610423,114.91951782702989,3.016244529885377,1
7.785672890752504,265.28133433948517,25886.839110444966,5.589795837800205,299.5467272180821,350.5752965251859,16.074878585032703,86.51341588958539,4.20436412139857,0
8.311668144952645,248.7952658407136,9442.327916349775,4.936804682063028,,466.3143143261041,14.16428009573231,51.040657581501215,3.285377401349055,1
5.606180550190848,218.69377695762222,14671.239279170342,8.336679172089786,335.56207416932654,428.3385010283604,18.54855488095795,78.47309618886679,3.730026805863287,1
6.985354683861738,169.65821076693763,3539.685316163188,9.499712640424416,377.9945183913478,448.3062114740087,11.657638952915555,67.46566441305367,4.550977021459498,0
1.9263849292901742,194.75791527324535,9528.013616127431,6.4266170150444895,319.36627285575094,440.26150095168913,14.482746471226681,53.83279836989473,4.218167875908958,1
5.451223650278479,191.09736053524597,23579.535521735892,5.320282817966166,240.48006181766124,333.7645024923828,8.65820693042437,49.088870063570745,3.794474830209961,0
,207.2483908957602,4787.918232371838,3.2360922997325505,,552.2816686482039,7.863476169729415,82.49737415849398,3.46315574629359,1
5.096024740675889,244.07892728575834,9026.560033453763,5.57039154701319,327.3104486579741,494.1060810799578,16.253864162594716,56.72524238238152,4.216540989879819,1
,225.28523231259783,21993.317993065342,6.9404221888515165,324.46380403465065,531.7203350614083,8.371564472679285,64.7516405755005,5.301995639379629,1
4.806075209042595,160.94587458874116,17247.434879125343,9.64661472052204,,379.1902975420955,13.524599961021702,51.497800481294774,3.266945484753574,1
6.380329266151795,241.62920327664241,39481.40268497371,8.18355123372809,342.7863267236644,455.55343288388013,17.627387932790363,54.2948045745088,5.461097830657063,0
7.287877517884885,206.66578476363256,38094.74023657296,7.6020349394366695,,437.8413191178077,16.751526873673388,64.34628554284359,4.905608011565619,0
9.371624529615124,218.96072336784118,14403.651130794118,6.487810935144213,,513.0551722496058,12.080222034890154,72.68078949627677,5.038095626710659,0
4.7969791796246914,244.58986345308045,26899.39020660422,6.198598166735589,,515.6612540144698,9.022054618488948,24.52034873373757,4.210577257125089,1
8.929430365926386,159.82124139599443,28584.22654977645,9.340923204062584,315.9763244652159,437.49236589507484,15.9664279920798,66.67376235051802,4.883481224897718,0
7.0962705670211434,195.1920549721315,16775.054809892958,7.437166894398255,313.6256215609989,299.2091895244284,18.7228699512672,54.32776201637413,3.1831115996885115,1
5.519401244833758,178.895774351309,8900.329349307945,3.7978909067647852,,565.722273714427,12.087991959616787,,3.448925751878161,0
7.8147445240786,144.81878209398383,21906.250186350844,6.055807356322356,356.94850107041333,466.824904390837,11.621034438672444,114.01373781236796,4.5673347748579065,1
,207.76982406364976,20498.48060119523,5.76401866980083,,372.71611831476787,12.542574502903614,60.58686521444889,4.200759143074577,1
6.125655165317516,278.94997941609586,18193.058504798337,6.2569028654996055,384.5652519245371,454.7467356147143,16.17202483277155,38.53434188766052,3.85426417837174,0
7.19098531513413,135.86824376065084,25892.57642068106,8.009398843250434,,299.7634194140671,18.34639327723336,68.29106937328241,2.017965065326211,1
6.467351380989801,195.3086135086934,15431.264889898917,6.950237086765086,372.23385908982016,507.18363491300977,10.17690145433047,63.07615344879995,3.630330242530227,0
7.260492578949484,217.43105170525857,11912.718864223954,6.998552656934214,268.3635233870498,302.9866668273588,9.320687211135397,98.29645350084088,3.054238051367353,1
8.132787772488465,200.41681127045524,22970.591661320424,9.195287594893873,342.23605337807544,404.042156353563,22.025387825596404,93.36541557581629,4.354956762822972,0
,192.65034963328247,25398.495774596668,6.019591478137032,,441.64680861712054,13.693061572083971,80.40176702425242,3.8208885477175563,1
5.11187335686531,153.6517659699013,11696.596444266312,10.065435250902013,403.2696750450701,505.84902552239276,15.117075153734923,56.9072897659792,3.4799255755501264,0
10.471523065703465,204.0240281078726,30152.117488818065,6.0593340056336835,372.20307792729267,430.5009407494261,11.989708917555614,77.3662630408054,6.031470176446957,0
,171.48760043571633,6489.502209730816,7.260933150647863,307.66696019734644,473.2076994453663,15.901775244288489,70.68780288972516,4.779776091821503,0
6.838661698893422,124.36537434030517,16944.861669309772,6.6756983192636286,349.2211340462797,419.6135504591071,17.45780149526204,70.30460942938414,4.793580270257726,1
8.015424358310478,235.64819221049146,19751.72408975373,7.315002230931519,340.72536083146747,419.28873144468304,15.272325327906398,41.18784105017187,5.687727812852095,1
7.526777069698702,227.88172575640635,16435.31783995167,7.8224553522155436,,428.79827137314936,20.042240234917777,83.57984857618001,4.595709590492826,1
6.089907763485256,198.06861291886352,17059.31768343322,7.805459679340425,291.5795449185019,406.6103388367111,13.198475407294985,68.1443387520758,3.368655872611165,1
6.749085621931933,203.9019757482035,38420.73757333246,5.930074617619484,348.69188199016725,285.5813929541584,13.409859014252904,64.76838699672878,3.277440845680446,1
6.296128513892456,231.69357625808766,14553.053303376186,5.345794809632839,324.3299711124813,359.7940952394385,15.045955022728245,56.68946791075717,4.722624151828303,1
6.142910036458703,203.74628791486336,43420.113559015546,11.075011429631022,,441.67270265864744,15.81902304662518,53.559285035608355,2.3637036617753626,0
8.430867334263429,226.09409720055203,25847.066766946307,6.355304743431126,303.7759664606397,401.7560404980417,15.034505437427235,71.53324384509393,3.909331887812539,0
7.647654622684425,186.5887852352678,22821.281915379812,8.224755653101738,309.5466834407528,409.2975099780583,10.02858626077865,38.09854586593624,2.2765229855059705,1
5.97827374353556,239.50802532431138,26190.036875504484,4.57992672937335,382.4005364835888,395.75655643596303,15.314425200107308,79.17408993113769,4.047097936543815,0
8.510363801938869,206.91743466866666,44197.93856425819,6.67821190255061,290.2249001335505,352.0939778994145,13.041485434300622,49.34457402940981,4.636174795555323,1
7.568606238193809,202.75042790576114,13301.700193516823,6.9190249733077405,293.28141270883833,382.0377015638959,12.356966083412923,,4.187944116990834,1
8.372450768953946,154.61039140314838,12189.627048551945,7.867047810485976,,397.09185841851377,14.387515601233236,95.87826621168301,4.701725299997067,0
8.081109858658543,205.8051084894402,15394.99291472535,2.8185224572327368,301.80830065979774,422.3056686185923,11.0973599049403,52.51615154158855,5.502565014494734,1
5.7618979326339055,169.01532231278244,22295.93943417904,7.382502168663763,297.1221140516748,453.68283780004214,10.521854717979604,,3.8580400189356334,1
6.189312146086818,175.38326395174312,6881.545088102215,5.30340850051873,338.1322467274475,407.29792549061455,5.622797742387258,84.75683019571065,6.159967610957528,0
8.268196832145986,169.56044934096593,22209.973183711965,7.63246622368798,271.44017220704853,338.67326223493865,20.06335555736774,96.40469197035927,4.135882565812721,0
8.050488722039209,161.31219543915347,36864.07658763712,5.4825998689957025,292.0302042298771,308.89700953376393,16.11947066623094,41.596034458196506,4.710348748898481,1
7.046766465597004,266.2324837311977,23341.716303210706,5.768337340437581,418.8606390446973,631.8148751000656,13.893510758476129,50.929200785144175,3.4933710826392477,1
7.2665505394609635,240.1444283581787,19447.657064993156,6.687668375578636,,330.578349254018,12.071491085905194,52.118256657441556,5.233064904111933,1
9.111487184303595,259.5116834705033,16593.706834486205,5.457319438026952,302.85734594898025,379.97472739781256,4.76033314642636,81.5250909024157,4.7825339548632515,0
6.1394014917510304,156.16121175701306,29892.75277717971,6.368655574158139,351.10246854178587,463.6739644491762,11.868569419706887,92.92115782989985,5.117732016003038,0
7.9498848360603604,198.71282329707014,14772.717519568054,5.234466285701561,357.27882835678616,451.0547544650983,16.649517576013093,48.921513553666685,4.012513448983685,1
,153.83946928328933,38204.34187748894,4.22359068631601,,463.9863652728263,17.398596944895704,,2.9907742997810343,1
6.73388688686872,173.49555243776052,38966.89028301568,8.728372142838388,328.5131972599022,386.10960644040955,16.405986498826927,,4.329110002907817,0
8.827055194659632,166.181984785263,24265.42735062179,5.072243065338194,374.226534848853,441.1702632690882,14.80427737354067,71.83846856965937,2.6463245456076576,1
8.392411994890967,237.12752213179854,21913.119144143773,6.837684197579386,249.34754493938038,426.8477949439466,18.595823423032865,45.82787914325792,3.7077750731748775,1
8.373480321241015,183.34196818401415,31051.50267475269,8.30956790876018,290.0277172356943,396.66354287531317,13.192541794886932,64.42716590824328,4.119042740573156,1
9.155711303375384,231.49831249185928,31613.907302675456,6.148388318024652,340.56755345992394,441.7240153299597,17.871975312404736,64.60219628630345,5.824234948158399,0
7.113396108196087,216.23349484967048,14946.69508678434,5.81623787840205,347.4334209288987,507.1846434883921,13.007032111286094,61.30073860381888,4.2184679173147135,1
8.164305224358992,272.1136421692055,17396.95445623151,7.477456180094526,296.01397764476485,420.09577794195707,11.363422267614606,72.6288304777527,4.078839225884771,1
,147.72587394316588,10418.993954659096,8.886335439908901,,420.6334790425263,10.951090034801455,50.106240606686136,3.920834709252472,1
,237.77358892418997,25601.004546327862,5.27248188116338,307.9405368993736,508.218774838677,10.756516845917526,52.10135703533691,2.9231690942832866,0
6.873072543555382,234.06497581877593,27859.463260043587,6.882766425412447,322.3083543171108,499.58714428055646,16.461515175336224,73.48477130528057,4.036944155210146,1
7.234223584338422,164.3653038056711,10177.17254961878,4.382658539951622,376.22613082354474,549.9037431586687,11.82151215966867,88.1141316551873,4.050248487386683,0
,229.4845441032375,18022.646539196172,6.49874241418214,371.4281911211258,279.9514724493606,10.860674522934335,66.0308744303046,3.2144853735461005,1
5.779029113658779,207.42244638430242,10200.59971591371,7.1740434015701595,292.48176124061365,495.04173238375006,16.642463577079102,74.54939311461796,3.0443384207458757,1
10.406895768339883,188.89058057273195,14132.900947890193,5.7696930660269965,,470.5096992694041,15.36558199246309,78.66573456661096,3.594374867441168,1
5.480432363415474,169.27900118836067,26845.72166378852,6.397952902556135,316.7491979561816,350.3115732135811,17.466179463219603,79.8375739520899,4.020647723286701,1
,172.72568123635077,15582.50115458684,4.895001706074229,,442.2233355326666,15.976704382312962,50.971969935963195,3.613107738522463,1
8.921396288865107,263.76782170944125,19376.276546713867,7.24178420598276,,506.8416596538014,11.787200669546898,53.82797447528466,3.1503171492718134,0
8.338743683401068,196.39245108732203,7744.893201673009,8.787996913235377,376.8834099807622,354.87737588473,14.531898998511023,55.23459306999361,4.195632356563358,1
8.072350509112926,222.08643445035437,23653.7267432854,5.386512685762668,348.16888724356835,457.65789551362326,14.69419019944763,97.60529489846435,4.390316122851999,1
8.079069359730205,170.36522833077086,21625.87629580981,6.136178608847235,350.60004525099885,492.3128040725808,11.237584840451051,74.62256175580141,4.064612213193343,1
7.0605276311734055,170.72843512823252,15622.159788936715,7.914023069397607,281.3199617050992,335.33019895620515,10.623691335748884,73.89644835582958,3.5308734831759923,1
,231.9456605281381,20356.70489977039,9.035103336529923,,410.3904703365831,12.026811473820398,72.3256944865129,4.433975996561162,0
7.200529247528025,151.99593416418563,23595.018280336088,4.760760096709888,216.96860738279054,446.21426420023965,21.021087600584586,45.02956272943651,3.821380914012955,1
6.003312878695742,182.71777131127467,14868.861595517992,6.8533201148828,,357.5466517220184,12.913817048126672,97.7599218171725,3.0425147082707835,1
8.630440376134224,197.488821276055,9069.378544542318,7.567346699264849,,350.83683844925963,18.360789079490026,74.15325424813302,4.778270596901091,0
6.8461787634116,200.03193114850092,37846.39580322463,6.95875090280642,315.8699428229468,410.9756952774506,12.728733713621867,78.10073062275714,4.245736255027863,0
5.767459457099907,190.4814127886688,16461.193959658645,3.2066685343342023,386.50394119838825,486.67852192015636,17.222056492677375,37.83386554534233,3.8769535615573236,1
6.568996511771741,209.38455440243396,21165.64226199854,7.91172221470786,331.16649935663094,473.91658197634627,17.267247379896475,79.01463753120936,2.7445792802289146,0
7.7365610122982424,219.15109725128966,30877.70897530707,9.520551434723219,,352.27062322715983,17.433074581321268,60.636482556935,3.389008982274535,1
6.18367796104168,220.52488249470278,52958.85744607492,7.304325566847815,347.84328237428264,474.5982084750497,15.563708502049652,44.99737146892949,5.544481255658683,0
,163.95677077100186,11101.72345009799,5.490852435795064,465.76793284721384,354.32934729022276,18.83908337576561,50.96810388619433,2.7934931917330563,0
7.467462666272141,187.02698038010115,25958.431411465863,6.309258950744432,389.46645247279804,291.75607692617064,15.532351638557529,45.93401170722454,3.77394756187948,0
,235.65380289851373,15809.868257738659,9.916462646895837,362.82085433352904,392.2174565879628,19.951783404116327,45.660731723045615,3.957258105364177,0
,225.78599952742894,17289.66949899779,8.557740814559683,295.97163816497846,512.6483846115591,8.918065451446285,67.37966373349292,4.219971895741013,1
6.3310490940668664,151.23038123530262,15698.860478960492,8.13124205704724,339.72749057136053,474.9047318240658,15.432827479777169,60.14217807832189,2.802206670055397,0
7.448959400398642,207.9266591235804,12143.705618992826,7.683131881984314,300.10040003288265,421.76296652809845,15.217801091293055,71.80524227977125,4.1058574799955885,1
,131.32595380055625,21652.02380379587,6.075403362738264,367.8318312944541,388.2118628161707,11.180119310383823,93.51728959388032,2.6548377392720903,1
4.842132598741277,197.91321957974495,9084.809973429454,6.803097534563886,,390.38942415907,16.198423774037973,64.30462991350969,4.045994461032499,1
5.937673688208626,258.76857951060776,30316.23842348899,6.996882077627945,287.2023120303924,430.68199609166953,9.347826343841394,30.07769122375266,3.4611296231725257,0
6.740619028778163,165.20328745619574,22496.387094814167,7.988327419381822,337.14018024519436,335.5388823939401,12.114649881733312,62.48511613715633,3.294621971804108,1
7.574343029300827,168.9374582642368,25718.240630334378,9.504091852941707,,393.7559643608312,7.6630193393082555,85.70912198091757,4.6211573837607185,0
9.425816384949787,221.4912992181156,17926.28252294671,8.886974256133142,340.0433758878012,404.4676761329035,19.439053771146916,65.0094993350013,3.7862271301761723,1
8.443678800891211,145.64268617990683,18794.23659858889,4.877372717842256,298.197017556151,312.69616226794994,13.513571175041072,91.14456997673174,4.339494427827906,1
6.825697737358151,175.56501461737992,24535.61423193308,7.473912050863657,334.9185377738048,354.126612362458,21.452386155241992,73.72859497696992,4.365324990874698,1
7.049764229434725,215.98098460368803,11807.030546205251,8.284086085365278,,455.06715888792934,16.937764256779527,36.65679569745025,4.96056372138498,0
5.4859783102258834,175.51468132797243,18875.025816516256,8.097799321628525,331.5825864944621,422.65874690403115,15.76320508619189,68.17304081209265,3.027558961535601,1
7.0505641137721,188.61130682050324,14476.508730610803,6.125810653847878,317.58940797371963,396.9358720357508,12.339586331929892,71.20548094120332,4.68683221676541,1
6.62103276411698,220.83882615515836,14205.07504451595,11.724292560914012,342.1997010762001,348.22843449818174,10.81658138187464,83.88015686460756,3.982840065501677,1
,210.23043522668215,3513.8256983972205,5.102206391516832,362.6573041532399,549.3310029041205,16.01103590959889,,3.675062827311717,1
5.764702799751807,205.14298887019282,33758.06895271664,5.4085622542676415,287.9204689614975,354.1645198696175,14.043288629306428,81.08699890888676,3.07358459503158,1
7.905760957643464,185.21965945760113,15994.126885258458,7.4890802283932905,,442.2237306828936,9.847015255743653,73.52696312172517,4.443140872003433,1
,208.53760947004326,32215.23437602545,10.464548826842888,388.35254072370066,382.46042030187584,9.259198641357465,77.34072623413765,3.2506648733595696,0
6.907071363953596,192.30166947832,31385.870285608347,5.79881213588741,357.54087141892154,424.8220924310302,11.106690656534736,63.681649871646,4.373889137842172,1
7.718721638137317,211.4226484543598,10737.71155343067,6.699991182277753,336.1721767549565,458.8740193436209,20.307401515631224,42.730636600455796,5.473708002914363,0
,180.03087501412088,12470.279891216156,8.822124003364795,,311.14586246021867,21.605949908617415,67.07140667508588,4.734382091480276,0
6.44205944970152,190.3671321224007,44466.03943431747,7.091777795277381,352.52240321177305,421.3552751475151,14.958514077592492,72.3103974982851,5.055318773617507,1
7.4363070460785625,163.8201877808898,37367.20668660409,6.591325909842133,364.99415794139946,518.1246894105511,14.773000655558665,46.9248196127451,3.4091762737644755,1
7.100021917243054,195.21894978299497,21737.717709586585,8.013699984981018,249.9487526730864,564.2545830320237,13.166779569244284,87.86473812710906,4.564931775982957,0
7.235304996692642,169.70429160388358,24270.884099737978,7.550578424562757,,411.3822706815203,11.186853497095546,82.66755023050574,3.0775123349936155,1
5.850914443669808,159.74015271867367,16482.46915650937,8.748093281306131,375.40002337159564,425.25867516727055,18.831842680679976,44.20490030064228,3.7878833359918014,1
7.118971177071719,204.87477854148517,25805.205039155677,9.160520844723274,271.4313365233931,600.6099353715758,20.48153786379952,88.49916643262017,5.3281922038509135,0
7.871817283080265,203.3648838301999,15725.430300781958,7.605064834808472,350.41173029148945,513.6145804388472,11.322782825871965,61.41147350618468,3.4958830789873425,1
9.387318336394117,222.11088840510908,4193.253752986115,7.580937706097728,319.19810324714246,372.0010611127932,14.005804967414567,53.804006476385126,4.836857823655013,0
8.605240613475479,182.19459127237076,10425.935577072794,7.458295352012091,292.5178414474138,371.86375749938355,12.790942544649344,83.8627130686388,4.762204451739778,0
10.503560107443375,209.78677760399253,22199.043236020225,7.892826279505875,348.2624929410483,499.19832750164704,12.889008662196925,65.57393960154226,4.808298175172254,1
5.859917375008001,214.48022417635806,12096.247770789076,7.207169607836913,,340.177979149704,18.20535632547284,97.12881849114056,2.9817384586254074,1
8.46698981238588,210.99416280150285,21424.162839483128,7.119038597930783,421.19039264983195,509.8000760432061,9.937407284838137,52.60027144991238,4.37965675349223,1
,169.22250690946558,12590.84944946018,9.010670850907044,307.90031990812344,448.90812307035645,15.824014676999173,38.38178126212246,3.847853118584847,0
10.561786663816099,201.2810712970767,15153.964865766695,9.515463564960967,393.42936117326514,463.732192148668,16.690468135182414,61.86250861073184,4.8190275488727075,0
5.794805726285309,208.34293293427726,29495.129710855523,4.7380663474791955,348.37735711379827,401.1407740027421,13.809479615377978,79.16962003479846,2.6790996882130607,0
5.744842270932566,196.60602799193313,24184.14050562059,7.135833419750099,306.40047366650083,370.98755932080513,17.236054507326216,51.39882649403492,4.256874553471171,1
,127.76661459275873,21929.34684520442,6.031862795156529,,540.0482605907777,14.76872759217896,44.87897580629796,4.146572658215252,0
3.703005798347407,201.64689883624803,29721.34712534812,6.628665082952006,357.2128888544826,401.9486929856681,18.308700039026732,70.10404537573056,2.4177089449458307,0
6.24404951552759,269.11802057538137,26228.340093367748,7.755975611381808,335.2646292730204,388.6782271113005,9.241500440695422,42.717540939489595,3.279372122245918,0
5.87297906812962,184.5319088432704,34698.381478768,8.177712627037101,344.8099536637706,415.4133221739538,13.125553886067262,71.36228787974504,2.542481273768856,1
7.31912612049717,172.43082502251704,17981.78186824133,6.942840219094075,309.05279717409405,437.4900487662641,14.042298497163074,,3.403442864500133,1
7.6233920014856835,208.6457006433108,18246.805616333044,4.096922271137972,299.5758972719583,338.57871325853415,5.434993557399833,74.40046778154141,4.398389326038815,1
10.063111634353259,206.64099556014088,10605.222319998842,5.595227982689636,,376.2370858381974,10.685496451855048,44.00964995249995,4.122385149005914,1
8.59117390271582,235.5871322388917,18252.54255106972,8.536469478916262,,371.9406477869124,11.586986468072416,87.40427979036237,4.102132062862968,1
6.162723187496779,155.01129503371578,30473.742352083595,2.790126253184808,330.46296221252254,490.20555421832546,17.418561842865287,63.438502032802106,3.158996475033522,1
5.651520672556111,220.41778270466577,33413.12027279658,8.99613489965756,345.37021050401194,350.28650525424894,11.940348523698672,,4.843951383378215,0
,215.78307737394812,30434.593087729714,7.943543385218375,344.7682432409453,279.98884173599413,11.572158552017216,81.93078496358952,3.955320650878155,1
4.980829200837179,191.69622186539485,6281.59302473061,9.199558208817436,274.5772975722542,262.90941742592463,16.985877933971995,47.672540670718845,3.9962889735608567,1
9.992019437708423,207.50603901326517,31511.724617380536,6.806260684728082,,303.05387751550853,8.924715762434918,80.67492650545869,4.703511663777982,0
,230.218561994954,5892.91075553522,3.86297943004381,338.7993647317261,531.9295175541844,7.424182136761775,43.34241957816482,3.19675031679982,1
6.3340107131535195,225.05172969533544,29889.294624779493,7.799972973580267,325.38610185390655,423.19981737030105,13.083129486770464,44.23117132214494,4.1482672605001,1
4.356116098745504,158.7875250190158,18789.145633844844,9.13395193598058,351.62564153413086,462.4009511957581,9.488090597660644,98.17750763829287,4.300300743449108,0
9.232657074923006,223.33680118052033,28174.302540560988,8.581060452711206,343.5775776595276,465.2489381059458,9.61396153467656,84.3897875071294,3.5444568427707988,0
6.897881646048337,194.2430386665308,10330.423390102147,6.0729474560889045,365.5517365986634,426.43078428446734,16.17806585048722,,4.478851236992625,1
9.048127936037805,198.76610034275015,32283.555369118134,7.257082499230982,356.063283700492,415.84617560464125,17.179473403490636,60.409936984764016,4.342156073091062,1
4.544860022516956,198.7767170641357,9168.356390547055,6.27811869532772,,506.30862605790213,16.89114055447053,68.05729578478218,3.891082164423609,0
6.126993713503501,191.4300105283132,16152.696322340153,5.825558986580792,,433.68938979474757,17.95005074561694,74.93259980245324,3.8669223056948083,1
7.088337482551911,235.5533425048803,13262.227389783271,8.629513942464165,,534.9650582740692,18.388154599248992,66.2026757325108,4.378367173139618,0
7.1546991440859395,193.6173534801579,6631.520468086221,5.227898948201044,327.13266075399093,472.065476178327,7.234366408782858,54.327519185140275,4.585007411210289,1
6.364395900348002,159.5593232987614,22842.961593329215,5.707770039681052,287.26943411529754,371.9597051772633,15.770863587366534,51.90134958830082,4.01906193557718,0
8.070331392432523,183.43073833571532,37850.90885599164,5.375639499113631,402.86019038504696,381.71162819083173,12.52699685942476,69.86029092717241,4.843747779117341,1
5.382483517281675,202.24548228872845,45399.03512527856,4.765408913187507,323.9334978759626,363.0962943423651,11.806025745771656,49.138207761903914,4.483650250695855,0
6.853616618816144,236.78658210768702,22866.00731997086,7.351334581111313,314.18389093860714,520.2922311340568,16.134972432610816,48.68510869350433,2.5749981192130846,1
,216.19975324111766,31805.78792811882,8.955174816601522,261.8447752081969,389.1537819829404,8.55272196154506,72.76799514048132,2.874180575917129,1
7.897957746153411,168.4044000347972,24049.228079301032,6.82789472513248,,357.3574285626537,8.48383051456262,64.86032169296276,4.892143470836896,1
8.211467656161336,278.083044460402,26388.58221514871,4.740918475108617,339.9468831357651,447.73446128386956,16.377125782910483,81.56399745801167,3.7775169574527,1
5.291819073977788,205.07581222495597,19013.93560218523,8.447112372792404,271.02393934054646,414.0369544629743,15.894571717961071,59.524933384859615,4.0980571417820295,1
4.640758468530361,238.30484746540762,23724.635675952868,9.783408771375255,,445.6970271863247,14.732585090934698,56.99527872939584,4.858646603774133,0
,191.3816294239807,26727.00964485079,6.09893712784838,313.14489064454636,574.6247597127003,11.367486630366416,73.25309394785393,3.964999250449964,0
7.608379279047551,213.90685196591517,16941.825375166867,6.363884258586005,,495.6843825351704,16.74207609046683,53.26143752971908,3.999068735479692,1
5.889906406875079,223.97172442856515,21334.575806787343,7.934743795531763,310.1970594235962,424.07299299868004,16.531802572720174,55.75149340049283,3.2923911984224516,1
9.546331641080812,236.42424212247994,21501.741411462193,9.682560521500381,,308.0612220884704,14.562357944807072,56.393407963661076,4.258595715637466,1
7.2639226685256455,231.13626988083604,29260.465336244917,6.298662049754142,297.54676879138407,381.48303097559807,10.383067353397056,63.007019920137964,4.427479530794122,1
8.955082522661485,225.04783736239952,12666.51228083067,5.014729346022836,386.70964550155844,479.35674600771137,12.872427975635333,95.07802327052771,3.5192521671377723,1
,186.0099482783377,21562.138535869206,8.117641397910402,,327.246463174532,17.053229472605906,44.1235568121932,3.250823324921424,1
10.35658920056236,177.5709901404847,38779.64379577141,8.382527555564833,303.7540557510331,594.9232193494191,18.673002947473915,87.36131267866048,6.018505619052279,0
9.870991939484696,207.3061349394596,32221.232932160474,7.129687691687659,,423.055146592205,13.199163842824351,78.33738971677086,3.8975313935183395,1
,227.05125101857436,33844.460932714035,6.238149449741228,,425.8379271391905,13.45358247655465,91.7537177504465,3.436719975104753,1
8.624797812017425,189.04694335846517,22228.322300829906,8.691118394967432,359.6720788256314,368.01173550513624,13.744809052437047,,4.5211374273279645,1
8.106147759840384,231.39285423268905,24828.77960701035,7.954296887185784,407.5655762616075,462.03634550261353,15.189895859495318,89.56090987634751,3.9303806525222447,1
,244.13203859158557,30802.26798426627,5.905871883292481,357.2488964360294,328.3002939968732,12.35666723680132,,3.1231022678555593,1
5.545771697677634,166.24136818086595,35695.29982857904,7.197569675462961,,596.8566190511798,4.7002474594380566,45.16380903070723,4.346781785888127,0
8.170821821397519,168.85204725917833,4901.323246182506,4.9843020994010585,,528.3583324419756,18.22806539545189,47.206923808751334,3.3045656441208617,1
8.762894934090845,191.75446806319255,10479.550818241936,8.203706921171914,404.59610654773996,501.4408387008252,20.220420415108038,72.22787718302929,5.199637241681394,0
4.283604216587248,206.4843045300608,33496.04226423622,6.7056709603750875,383.89380782399127,309.5155277520676,12.252956464705091,38.92512792666145,4.355713611206874,0
5.198618964861417,179.12223658733936,19586.166301686342,6.431576884832116,,438.4915005183954,10.749377348878857,76.35780708589193,3.7540332688696547,1
3.83762083736144,240.8304240811517,16124.0592389353,7.068058313459154,371.21918181434313,519.6083626874918,13.826197270888365,31.856963807486842,4.0552906740572485,0
6.651643133233153,210.3133184067267,11016.891594259958,7.183686164941792,297.0845753872351,469.82477837609247,13.659362144857761,85.04313617843549,4.674564734456591,0
8.22089218671558,197.6670189461555,17147.387201341367,8.533989497273586,,340.8995421634983,17.575166490409394,61.19488895291438,4.115049777777423,0
9.468747712832684,149.15729485520282,9717.316772448354,8.05392303949385,,369.34942269595444,14.460856551845074,68.44833857770766,5.625245376642168,1
7.197810700867443,153.10597595586358,40349.99650705382,6.872873339507372,318.577931420278,385.3645213263558,11.656418431471383,54.291336243916604,4.8559766627885095,1
9.669498717458355,205.6095841492658,21817.3579076847,8.326595676556012,206.10027470556707,373.12015421663074,9.916064718652857,35.681842682598784,4.350333746697675,1
4.885638681438323,126.25025581202898,21505.94661801569,7.753164860832749,,545.445905502107,17.14524915175312,86.37736961736316,3.2391510186633825,0
4.371621921425303,229.6655180290971,27170.681491576397,6.445972574668062,307.110821299892,266.6337181203045,16.264382208253664,,3.855427278956447,1
,191.16990159703812,30452.480980875764,6.9229453099863525,379.8036348137688,474.90138486722714,17.79045319648392,60.712927959004176,4.3435224766409135,1
,303.00289684027484,30308.176512920312,6.885807835627869,349.94177793127574,317.4460412382826,11.075301855113178,77.11002035739625,3.3281680957086524,0
7.028015350530392,272.25428632025773,31428.219168689615,7.918312922215239,,344.2016547842047,20.365226137438768,60.07537682099567,4.978872962471101,0
3.792767060936596,190.40395460314164,16482.47662870182,6.540104268739806,288.89743111966345,259.46334928967025,8.508371181640545,71.06776568022786,3.2101572734131283,1
,192.87363935677035,19402.224070059416,6.5031534854538195,376.78994965915194,377.5154208737405,16.628779380838896,78.68287223852738,3.4729639555241967,1
5.0058934941972835,229.10472018038675,28757.39790296147,10.230636548905656,421.00456978352895,543.9873320773992,7.959281040578254,75.38127407960528,3.5314066357819924,0
,252.3703154141051,17389.642095778676,8.604782061160424,365.43143678317904,443.2930952760033,11.664003126578072,88.09688834496322,4.550183079293844,0
,142.51160459150378,21969.312139605037,5.9182509502082805,366.51625594003457,325.038419771533,19.446985899782746,74.79548933291233,3.3421496336067973,1
5.585591139739505,137.6339746991379,25510.677981822493,8.022086770428674,340.8047357562782,504.09587504333604,17.031815682315525,66.85440910368447,2.5660182750731373,0
6.262951601434658,175.91749559337194,28899.040357194295,7.30699310373518,312.0482191089826,521.4040105816212,12.472010424737427,54.08024109974332,4.818670291894136,0
,215.53041173475665,6426.370043789526,7.738650856910948,,430.2990365975789,12.562649388260212,58.657782946358964,3.623378697617662,1
6.980340235335657,212.7072036558898,28281.387263246706,7.336999292812865,271.3980458511463,586.3384269618923,14.613059186865312,79.50663159901077,3.1365640469214893,0
8.59867628959697,231.544085439869,19964.664238043097,8.999635379866673,316.47658272577974,488.2888125521613,15.981806679417991,42.10044692396957,3.381210328502019,1
5.512695586326485,156.92394526734867,28217.482459754086,7.6660801445492845,260.4228272471939,477.06197563938696,18.422727756679727,84.29196216921905,5.309074944363793,0
7.881433959673373,120.21518978558333,28826.669929631782,7.021899856821426,304.6345528516092,356.96093288682044,12.769865444745882,61.85109451308486,3.4575059161271295,1
6.236890386787819,224.58150674153455,36113.20576747761,8.766661111633168,360.3735077062313,472.59634560791676,8.944991439857361,53.154956466680346,3.873772877806017,0
5.819332196702873,169.13890654490308,33881.94305092185,7.488590364918838,,439.41107105599514,14.799566155531394,48.62264281967586,3.621403677416908,1
6.909821727672253,130.00211901890157,33821.59788361476,7.311936155339912,335.88884526907924,463.9025799958724,12.765903927847212,77.3112707717909,3.00852321612167,1
5.433964707353195,201.13969596714446,34673.0142505315,7.616155711928061,340.83800917404847,366.56179026099767,9.974902437282639,66.16310289546232,3.390679521447369,1
6.199697604497981,222.4496166286301,24569.067024887558,6.972097743081141,255.6674875280644,432.2429518338933,15.265284109685348,92.10622131185849,2.9551354425349343,1
5.175374150783731,192.3567614958524,22296.30718863862,7.134578648932841,,355.8712535526271,13.574593473952866,45.96343597449061,4.7155873950309575,1
10.203912961337059,181.31594506231977,29667.447691045047,6.1930225497562414,305.5584164614536,248.3587836807453,15.29455540341502,57.04531257885906,4.048685670398605,1
7.136069047635049,191.1301698070426,28433.393068307058,5.933155792994271,306.4817476188877,502.5729752325049,11.319389697380432,64.90786166149846,5.906488654495971,1
5.967436442291789,184.18523877226227,19304.021068523994,5.542258789357746,,300.46692249985324,15.8910118553774,54.234957882566476,3.417049634507341,1
7.420228058067413,152.0462109594073,25563.812397773916,4.92066640686062,,430.55281008371486,9.920404968741021,66.49899998581438,3.300089008006417,1
6.901398400991581,172.8712993405546,21706.34417424661,5.7300465690124005,308.7341191877226,448.8032321020714,11.54020910010431,71.5695224006031,5.166332619317156,1
6.728658336742176,213.50968327685422,14526.319516864407,6.844658085542258,247.3335918427118,448.28282294205206,13.47595389510111,74.23895498911921,4.795222085013145,1
8.056525053069047,206.94679044045932,33329.58534301042,7.282925780264106,321.59741786881904,399.0115492717894,20.045418953516652,90.76978417771059,4.270116716981398,1
8.284437258975215,201.89580642018905,22498.108422072066,6.691351430226728,288.72176877370185,443.80931143212746,16.877771969895512,45.30981610231403,3.1013206182311484,1
6.236503175299261,163.6495179166609,39978.33176721041,3.3979884855987743,337.06058530632504,459.95355858003677,17.845507189126383,71.86496197655333,5.331097088827789,0
6.164448997374959,190.40217602897926,7760.847244293855,9.607846445264501,294.3851047039271,481.2898564090754,18.97052498036581,55.93246517906347,3.913759535379129,1
6.642667801528886,124.78810127295894,17131.936355808844,8.836638594166804,338.1101398106485,561.9867290490361,26.205374369533992,73.3576164887816,3.634073399773872,1
3.41994534807042,202.23831270855163,22300.285924242475,7.824300564923064,,440.81757132408495,14.417659813618416,73.37895477519231,4.861508594796258,1
,243.3508414329101,31987.295771235964,10.133835262634165,403.0359702394129,427.06642765433065,18.981527055559823,50.431644379300884,3.952609805422091,0
9.253330085236794,147.90053549845555,25516.865156518343,5.575764694375737,354.37476875037123,348.6081650204054,17.631822692070426,51.819355096180466,3.0607773332071315,1
9.695498664467042,177.1046981013122,24736.49207812671,10.102447690589088,257.5821993184694,457.1231818975444,17.57686758594791,74.67838476693773,4.001436027608894,1
6.6840326971053585,207.19103088398907,12129.598526523483,5.594961758734135,,475.82790239582073,20.152733135713,66.77868498384004,3.360547934774804,1
7.9967255712586685,237.56346581997568,11869.368372495575,7.497205921960344,336.0667157324624,406.3480566463589,12.892073867441383,,1.6227139087071247,1
7.574887745724222,181.6323746160511,24841.99468907825,5.107337026287958,,465.90558258815383,12.629352570770584,77.04622690575908,3.2822660501228973,1
11.975420485443827,173.60880917373734,10052.831105784158,7.1432166709601,,398.24884123734216,15.338423849624961,78.2392049394493,3.5583662547230768,1
8.860124109180978,131.63180707735918,17350.282715145502,7.730143066837455,389.6782083189936,476.1196261418268,13.675263754938554,57.830584776486454,3.0685968147514227,0
6.876611029545582,199.77104569165056,26406.41866430238,6.875589276807403,363.61167878022195,495.64651901988384,15.334237823423953,52.61378023294436,4.41869229504895,0
5.560690699445323,263.5134601999263,13400.510855842032,8.247926361662417,355.35886210002917,494.5171041891578,19.45269847852547,,3.3635907492835506,0
4.52575035079046,205.48954622939854,36090.76613088687,7.2764428301898665,308.62467945659466,431.4141784387399,12.697334347842219,66.94128766486003,4.343172436650876,1
7.403507181028885,195.6374671644395,32746.261509994038,6.294584729163535,,337.8397739863099,13.271512633814751,43.37326671573623,3.0080106056327147,1
5.8774023149979575,206.9600663780185,8234.98374517073,6.224434957872304,304.6053953707711,372.43518708548805,14.85696942167297,68.00875245414578,4.67919075844438,1
,196.00529491016997,13838.527488171723,8.4012437607328,342.26518937501675,469.9906149163637,13.524266009856689,86.08841928524743,2.9743436292001366,1
6.051949114054382,169.63808744008693,1971.092227238918,6.087087592904991,,619.8030105499251,7.944640709275356,60.68102091676793,2.1436062806749634,1
5.3603386742531125,223.43944362748294,15151.882856101316,8.5663366933662,396.5846676220301,394.3529472447771,12.359777502666509,57.724214740860155,4.935064816427317,0
9.762555199765378,203.7930388799145,28734.221004018444,9.05188463267445,,458.73080116732945,16.55520543180614,98.72512843728721,3.3024028330896864,0
8.481807213549626,196.94912372357865,18384.823226016957,4.4834320974931146,384.8211962183386,376.9498323045146,19.038279745587058,90.82697543445612,5.340404665395539,1
,164.29996502309115,26054.622886453664,8.910023691935635,335.3918935964778,343.17398348378765,10.458212541450123,54.028806454413406,4.410381682942295,1
9.43311118083514,239.2293408020149,8665.394966744247,10.375467863542625,313.5062770529347,367.23015190567753,10.44277525854591,68.64923326953422,4.586405388337377,0
7.2030156091597135,218.22542626655266,29011.191878069258,7.5181659426990475,340.69726101663747,253.5846148428901,14.38007388699438,,4.785468550363537,1
5.710558119888061,178.1899628673631,17146.57587726431,8.06655301276582,364.1552744573202,531.2746217842043,7.40978033525436,69.69522563970956,4.057889890074274,0
9.501767282858754,229.3100011890621,22120.800710975414,8.758468412503271,,241.65087295944093,12.807148628112607,95.76141638399291,4.066763225914061,1
7.936866969458608,180.00987083389438,21199.71343331992,6.684737942017145,346.75038401819086,400.5674024190208,8.533700782884887,67.81137965934623,4.969445218871561,1
5.430778614620934,170.6577251662371,10864.427786159547,7.408002753189834,,326.67370349780856,18.81159290247856,70.23846028770986,4.056859626644517,0
,171.39096149724816,11903.189321236498,5.043564743195487,,350.41439099442664,11.73351387910016,77.54255593546901,3.4020220594986443,1
5.687766977118236,138.13726597446356,30500.26354706937,7.339043345078113,409.0315758625554,533.1405613600791,19.750881156782178,85.65290100565126,4.426891676926535,0
4.881348427766706,211.8743134681506,25512.680662504645,7.907016953118376,389.60082630193284,438.1402341343371,17.9657556799471,81.55902896384043,2.3213581367797373,1
8.55262230057531,136.16195640023506,31221.51852429413,7.935537576223822,371.4209832639109,343.866682414935,12.14068974462155,75.10621184252233,4.999255865216966,0
10.115972458347507,155.97876682798173,24860.878464080317,8.803371063284178,,374.245225351632,10.731813602039482,41.18023714872657,5.015542526052771,0
4.856277557627566,128.12466626149782,23267.91339066905,5.895812558545864,362.75122275292296,360.02380776387065,13.63936357025528,58.501931624734674,4.904570001136002,1
7.9751210863380075,193.54002850103544,6879.445069477151,6.278481324455876,381.77562524539877,418.3706387825849,13.933619673705346,79.65823513258128,4.874622130654602,1
,191.42746326626084,19643.36069378091,10.114901606666342,314.86643569539865,435.8631059645413,15.425746384482448,70.45145092197917,3.9043432462339243,0
6.305470639814134,185.62822851043236,21773.968669637343,6.882481169453339,277.6523351555992,575.0903531723322,11.709641711655108,79.76676129525536,3.8867877400954427,0
6.138093660460198,162.09004539923146,39140.04718555695,7.436053383953478,,267.01457209206535,16.750567031358493,96.9343468778408,3.0108807299787324,0
5.706254676209093,157.82695418700328,28037.7173155215,7.014124134074151,299.915770675668,419.07646872126224,15.158235862049667,47.35673534214014,5.333472176334618,0
7.157149388432275,211.63848111341136,35483.14999610272,5.821744294438065,290.08104031227697,396.3858190893599,13.153292031270489,84.81138662833817,3.5916858250395034,0
5.7587893149064495,178.26785248542492,27253.641201777336,9.685176153209055,303.94606135772784,498.39005201007035,11.923145430566343,61.054719176853055,4.235110541606467,1
7.510026352989944,206.77186161210844,15776.977863267604,6.286231769165443,,450.56640031117774,13.668030705943348,81.53396007586517,4.168155320704727,1
7.0001214059758725,167.26302320023558,23041.1018880051,5.338888872543051,,469.6030736598499,11.576056856450744,65.73304837230387,2.924473038348758,1
6.700072605482409,202.3233429823132,24085.433577923166,6.407830361861652,348.7702225820721,449.77986555373894,14.473432080064674,100.81493343928867,2.6091534811839,1
5.636973777353859,239.2217818669522,13779.038645575894,3.957304517273657,283.14973253388376,346.56647725458436,14.5628020480779,68.50480662871493,3.9743575642765316,1
6.162933584396351,215.6431315169147,18643.56238122861,6.090965805326572,,519.7844774265653,15.146251108306682,56.03647984992024,3.6160702282630233,1
8.281072049062953,182.80983365704213,20209.80771225216,5.590356815393324,299.854839522019,486.4251663910384,20.126262376013834,73.1935713967708,3.9002392497901988,1
7.876458328322766,204.8267021453029,36093.07989523552,8.095537236865173,,495.8831177671937,13.841607977794414,71.64139419202161,4.801024191558522,0
5.525687160770303,188.4569290614466,3768.9710512724305,6.0560055014954015,,524.0505347803891,17.605218940182034,84.81441098270705,4.145456437418878,0
7.237938365632469,196.62910047276267,32587.393229338075,8.52273021821458,,455.6465016346914,15.039934283989572,73.6494942814277,4.56164758179649,0
8.274705526161144,185.6639086053572,13799.735406592205,9.329604709049528,364.37140534374936,541.5838061007757,13.491411360716116,106.44654586175932,4.317355966496951,1
4.425645603017019,190.96665843048834,9982.91760088328,8.354257031334408,,452.4108301917963,13.885582816461415,64.59748108919123,3.7232593292729312,1
,203.3436294490789,32360.495163191372,6.779686503601079,391.2695344881769,404.18568491585114,14.085284585653753,64.78814921255194,3.1885935295894106,1
6.0264282232761035,163.70836595774546,28431.789452946516,7.342960904794837,307.5691092402172,421.35627195473444,15.206031112580396,56.629123710141585,4.176479937128506,1
7.987251883063124,162.9679041685695,33014.42505813863,4.710523794572386,392.0261443206549,419.96294665923904,11.104648267125208,67.78611371457059,4.0354362430899515,1
5.8664179410973984,150.7147208300298,29035.10107618972,6.908628591416441,,379.9127933486423,9.42972333079716,70.1385365791222,4.683821943253703,0
4.210237459943414,143.75308608391802,40075.98508688453,5.760507220454404,259.6777497111173,553.7792567252812,16.44572437239985,70.9499863746861,3.852297945616456,1
4.492207523765771,156.34574507979065,26913.299074916307,8.217035682215892,302.7974470650058,445.8365914400064,17.252789885843967,67.48709658949291,3.7380735948098924,1
,201.61312722371977,20642.007174047758,11.18494877500627,,429.5467636168155,16.748054606577277,56.53309271335231,3.7909904806503523,1
7.492958777737156,167.01514649062685,25021.063944388603,7.909718184838619,381.9631459403361,453.27032528315436,14.792957381421925,52.1346582276275,3.2533932246957527,1
5.64213656608399,213.25764358391845,32917.536094740564,3.9739985646516267,,662.7218420426962,16.819513516870384,60.3296891321607,5.098589756959957,1
8.095362009456025,197.51138805898424,15180.082904183895,6.549256295195291,241.48205613728007,330.4240510773755,16.64145007611674,84.87007934260414,4.858910428600295,0
4.438183100992354,131.6455814621568,16297.959331872811,7.313535662091638,349.34343584082825,353.5939874830906,16.8870531781409,88.35301891125214,3.0238367334127236,0
6.974933120150767,217.90559720920916,19304.952484797228,7.258024731911217,311.53065625187577,310.31225036993374,11.434919881357605,65.15471380039376,4.597079550738589,1
,223.02905946705542,3559.9084082302725,5.96531526153817,272.3207614845197,403.091329549644,10.649089551418172,51.165187602557076,2.530896050132755,1
6.043580588594567,163.69179525143002,23224.84018969785,7.507560953366358,403.2813449672434,441.73280058971727,12.993835793249984,65.08661098507433,4.7385256018265975,0
,210.18589793038734,5475.438430396152,5.156848677667368,338.22378057372026,384.2826340676741,14.22245859741381,100.2431467426699,3.4268466481360136,1
5.711942749198515,168.20833795398553,22479.344299601576,5.627044218157594,321.62607131618256,378.26928017337394,13.47924106919212,82.56329957542293,4.2507224349890365,1
6.468556684674578,199.58140198748526,29601.443796954867,8.140360273733865,317.23582557155913,433.39916132088564,8.068155003271631,75.31101674899662,2.464982442157496,1
8.68000556665096,154.79329237932075,17832.56537349228,5.515252095209875,271.09996438748504,381.30964559726385,19.97880254616732,81.97624195791057,3.035010699291199,0
6.162741927458193,137.4126598406631,36719.99790584449,7.970374336677766,279.74558457922615,446.958410352917,13.372907776788216,91.32636777150245,4.335588314454539,0
8.408750458183576,183.7829708055256,9207.58562838603,4.956247236043428,387.0012532295259,511.94241990373723,14.851651618869717,47.74662485896761,3.4232916169614316,1
5.283766101094387,192.3017922464834,32459.74267513644,9.908424896390944,314.1517715334755,476.60760256930115,18.399457159425722,60.056794924480556,3.3148289611096855,1
7.922388642885299,183.29429167395182,27934.076538698035,5.896653522601594,334.69404417280487,493.09349871789163,6.51814178788481,57.84528398070033,5.058772124012636,1
9.372094106846061,157.43907524564224,6966.932339860343,6.766606816550558,,509.65392601797305,12.586293283972232,,5.6945481847928425,1
3.15008524479761,183.22131883712822,45783.87956673784,7.642368952522841,279.1846278773501,444.7481719007935,12.998641824450846,68.9905942105487,4.700870870719197,0
5.812936543801942,205.22441146485454,21455.135001888488,6.226747075048271,359.0384345732122,409.06863227519653,13.166813749558365,78.63711668335463,3.1183331540466503,1
,194.89391716957098,14319.809927846793,7.346581418492661,349.42482110391495,359.47650681122013,13.705759384736815,58.19856267914834,5.345545079597806,0
6.757157836191642,202.37063388610215,9675.947436432714,8.029063624741799,406.4048007311611,390.274980814961,19.070016182852434,88.59818417998875,2.752082837474262,1
,174.3366122090648,20084.84652320421,8.637768907355508,389.40525125616534,379.5657352490534,16.509148878657108,65.2781806021443,3.732496665821246,1
6.119663553121845,234.89608503586734,20896.91392096757,8.370565948837273,324.2239515196786,481.02375743750207,17.451096739161425,77.63774703068341,4.012726658250151,1
7.217677762081911,157.6974206940788,22914.144502187046,6.848539467191775,,449.9169660623029,14.435968099694158,85.74167715257317,5.470749518194224,1
6.832473195726593,212.4009825682113,19402.84355841927,6.888321797011108,320.6662853949546,478.2019704645698,9.648075217258391,84.44271142470859,4.681874127290346,1
,235.23057913652355,27566.570457515903,10.831591521679552,418.8902226880128,328.11157528998575,7.396202813666717,72.23820364794108,3.6082689980563747,0
7.484529140848929,212.18225808958368,18615.130678204037,8.620824727833881,381.3721887104904,537.603993316364,9.217660436103301,79.65703294526959,3.2329341087917953,1
7.616788232699571,189.7110034141084,5047.221690488725,5.663518623014062,340.80835646332804,387.38144637482344,15.470824480789524,94.5800695430716,4.751710269966539,1
6.425115623865277,178.99959310572126,20704.403270091425,7.277981298749572,342.08035198957845,332.98665498752575,14.38515774902917,74.71006796571058,3.5539800133681227,1
6.304706103724735,230.43656196640092,1254.6964729606734,6.590473840730456,393.6256988983012,386.3924202471011,13.584358326589614,54.59432121464364,4.139057268534681,1
6.392232481366802,149.5825844573962,25116.15254091531,6.906171910401487,357.7861144274555,622.6279675209223,13.060010438690147,75.83376082699567,2.90157433837789,0
7.707178906381492,164.4723143187173,13427.027379750592,5.177397650821221,398.3383724670429,390.5547228501515,20.938798414715492,65.79678989244303,4.414021127074877,1
,183.29830067063222,23446.52670730404,6.469161289670194,,395.6157031757198,11.55618911386787,28.40934164533772,4.351182213683034,1
7.540742022465297,237.0640555469945,33536.6484607472,9.982258121646383,352.8840745912802,406.36409971150954,17.351082399744154,73.87512802351604,3.0015363519066263,0
10.379887269846249,208.85675987302466,13694.920653133873,8.034940555383296,312.430687904897,409.8785006110698,14.28633181822949,68.28740751725253,4.77466602803988,1
8.465088278456392,164.54065546018313,31319.7897907016,3.183964975120693,,358.73110436194264,14.07829021598835,85.11083954282856,4.40270173042937,0
6.561622583853133,186.16708264694438,18213.883247242797,9.042423118146756,397.8318336234027,433.4644813847194,18.174670285921422,54.26348462183921,4.547218917168476,0
8.989930136240673,176.17105502211385,37387.10134554823,8.841614646196476,335.1400592129761,508.819580480589,19.12097556670868,42.037617662702814,3.674630619654898,0
,173.03213793536136,18812.22375048854,6.552329219195862,397.3858351423529,447.2908624769891,13.487091297711185,69.12925630526205,4.109586000803425,1
3.839381989067212,228.5558886853469,14644.168422075592,8.25327639917748,,332.08562054290314,16.92536100069149,72.55127013145612,4.019435517714953,0
5.477142765641327,151.26708590981593,28040.188458982615,5.762149246908823,336.861924351181,394.0599639632577,15.484480408716678,67.9182170563385,3.8544270842917006,0
4.105440845568889,249.2667145365462,18192.837250514076,6.3769959682991555,,377.31555552378626,14.304616929460817,66.73506650202984,4.10299255696936,1
6.521093560374319,223.6021922132704,14635.7810338938,9.487703249858368,332.4818494564201,426.16856782273663,14.956083860194756,49.10799788094164,4.950025519561178,0
7.109285222911387,232.23753172944959,17824.11782031426,6.6906665370058604,,529.4171040956664,12.002690822863586,64.15232072374575,4.808461498189063,0
9.7455353265177,181.1485488446095,21622.9545000961,4.165823974111114,,409.8572924255922,13.266811008074109,60.762793678618564,3.048148671574292,1
7.599814524285018,191.4399491566789,33783.090433429694,7.019980908005488,319.1259879160853,414.765323497895,12.358097224018541,83.75642742561719,4.7386134171874135,0
6.731630159193906,149.24796833842748,5054.906217795517,6.995830339195316,337.3147735134245,565.5592542569863,17.263556931379725,72.53748439001534,4.899091830743468,1
8.398754874081748,179.11910005564351,22216.47437365289,9.013422339610067,392.15877384418866,492.70496824690355,13.964884307559082,61.902006570162754,3.8520814147851543,1
3.5642948586774623,212.6013713905068,27493.600912975602,7.142651547037701,,468.28724921985014,9.984566578524221,94.29245730052035,4.366588740962266,1
7.45462714739262,238.98455347137232,23710.357371215814,6.453899947924338,263.5723630149627,580.1461971486895,11.885422791330178,62.04907379884116,4.355321300496354,1
,159.9666838635354,33499.7344287398,8.771188709465306,,461.4765456124521,3.69043402434769,75.42498919247812,3.3070260389940453,1
,184.35216479192445,21362.187771839297,7.310848567351754,,261.33887638537664,12.643229487770087,63.69921282252542,3.672074095727904,1
8.898568928699017,191.39528163875468,20395.83776059159,5.934964163126168,,489.18604655189074,14.404605165471564,92.79204769315311,4.555631986304254,0
,150.4764510319111,27207.97309605479,8.944896145655756,,293.22387649567065,13.829390340250317,67.80539117266423,3.5832586552714685,0
6.419692216897726,215.8135630690162,22884.930138367956,7.425985587936543,394.7254024210573,458.4210738888334,20.83431090356891,68.28358220727111,4.7308896562246,1
8.086123167108994,172.56519789230302,18590.76364977601,7.124623027353512,,283.3852443388748,16.18293899542877,64.1368975950575,4.987878503862814,1
,189.94556525329946,26539.935141195943,7.401095258430414,378.93791822911703,384.1587457314785,16.035795633725087,69.57956296269965,4.862064036744767,0
7.369167345543008,181.50990465153745,16292.349983949322,5.428343973161777,306.0660121950959,392.4889343169302,8.84077949557238,85.80852222932317,5.514247590472176,1
7.474670732217534,170.4165499319371,16654.94036011789,6.286307033638227,,359.6489737535297,13.07303480087229,80.08575340699825,3.8992288198129326,0
6.349616169731012,196.13836087739938,17384.337460566694,7.1256605108957976,415.3132524053032,393.6957815870072,12.669146107758568,66.85427261045965,4.10821683769587,1
5.728747452550981,189.28075705668343,33878.571645760356,6.812431361861006,305.2561207842651,505.3416382395398,11.678071231945493,93.92744022246866,4.22011717725486,0
8.40023394830535,184.14331283067747,320.94,9.130436844850221,408.3251600433364,364.1883256392649,11.632394997150822,80.52490767692277,3.922889618507224,1
5.718826716804902,172.41818187915032,25482.926074537292,7.463501247308666,311.02591922244085,465.9482858820419,8.295113022453226,59.31022949138689,4.392899599799283,1
7.193790317178834,206.87597117534358,22314.604801841644,8.470748197765516,298.49135103003005,343.84619612693797,10.056925892504802,44.06596363658489,2.635260857370649,1
6.320524659643464,250.74093578802635,7275.259717238396,7.1348446602298425,346.0486223637574,406.5746442359881,17.17324916315198,59.6850766869315,4.129826203180166,1
7.8415779229367635,200.9694922157505,24729.950943728574,8.788935804318875,363.4330094360553,448.0626895045845,13.806952369502566,73.0879832369431,2.8955994130913414,1
7.610522747406248,229.12236690627793,26185.754643014217,7.748093855385584,,341.350573368888,12.603807995511954,76.06270199681649,3.2191538434660893,1
,150.65950310095414,27184.382874903557,7.141204366913767,293.94380053157397,315.87675461215804,14.262088482299536,88.39084771582668,4.541654052603333,1
6.269073925820952,201.55719612397914,320.94,7.099012719444749,351.7786508282727,461.6435921297857,18.14406314650081,48.690246122574585,3.8146893340097647,1
6.6508988528835395,160.28852967223133,33995.37120510447,5.611986970460278,305.3843296491532,512.6573578747104,14.29393682409885,59.29446669674061,4.5141392902783295,1
5.5237656919061315,147.8087083827511,15545.194063401646,7.920926837815371,272.1088401535567,415.49996512503054,16.068638373381734,47.34574160143038,3.797794249191119,1
6.373573716478982,172.0594681227469,28034.307347147496,7.056476519432521,295.31174181063204,384.92997089208717,11.477737971694868,44.738228756644574,4.832996926785102,0
7.6799077839413155,235.55965011551828,28512.247321077273,6.326852702913697,,434.4716848329754,12.23233486302836,,3.7835170496153836,1
8.28361190046611,227.60652044665795,14326.710235951237,8.868209597883073,355.38447154180085,426.37388703461806,15.451663489560765,72.33178611267726,2.4451635781407637,0
5.613757134557575,204.35999526114867,27805.379324391233,5.1446586790862145,381.5046899243042,441.5213833402833,20.544683774595846,78.88116195652532,4.1458062139687915,0
8.462673412968,145.97480559081907,18633.865532533124,6.4524564852167545,,217.5572309926456,19.012554784994233,51.05563055486131,2.2782893203520107,1
9.235464195499873,189.91629218236463,3851.0742065708146,8.743795623071662,348.35822769369764,335.48499118796684,16.20916090989982,53.305915624314466,2.8368776960247226,0
7.7373614961256845,206.28989629268906,32253.51681592512,7.6185262466540005,285.041161145369,353.57850287859344,14.781245746131976,37.60246102326684,3.2813017073811155,1
10.064105341967325,202.1416312285443,15218.05398864469,7.044382894308644,,434.08312173630446,18.917539567125935,69.8682187299218,3.183986607339254,0
5.849675173425319,135.74606697515307,14521.404257438979,7.516585598177231,307.9864993348247,436.91265055435156,16.910385249279358,54.553992566113465,3.5448603725552976,1
5.100999021734847,167.09634915710663,18479.77872150924,7.40347439025717,290.23395207347573,473.3061070954438,6.68797870595311,93.3078476994677,3.1571870976457377,0
4.251834804242197,194.2631231147902,24401.216782603977,4.723673176868244,366.9021042256965,442.7077569711875,10.791488893599215,73.03070637833045,2.8733569224031754,1
9.458710455267802,214.0032451049252,21511.910393777638,6.568166221150221,309.46966568246415,316.76459161129554,15.399244476934753,63.62600787086939,5.172631880975804,1
8.120441393602952,124.16131724223376,26819.853193979554,9.674104214131724,,538.8369131932245,8.365137358026281,56.026800922330764,3.4410472538143213,0
6.991620373252377,191.03936368622226,10268.683725337798,6.078267867052075,241.82805199341487,524.6864372825956,11.308980394254785,42.21623583725737,2.23000123054503,1
7.525150115848515,201.07344355361997,15504.423143832173,6.6170843977151526,372.98615739016026,320.20249502002383,11.963612536492105,44.26783464902293,3.6884836690527796,1
5.290472414795581,224.30524218241308,20996.96155155357,6.264239193971484,367.7820309468244,448.7792418913214,13.43209085032629,56.33375935502286,3.092709774738508,0
10.968745647590755,219.15115736972692,38655.84757778834,6.982515947157343,334.006063910132,373.76780118465945,13.328606010771251,55.09175136884676,3.2797252507116057,1
7.285461679340612,215.52494496243352,21016.116790041273,6.198665926507609,270.5075974090444,433.1129876071883,13.323011386077802,50.233399582751815,4.524067135454938,1
7.25393772342178,170.06795613964042,31529.937384475474,7.889051573409735,383.87207136662585,507.01853680065597,17.01176788206544,,3.62043705734753,0
8.23396893199892,133.63488973138564,22352.163696347106,7.431755191418621,,594.0450268040598,13.402109005358732,74.72081728527243,3.07097465105005,1
7.844804678461374,183.44642534782113,17773.09538152406,8.34220523186909,315.0021000968336,482.60826412962575,13.006874262844216,58.979327811658045,4.318077737766651,1
7.435975598603819,229.30365441285747,19850.66961644284,5.459512957421443,429.54486481441177,445.7266252916012,9.81424033528496,97.71076370053284,4.866953847875087,1
5.823145615841954,242.18678486500332,20537.289965694916,6.5822620370450124,304.63537848499567,394.4256531773234,17.67058592857308,38.13791884976963,4.388760286859079,1
7.829634687846234,219.7328544835512,27307.199917278966,6.763358242052827,364.5223366437056,436.6101402751233,12.05734322883382,67.34109188537123,2.0562266541126686,1
10.072418949395303,210.48672625372103,34067.465122533744,7.83992211793998,357.061861495462,531.7867644187943,10.681929614315779,62.863372297857374,3.100308188130329,1
9.219217873386414,208.85255163893055,25167.976690596843,5.866710508412885,349.9409322290931,418.2766382786903,14.985329802816294,57.48965972976979,4.00700985389624,0
9.613166736356641,178.08481560650554,32423.063721484592,8.566733010728184,345.4604624726078,350.2743755180829,11.741424421512061,55.11181515150871,3.779446463894068,1
6.267167074474416,192.09361754795697,13554.263650312469,8.994536633017821,349.3700142334506,290.98666506894625,12.539096431280885,66.28738909447806,3.714725379927427,1
5.506528335788857,251.24900600916976,18378.373359328558,5.557581690735778,345.04377927675716,463.35452864409643,15.135503176996117,62.75095975393444,3.2034497795841497,1
6.8799987970415595,165.37869276956312,15662.992527622679,6.344420826068166,331.62954157949554,441.87582631323386,13.199342515289668,60.05943779131879,2.873644415199597,1
,249.46392663853993,24771.319406207505,6.279548216898494,396.37734700066693,369.68770143694115,21.9314270322451,45.38671630587193,5.536069739894156,1
8.819764514368808,185.78171428030112,18866.538272467347,11.279170203390448,279.4095995716939,504.81246163966375,14.032317521613454,40.21895078782613,3.9911465434483513,1
,239.9502077470462,28413.155082489935,6.440757833771539,,387.8019938201917,16.325044504490222,61.731803431335756,4.470854995316586,1
,150.11392248772094,13850.536321431122,9.770648198606693,367.8414180116384,411.00806449872005,7.852992702798351,59.89408502924615,3.974875915395371,0
6.828767441259407,215.63453013429367,22391.41010173579,5.1187214477315575,362.70769160546376,420.54320474686017,11.431251373362242,63.211943600720936,4.006151984937632,1
6.401259098783602,172.1449979300422,28036.851672764737,5.556351473460306,,393.5259993803997,10.68231566982568,64.64249931014776,3.921559348148756,1
5.470754043336334,149.8360147295327,3904.3380458621577,6.035164839679843,,440.9526146138803,11.121003115868298,57.94591210833602,3.096052229921943,1
4.448777891733426,203.5553993144719,40617.7626325164,5.783810887914495,256.36709377925075,514.9554540943051,15.655430759600478,62.96324788262144,2.788698222733287,0
8.388841228499444,229.56143240903546,19531.25287679887,6.696720000029572,330.78563803462595,329.5546129940691,17.707720374343225,52.58991197488547,4.27125579152109,1
7.196575567829562,168.58832549904585,4257.385764136521,6.000130439700033,292.7247355059909,461.3721975914694,15.42072697034023,91.05744319226193,4.11651707767151,1
5.028962169411724,147.08235522012777,23400.34741624345,5.825440283479374,303.466391527679,435.8038636775926,13.529806295995517,53.46020440293351,4.701859100798572,1
5.02082475241885,193.3501441486667,22307.34138996533,8.950385754427858,282.31897710986146,434.31719270380313,12.191869821861891,60.3975321208508,4.543581444780781,0
6.546102328128696,193.4951263898063,21295.993400112024,9.053593923570801,,492.352478137224,17.966015176427344,54.68909739213742,3.339360489655257,1
9.733744225210135,214.39874935399192,30705.418657075377,8.619888467432999,309.0678465952055,425.8742179060508,21.135855553252593,54.417390679484676,4.85342122095906,0
6.667249751331869,227.59266950646438,28568.113553106137,7.947918349823238,235.3010576444194,460.7021289472189,14.727034382834017,,4.566721212220524,1
,194.41642883976039,24626.03823232596,7.266534043931693,362.7831915653124,479.7461793619401,17.389291742076903,64.74585048409287,4.508856424488721,0
,257.3789489904354,25961.311187155556,6.334691508747865,,381.1272045052394,15.416555857823022,58.96593088372911,5.7244748977434705,0
6.646369524101204,203.7428384003204,21099.01563101068,5.614011142486955,358.89034455461626,446.07000730297113,16.7807212404011,61.813358456651244,5.564287834756387,1
2.791950237722901,184.97949648249315,37582.60579592081,7.693533211423646,325.37488972035226,401.6213455852367,10.425350164455514,54.75341674492889,4.5081327379128115,0
6.993671162236678,143.38166523269902,9043.656169308639,5.265663979776059,331.5124042910911,411.166658563038,12.664268912729568,72.89992081840929,4.410853820553274,1
6.712814096968202,187.73375497200442,23238.635480979283,5.549604931902879,316.3427653468942,395.8609979366212,15.589003846550883,,4.813691041780351,1
8.186968120053335,185.30959723488183,22584.263030303002,8.941602944803599,337.5095224037694,459.9627182591103,18.29334502491135,52.245068134366534,3.514516059657111,1
10.019840190963098,227.94482170173475,29145.396170205808,10.123025485920898,,428.48852538285524,11.571975726379296,72.77432496002591,3.5255331790789812,0
8.871238396980935,211.57646155931818,14614.698206028352,7.7414063183030395,298.9437740129026,453.7770488534736,7.549779942457179,67.12727412459509,4.495268697531692,1
6.6524669820178195,157.59234328071955,6724.574728803806,8.868202300625539,,420.47424673076557,12.630744748479465,77.21842948658531,3.301948650480494,1
5.320623805100745,202.03372422519493,23389.203594268132,6.731559658438506,272.18207155690123,292.2449397721483,17.623532664492707,77.67411010082644,4.432360198708139,1
11.171642087167278,218.44994492645128,24480.079257153287,5.0064747859814585,363.53329251910566,424.42519538917844,9.037305593499218,69.72357744099793,4.092329089898229,1
7.174157310083037,246.61167109667196,35075.74669370037,8.087231157417364,329.5883942765078,427.0251375357739,10.384395157044455,65.75570307845769,3.3021717184181476,1
7.1021475741415845,225.55113044857427,10874.83147145524,8.0194771307667,412.5124537800231,441.49660364074265,14.79609051982918,,3.9901758780248735,1
7.041641111495095,221.38663799376138,32139.10312201923,7.233236315130786,,373.9048065663183,13.896135153359554,54.02294148670229,4.987963641867965,1
7.394954769620889,198.34562750294657,42772.928569977295,6.737046776193925,318.8727126498698,325.27213749909333,16.24768405394118,64.83303720580012,4.034248951509993,1
,209.13769873832302,18701.632140217032,8.640292714158136,323.5199678408431,472.3707090403555,10.212914422925131,45.61535270766194,4.0375071651420225,1
,237.4537211352185,10694.3727824183,5.562541807184591,,399.77711810090847,13.20432085330171,56.791410079899364,4.226608517545586,1
,152.5482791708691,18445.50678024945,5.897426685352761,,435.7299439339013,18.236063681954253,84.30889164396616,4.328167047855455,1
7.027922300356563,184.88043492110648,22136.893536743668,5.527191719318524,302.01626426961604,399.14239634342795,10.331513599062244,67.99392773706941,3.71194443645667,1
6.215954613897313,170.9679395408948,26957.703447149383,7.254257280964607,259.8476207960732,421.40008324097806,19.16857970078699,80.8433102983772,4.243203617414298,0
5.946575205543309,208.83655454371495,16828.403913783994,5.401129040867372,295.550296869345,385.57875817982796,10.746849776708439,90.17883808613331,3.151725119519228,1
7.249224062030116,236.8197051353979,35650.95721056836,6.038897354785915,337.6696064703758,343.6494843245876,17.091453021119893,,3.3467245756695676,1
6.67458622430084,176.7414854526111,12241.235378589761,6.0049062116810275,346.21325054136486,460.17699282332285,13.045507331194553,69.75453199725312,3.4465036957010144,1
9.471348851846475,117.77679239760488,6763.747878812152,6.708238834912346,251.796164033249,373.145834469565,10.490353667214986,61.51613343260842,4.336414897914604,1
2.8649580046551106,182.81618190359544,31718.357825093044,4.769948374681716,,435.14055868591856,12.635264153924899,53.252038795504696,4.094981605493897,1
8.815495894556715,226.40501630873234,2068.9162643962554,7.257783887418882,357.1164401630527,455.0633951341259,16.08371561287247,50.9809735640017,3.8651995297497166,0
9.06127545607123,214.04727120899204,20224.16383255577,9.090739768050192,327.0321769503563,374.46379632495893,14.257313276876065,80.04217302861123,4.508800591876524,1
3.7833095304710422,210.44876382801175,49351.69521913981,7.334076368260484,,324.5919630299754,17.982133751877466,69.7755893982578,4.265512424539022,1
,187.1638202343671,21908.485262822134,9.555287408786088,316.708285372103,617.9662393116037,19.032299601694458,96.27803770627145,3.74381811161336,0
,154.31546939309342,12186.560401134388,9.227717133685541,311.38158183684345,379.23547698609065,10.364168497797914,82.12780156910856,3.1625199426005466,0
4.842056405398664,213.3128772950125,21510.796320963032,8.34882137465161,307.40662024174424,472.2745747581456,10.121749130346757,,3.330627135043133,0
5.843271466730508,168.93881408606154,21568.639728934417,7.238003631366279,340.9797704156416,578.6374440762575,9.961132609315014,79.99673647606916,2.8258886169935447,1
5.314184405709332,268.1831005935494,23422.76024748213,7.155550613427795,,485.7303441007316,11.303660922081056,61.463877777325514,4.079644249117644,1
9.86611000504356,215.12827701069648,27821.189317475375,8.326803640333951,302.9759494417873,397.60821219055725,17.934950063913355,86.08879009370725,3.297531749686136,0
8.567728645104463,177.2782838120261,12902.570982385694,6.501160436983628,320.60253215516366,416.4656535594123,16.13479805670689,58.531117866207936,3.583648074052581,0
9.101772601040713,176.2676530658619,36811.47325070769,4.145617212681407,331.6386713510779,354.59868450070627,12.47595873362675,49.37174796327356,3.8704792691094863,1
8.227458581828744,193.31399448654523,24163.391760521205,7.897366405482677,305.3097793288795,493.1487052267247,14.243250425038418,53.5246828531464,4.784316249237935,1
5.284807683764606,188.49517680392486,28387.034471457464,5.332911564702745,379.2689269819403,467.65599862530314,18.928251222099256,54.351321878926704,4.6944566666871195,0
6.24601277661516,233.0914945394249,16506.118017784665,5.599816859459192,,380.3141053680859,20.595515916740887,52.80472644847002,3.9273273924219003,1
,202.49936366118425,33293.821814994924,7.1203538378333455,,337.6614320903037,15.138562143695674,57.13519810070938,4.957092721732233,1
5.136816783861807,172.3139484246876,19760.107959654026,6.969702693465518,367.6745549583728,315.10788932202047,5.4777792808031105,80.26127446186236,2.4003681627297286,0
8.213667503974097,258.52768972792217,24447.828643243978,4.888920542021304,321.59861374654275,501.6200617874555,15.26402028365551,95.45999528974687,5.43423202881788,0
6.697882616928565,197.9912579403849,13832.084044759431,7.381476671330362,299.7808503244209,431.6185562821884,17.37401630878186,44.87753363834432,4.510149777157577,0
6.48403491599614,221.64944854585733,13272.425248679103,8.646500664160456,352.0361447688536,439.265050226413,15.023532965483607,86.84364103304037,4.050186562315545,0
8.210426349443551,176.37151243521632,28048.666404003554,5.337220318980063,,355.37929205780426,16.684764381012133,58.67075387553375,3.274739449013391,1
,208.30924184023993,18124.292456848423,9.13052366274104,,303.60967919093787,15.46188638946387,72.02873935485215,3.628307454418238,1
6.506063796347663,206.59929650878826,14527.282489601745,4.654930096294688,300.59345269655034,499.6884291081941,10.193323668135026,39.63591722532405,4.445293698550873,1
8.923334387349154,134.2383312758785,16374.291842602042,10.465372148106107,352.6759414792652,425.2875949701162,11.346550785566937,74.87888658063977,4.463021919154503,1
5.361109309116163,262.63224563194586,28142.908936069227,6.470208519836096,,495.21270522585684,13.216986260599182,33.95404541951611,4.491346829060814,0
,238.80638987513336,16498.32748138585,7.350074854986488,364.64564064804233,390.6988847150121,17.806522915968944,71.47946946997848,3.401772547194161,1
8.02303100016973,183.31021800511994,20982.42449640121,4.130586955472641,395.21658301075996,402.7503819257611,11.744923733858744,70.56240284093467,3.2447187838481364,1
6.587821161490756,160.12737093381148,22145.86188033493,7.021825014978493,225.85701077938094,479.53875863447945,15.78903771578491,69.49050352290067,4.122260090594955,1
7.598551505364968,207.7978258618608,5201.682078596674,7.481001840794743,338.38041473976307,481.0783717973554,15.28522248587916,,4.57048608706175,0
5.090729413547368,199.22062035674537,9114.415135633932,6.983863875522799,261.8859003316293,486.3492536254788,19.53031294741192,75.29134159227164,3.97248418261379,1
8.549202960538972,208.06439502875898,24962.7662113195,6.2303318982572495,,398.03183472424007,14.142039934391637,72.72769882236248,5.125557712570431,1
,202.66906478686167,15551.396454677295,5.624428060726053,,471.55770774694315,8.471749635505583,63.00296396068669,3.995847220508287,1
6.248870397374727,213.01520372837885,31280.056355306137,8.906232058868952,,511.5274187998284,16.421141238808335,77.27053797009464,3.969447257810271,0
8.747924669080653,243.9574113960026,30491.605770118196,7.168675273296762,,413.42232601589836,21.356962750508554,64.85312490857012,4.493036793130282,1
5.960093532037012,215.0492333846299,28320.170792744295,9.5543887548965,300.5162366666165,380.38987043978096,16.637988871507968,74.95561443114377,4.92099950732179,0
4.84054653878194,161.85732719584115,37970.886301075625,6.288157879424022,,530.410861300061,11.672840131107552,64.36327248276362,2.917580897352455,1
4.604959614096993,241.17106659718542,21285.515413430956,6.4330243844718975,399.4588313498334,368.99769581438335,10.698759139917627,69.90623821615237,3.0979508677322336,1
8.043555822639567,250.3134068474949,27703.856589022627,8.408638906461938,373.3749544525856,472.764290496792,11.125673161090488,75.69901718659774,3.72565607855965,0
5.044117329530909,300.00962543075735,16889.729128649342,4.555699560034369,414.28325289917865,417.1683088637848,20.91096232406457,59.9617745588602,6.433974591979158,0
9.87012274935514,159.42951618708202,43517.8672468833,5.202727890958382,336.07687714223187,273.0546668757178,13.196546171874047,46.43652403440713,3.766054521218073,1
3.7697322414648817,204.35596059238105,39407.72053574091,8.854026254737999,345.7056307120093,513.1029725336189,12.086650366429229,70.86695830976915,3.8750093044517566,0
9.777365625581162,127.9105946391461,22118.264421699674,5.268344391827352,322.71292535055795,199.00026965998174,13.755574707938857,85.64435250595722,4.452314505250176,1
7.415517772852163,214.5575442617484,25403.898417959772,4.245899395821975,321.8890551469763,261.53276964465005,13.231037669115127,71.24026274245148,4.73200454419451,1
6.926226152126076,178.34517419627653,33933.18615086225,10.072272957155484,,464.5088170236279,19.468922690896637,71.54754265178731,4.10243239083471,1
6.21357865197377,259.6128977338445,20723.886952272165,4.917768116358755,,464.48789427716525,10.922079504736036,65.71759059688436,4.8781910461314,1
7.714626421819792,170.90065978578903,16256.435871507834,7.410908649358508,301.0894060398137,370.36079588633754,18.18792909679608,78.35893980187039,3.0387024772397826,1
7.020160823144491,140.82966171163645,29677.73031098642,7.229154604504348,352.08386755604124,433.83698133830825,14.684124839253089,63.39156496688818,3.3724510287006746,1
8.834249992406269,180.87484820570117,22701.890020031886,2.6792072597434275,340.8218232701603,217.29982370022165,18.275257759445637,59.05591772136738,4.876739821452119,0
7.261621961372643,131.41596208238053,23618.689641325942,6.697639103394862,345.6957902490484,479.0277570385138,19.51846903475971,84.28372573151533,3.97853562953111,1
7.318979800724385,221.06615006420037,14698.72332931453,7.828492934176993,403.16388210196914,442.0728138636717,14.560680168252343,57.815890010024404,2.9852885280932417,1
6.501856582579969,128.47006943909219,6952.561530025174,7.6798088227998,332.2177225207092,418.2011445935626,13.23713945222676,80.79163991358931,2.9384204133385783,1
6.989456458283502,197.30568526930227,24084.72125099359,8.547562680409532,365.123632458189,423.5744085863747,14.49905193347349,84.29403577447573,3.3374661718311307,1
7.569404812538374,128.05154736312824,29949.313008184796,6.507763722449415,418.75352200242475,461.7548025199208,13.966309075663014,75.57109796076415,3.9716579228831748,0
4.360832255675965,185.83860818683522,20034.087714254292,8.245757018505614,387.90007901020084,419.5541788709029,8.79544103150481,46.187369293314816,4.334556064386895,0
,250.40427376285308,34609.52279231829,6.030860072433486,381.54428890999964,270.4288342692628,19.418710037228593,66.83936643122001,3.7133332000435715,0
8.261789909496116,208.22810267040893,15841.750426451019,4.8914614820678155,321.07697411314086,599.3975711941102,15.093548407531738,63.131640047591574,4.270299367606825,1
7.351676046623428,167.97833026875298,12765.840157319484,5.069589166423652,343.2918153616181,518.9387222262073,10.43014169748101,58.37473204867464,3.6290881403789803,1
6.78746649519924,195.34402928368291,21424.57634522922,4.809865480791245,279.1769959841198,318.04077242081075,7.436497810143266,68.7097206832652,4.924657757261196,1
,196.9623947528214,21289.871221551934,8.715145829268087,354.44503448794603,393.99600903288194,6.5756465390005445,78.84575870251034,5.9604352737664374,0
7.632654911525057,211.91008577133118,28765.61471852409,4.726973855687481,,402.81371675158874,16.830290245435634,58.980617959077215,3.6637620689741497,0
6.2217821083081155,151.42769701532643,15218.774229797265,7.5529813682258995,334.748611883969,509.0826219652544,12.231184248572514,63.62702833025195,4.344347592423178,1
5.842495486610323,215.85361196410025,34010.32008210801,6.6998397733655555,376.3264081290192,247.37788464745637,12.774278788572008,62.49966645059845,4.280760442837088,0
7.391393955605314,107.44960315290075,39261.139069941,6.957815253948002,283.7539668551815,381.5601520687844,15.895790615623506,85.23143351690698,4.078182432482742,1
,175.6593959182779,21670.852859446208,9.274499526415525,401.49601929506156,279.5953626494629,12.571880603303113,62.24011200382471,4.4795357373662075,0
7.7291218815860105,180.31555606019322,32972.26329911561,6.427284759799868,371.1310933744865,398.8485804107537,16.08899581713713,46.42731645741496,4.343480527404266,1
4.372892069261834,217.19378604122232,12750.121481427463,8.0863304672485,,383.702477820878,14.595324053086927,40.941824305133494,3.6025782150997823,1
8.716357463347773,197.11410243601546,31442.24534936151,7.179350095182157,327.6196204726035,428.3308745258708,14.001531079776028,72.2689643870374,4.996905702645697,0
7.8314299970367385,150.15508678920528,31197.206497802246,6.8798101291003375,353.68691653559677,373.0040510720778,9.074196157161172,54.09216944864611,4.127299673039685,0
7.487087277559063,163.98342602313653,29585.200231954565,10.753951216530629,396.7736580320817,361.1922895078178,11.566689210187374,77.2199624953087,3.669855672532317,0
8.642478664473368,202.90259871391874,21877.623965824605,4.842680041769716,337.98859170814023,471.9706538282976,16.274392060092527,44.86086058595462,5.875697968600973,0
9.728104366695497,193.7702657994934,320.94,9.156828299991163,339.7457599599795,458.63665092297936,12.022507792799988,57.68040114424037,3.8793535658186324,1
8.692848403378827,177.32839927517665,16387.06061998625,8.157122373474156,,466.4540140633375,18.269773229646663,44.87139601476401,4.168856196310525,1
4.153009972182684,180.56018500084613,16525.70158481133,6.362350508481781,,407.5929346865301,22.04658838241815,73.43200137758159,4.106843468772663,1
,219.26000374659742,13436.19309777104,9.694323257557748,318.50086187634844,375.68208778456017,16.452635345784778,76.89835320730684,3.8686822034580577,1
6.086538461463871,179.34826820406022,23085.986342381268,4.199986022426112,332.557795265198,412.28434240308127,19.22127356041867,71.8789550505602,4.319958469934332,1
7.1214847698352255,193.47355989632408,18340.379700505866,6.295608681467467,,462.3939185029323,16.665607158759986,48.82955033586583,3.3109000709085326,1
7.903077842545906,267.71751501608827,14783.421869534723,5.210598117254859,,245.96266456745522,12.511592704955056,54.33354262028943,4.435303841487985,1
,149.5593148992566,12729.926784078616,7.771091874496907,380.8769779830855,453.7421262125727,14.942502010512575,70.19120033573495,2.598483857853905,1
7.376959155518555,135.48141098582522,15740.064300863789,5.36135872012426,,446.8745483003984,20.94409233158253,39.0923440165478,2.9575055940194392,1
5.8789411375582175,222.1344281785782,31848.034344050924,7.804241035851284,325.2767837541469,426.91303622984844,12.547037111903137,62.49843659980374,5.3940651467914424,1
,174.05621614464988,16217.845536744993,6.825430463001945,395.26525787219424,409.8224892443312,10.839826640713575,90.94352861697456,2.9901795791570067,1
4.843408856011326,185.90635008782266,17498.8139069304,6.362620770603387,305.7660089730739,214.49623122894232,10.525816459488457,63.488319214261544,2.441232095411249,1
5.612059138683662,170.68557828704897,18009.504993835613,7.734062648732631,327.5131937727387,386.34105927622517,13.559977739510952,42.31534774046303,3.009495388128374,1
4.93082147707003,187.82777137156418,24986.578355383863,6.6955778341778585,,566.5124366292732,10.958507386591464,,5.327244669973453,1
,248.9299331257277,26014.745577626636,5.399956947966719,292.80921986473044,422.93268270783045,19.821004304817254,56.19539817053683,2.5723478425872823,0
8.755290456606465,222.74398371936377,320.94,11.546169323623268,,397.0548352383093,14.996140129497162,101.03019605775557,3.2244649375785905,1
,224.7199090708438,30972.369886912347,6.350275850813952,338.445411361218,423.2563587275929,17.496414085307265,93.35068752271484,2.8326098622327507,0
11.265487483091452,149.80445440553783,34608.98365402875,3.6161776533598164,335.7135574289884,450.56274324251564,13.291417557181198,78.22653532376354,3.7561792262697935,1
,158.52006514214168,12805.455834086586,5.789484070240206,386.81218070307415,475.1358521758025,10.505947275427248,60.84903144060418,3.6299036994190255,1
7.373889436674849,103.02109367611916,13488.424780165471,5.117702832371086,397.62715700995193,403.3919052135751,9.945906040615853,85.82618791465192,3.595009924752914,1
5.715211129511871,169.75755860279907,18066.011651529083,8.425310073344015,298.3209646017222,456.2320022654575,11.27454733339042,48.06062304016359,5.417784363536007,0
8.193492708260296,227.82640076836046,15385.0158351134,7.628211202154706,338.3887420639174,557.3969178791731,15.430309385228412,83.81898860065212,3.0347212522427127,1
,213.36720143780644,23977.608469081995,7.749966226828744,361.7073649349538,503.21518961015204,16.000812504151906,81.41461183545631,3.8902935318206535,1
7.2739956052861245,189.08664391413416,4945.846769792253,6.535364503977154,396.5871120334027,611.0330634455611,16.276579001824246,63.951226013374644,4.234108972130173,0
11.150534415847384,195.63676667135041,12211.463513997285,6.678626609650064,,368.8098196380143,9.352493416682051,84.83203455001549,3.205436775583728,1
6.927264759437807,173.71944336012066,35510.64839353769,6.533928856299884,345.8296330939543,557.3596359963128,14.278645594676725,59.163962125274914,4.3495401853723505,1
8.907344588794224,203.10247205337066,13874.928240911191,6.991714769065958,361.38819167472053,357.9877564214559,10.88373533974618,45.93091502277059,3.6581478142484203,1
5.961949484049839,221.55207782932263,32917.17789652496,8.43982682787644,361.68750511820787,450.4652159795642,15.608852352704787,82.22347391033873,4.261961071628088,0
7.024368300109831,143.23964242994367,25129.897841705806,7.650999151758447,295.35407401358145,481.0887530930232,15.865745053696566,65.02076940652356,3.885760583809991,1
9.895573010660462,206.222415976092,6149.399395892839,7.910178270800969,341.7657259856096,380.60898735028053,10.400107214342489,76.13681016137245,2.370585644058283,1
6.08312237811745,227.02845855698948,27585.01852129697,7.9093030750337405,394.2184483792956,428.99927290547095,17.484177999819913,95.86194505143119,4.988756995957278,0
9.961793207215116,182.7215024988844,20982.31602401081,8.517419051063147,,495.4734663001578,22.02150393645849,54.71392910862792,5.584957485976176,1
8.205325577374206,219.4090361265248,18020.29523458021,7.575277065633602,339.1416799343151,364.4859059984316,17.04330629140523,64.0801196116892,3.8321317380908457,1
6.1856778263281145,288.91583813425757,24162.01341847524,7.686979954832692,323.73496866063215,556.8095712006408,13.741019329085843,91.79668628406742,3.269597399544049,0
,192.939208966591,26175.946942536408,8.998313861085187,,309.98690078953564,13.232233722375753,,5.144689922517037,0
8.6263615749065,209.30193580417506,28218.65842241199,6.069227449555083,334.6328451410604,578.655862401308,13.587998220663996,55.07751519876964,5.444498664236628,1
8.068677839925343,172.10268308921346,32345.682571423986,5.767926723676618,346.28022176764193,502.81717821450303,11.761970967168095,50.94781355673124,3.8383395789598023,1
4.583342695374174,202.32953822635542,25592.85832071091,5.246243873284768,312.55252374971303,414.6383789211889,15.115438064018283,57.85565524312787,3.7994291201279986,0
5.923851890438459,211.50373102941816,9951.746198090572,7.409005010520005,285.9549375771945,389.3463551678474,10.511688823279252,54.45245007628944,3.907669343816231,1
6.686445369473107,202.77641614808215,17860.896649403498,4.191103058873785,297.30528043584405,380.91197580122946,8.025100326360949,,2.6638518663886623,1
6.961650847730927,162.8424178879728,47820.41534118637,7.85020347177429,365.43265106033505,410.91499635442807,15.006881566802846,,3.7429218146192826,0
,203.15517504118083,28366.840577331404,6.9474749106891265,415.4819760996028,417.97056446962387,14.350281447717967,70.91806686417519,5.307654672288411,1
,244.4470024650359,42789.35154727667,8.912730725717271,391.040388980303,523.3373852530069,12.389427245592886,52.795648870762726,3.838422844598963,0
,211.12114393723766,34250.05143014931,6.058370649465315,278.0971884799185,580.996624393082,10.034274179159684,65.25390737624137,3.15877306825968,1
7.684514583099482,228.00013877668215,24134.34839058159,6.79875710904034,369.1786632030101,438.0038851872569,15.239052729085454,33.138777657388424,4.357414783057495,1
8.050831335001279,188.5770464259848,24656.99898987061,8.893081266603524,306.31181439397915,353.5463056006963,11.002520622331808,68.74620221490692,3.449584937174593,0
,221.02671987225162,21693.335359737088,9.30535432190948,309.66249827088643,377.7844213957828,13.820094198635742,85.41862963538591,3.918167343539017,0
8.79844135363185,205.55232652055938,6776.02857962686,6.045359262112124,314.6449707320294,407.092602787716,20.12205683715853,43.347611186778806,2.9802979511731222,1
,165.10405520788382,22172.338596575297,7.407214347487713,363.0252930630119,338.6355314499146,16.435438137294522,74.22186877187593,3.1614331542743495,1
7.810096325973214,206.842970637787,32629.974561184936,7.585181984740796,373.5122748525191,326.6079558816816,9.748170887516583,56.513787788514094,4.545374218793603,0
6.968436518780751,163.7630137060826,16756.104730610637,7.710372380881415,329.71955302759113,591.379821303988,10.06024129994928,79.38446866675872,4.060376087932848,1
4.439072115709574,175.56089656178804,25626.328708983412,6.705130458281317,330.42204990744756,446.3472251669762,14.782521196981842,68.96691576061468,3.3646752382626035,1
7.763092968420811,202.59511474377328,29481.325697287713,9.144585769035343,,354.5561801359544,9.72768854238464,72.94811254284593,4.063237401637824,1
7.410223422589347,206.14339170873848,14037.493390257809,4.134268495877958,357.3063338270941,487.88790055631034,7.654288657114511,67.44885068186304,3.496425567192738,1
7.511810351140644,157.268036548264,18056.809242802072,6.454614229014287,382.49926877393824,326.65606619311075,16.042151357392154,87.89240862729883,3.3586670678912682,1
5.0499697644457076,231.02505215649296,13088.461841946697,7.827730557781257,,333.31030629106147,15.342297346802072,72.02110152910676,4.877946829853679,0
5.361120100750863,215.17756643051956,14804.873326151468,7.8424152028799625,334.6095324146829,356.9881131459877,15.771480476533927,54.986244307440344,4.580644491487242,1
8.754513036799317,173.19852903711416,10723.632937918279,9.257359268371326,289.5424303505874,555.607763359512,15.150646451817261,67.99720954655385,3.953407177287746,1
,145.81421189275113,14118.444635014475,9.013196121258034,,401.45223308379184,14.063821544364373,60.43150472480933,4.082583123054769,1
8.163586108822473,191.60553743980253,34460.686498973504,6.668844232014586,324.41181958426284,224.55124131854103,12.088155907190252,69.02763048748696,3.9634495464792123,1
7.1250262180474335,181.70737068824505,13986.665587029735,9.173796564778355,,519.6875287192514,15.988406737751092,59.608126053904975,4.3498672221553605,0
7.1273122617982345,200.0900582279034,23122.956514478996,5.991814044831621,,397.12825814839823,19.343914346621048,55.449202298860634,3.3463887064045585,1
,184.43072418120497,17604.650132623465,8.590802064811104,272.1764567653483,272.42084496490725,12.620931985362166,69.62422440226986,4.642753692027542,0
6.2594888821343755,130.3648184187041,32351.05848952399,9.980625515905169,247.02839764346868,396.2956405027972,10.90134990421053,67.30267619101585,4.245781353554834,0
7.2328320353361635,183.6011526686579,33511.108379129575,9.03961168883085,328.3465180103503,463.99753492360827,10.522754721748798,83.61480557284182,3.7648160564461497,1
,186.3212436280739,29590.748123284106,7.287117205968115,315.92793419639963,454.5452536391946,11.411122927665394,59.68601387563109,3.5895331354233377,0
6.389150998382618,217.20477449457107,24698.452258300225,6.595789540600047,305.78266192382546,567.2378986161007,14.950601116015804,34.34978474752594,4.626082134578111,1
6.588416323684863,173.4131946987887,19988.028277043002,4.704825751910327,388.55995733048735,352.9693013470982,7.197832764637715,60.5125704808636,3.8526206734029174,1
,251.56482326049,11563.053225069732,7.610652627904442,298.1820703029382,425.66592011981504,15.733654104870999,40.08435032072979,3.424863385252727,1
6.318789691555071,133.51525869457024,39056.05904114166,5.3579567798059475,392.46526768218916,365.35081090529195,16.411352064080276,73.1255725408826,3.6700355817600276,1
9.076652239661898,239.4811873277503,15352.843966725493,5.86684723148998,401.0396078876326,297.24997029178866,8.328360628589067,39.31633151931662,4.569979626133545,1
5.657574389470989,188.9943922375279,27833.31944920176,5.2386216348360595,,493.45832222976725,11.038912755921146,50.40815621013984,2.713768503028089,1
6.7828740857834395,224.63315060265614,31304.96489313834,6.3925801144024845,337.6064400317373,459.33144657850255,14.543744043288319,60.537428465112725,3.6927810536472316,1
6.380827617344062,198.99387279585116,17145.074093250834,7.075808325110568,,444.8168923046613,13.805115192692442,91.38112078503534,4.805054482347096,1
9.380694836122435,233.83858602451744,31115.975506646926,7.552311038241815,213.17308060981082,456.38318341916363,16.000000019969033,49.04063792773264,3.838790917759459,0
7.392522094653404,183.63353860550356,28715.146968400986,6.171199516045938,273.94295929790627,366.49008404572186,13.812837120780829,66.60071262731176,4.182797051176716,1
8.72063281775513,160.24736042015354,37165.86184801348,8.80946825610439,365.87785355643297,340.60972304294364,18.466387133625133,75.78402101516846,4.817679792339012,0
4.717959006871215,243.07618096547256,17898.592654884735,6.7910356923758535,417.41523304730055,424.9326606187277,13.216929289165412,90.41209975111089,4.666017129649793,0
7.504609922732121,192.6387563633952,10738.901354001611,5.87539855544048,371.16892867060284,515.7391055429066,11.026160813957615,78.98471908285242,3.626754157028861,0
8.494512965041265,203.65484261276404,17581.667695101925,7.4775417822446295,347.1848570114875,551.8547940873557,10.760007422673585,84.09941447741329,3.868293029281008,1
7.210831542947925,236.96864293379286,23845.436907460266,10.222413476999229,,486.1768713641767,16.71440076572239,80.38448821221795,4.67571584334863,0
8.774113796353909,162.439311639935,22524.532372336213,7.649553695125486,403.47589792472485,424.2478771713975,14.378045979877392,46.83639032281047,4.702786200081441,1
6.2575113643404086,215.94974071437878,18564.202265863867,6.5466881087497,,443.6939371741028,16.377599631400393,72.21981824784982,3.901320902254346,0
9.320862429895072,176.97426040750014,5273.158437135917,4.706611057332448,309.4729762141082,422.8270157106765,16.309435472448598,80.13133420614656,3.928234391211907,1
10.735248016554609,192.02427158641305,26139.5530853678,6.773328532864129,250.94055667194772,338.9732592854922,7.594296987351687,50.92382531307436,4.178793281736405,1
6.503086688900942,198.74653238183544,39308.73062894581,7.4911864376392225,,423.8820011069761,10.506326590612401,57.01948519460532,5.036182538213488,1
6.371650990972773,147.04270519562473,26084.909479068225,6.5076221918162,,314.00929660249795,10.901731115932353,53.404348664844235,4.802701574113206,1
9.390881318617144,170.7618380320641,27355.33743830707,4.488692271579221,331.8308352411249,411.8620785863523,11.578827536092266,,4.5108416289632345,0
9.591519711711832,240.79327670254403,27033.61673819244,5.776106684584574,341.3698799312001,554.1200150383945,12.888623869031699,65.27903147307465,3.1286379646701645,0
6.248652556826303,225.5079662806681,25495.621518130716,9.418170768202657,,488.39348238535047,17.587185158182884,61.20871342965813,3.7556299428923596,1
6.411902960817587,194.31041069748053,30183.46824710057,9.385721585894128,302.5829152323017,347.28350753000365,18.246976586390705,45.66258074855466,3.796616394521876,0
6.631962471911794,204.36389931590392,25480.951799634193,5.719110112656735,321.5411846882296,416.03628259151066,13.31053135202808,65.30956098332445,5.0764183254307085,1
4.9423236874555,186.69530641467327,19272.358350493374,8.182955723775088,342.3886658389398,354.45570648398206,13.448260349015095,57.216420416346764,3.7836857748798827,1
5.619343405090125,240.97446172602406,15034.40552336454,5.257855000063126,317.2703177481921,416.83763725591785,11.94501437337038,70.33723416597415,4.9476854020005385,0
,189.7824072421279,19830.94707551553,9.338819725552025,290.8139488663584,506.03233373151517,14.57521127785958,47.90679072591661,3.5248550369857545,1
5.859201871484435,203.9929679893938,24768.556478692415,7.507472639672893,,474.66610157420644,14.95034412184933,,3.587110513024608,1
7.024851029055018,234.0514711393911,19242.49442958593,8.620433567814123,383.8287505039344,622.658524605838,16.949434087057497,59.297776533329085,4.3455342025342505,1
7.452401424733068,170.8100255782666,24770.39074674577,4.410152511451589,343.9189789439769,518.2660236706619,16.92283218300225,46.18637574160533,5.19315443034597,1
9.545295783574382,247.62298838625787,25864.80868786147,8.190666621041323,359.13553494409894,438.377310798699,6.65998925096144,44.924544267131594,3.804813839171056,0
5.492617075225322,146.04842884763778,29319.88216565278,7.107874979378485,296.54864675346096,476.61726090945274,13.775076223321138,47.355810121792814,1.9710410677482657,1
8.645072613577769,249.95263327098883,33262.36747991242,8.46604793184953,211.4326312347061,405.5285426625028,18.861371102246242,63.06046325061203,2.7499369461756684,0
6.73975773768144,184.11642679965908,22698.103509451157,8.565491120994603,312.1130196088441,330.7651067504694,12.829839590620724,68.35770612800144,4.202410013808276,1
7.001352701652632,188.39006517150474,10546.759644143178,7.223939809370104,297.8866476356959,527.4228630571974,18.050890418782483,70.7657463718628,2.819659099110221,1
,134.22646557150483,18988.020569754153,6.170689170228455,348.23608816657503,503.4366911656158,13.265644541962963,71.37620620884628,3.2948609954107986,1
5.294871985715945,181.41634969262145,22400.455706684486,8.351919967843601,,402.4079983765158,14.8589966772329,54.127093637356545,3.9796267214978407,0
7.68803149643264,162.18116125983605,5917.023157648253,7.024955890939898,362.57377644974815,444.0294862587907,10.516891808158816,83.52495905297994,2.0594935483177608,1
,176.39058816412023,34190.69205103502,5.740999773426325,,522.1827051244401,10.641487274454835,59.24479098918809,3.6738138843261456,0
7.862997509772957,191.85521544486164,23262.5406923019,5.666159474296856,357.33844078095996,490.29212226597053,16.681377104190577,73.68342311776647,3.06144932486899,1
7.539778143813431,227.86218828386916,25358.009024715648,4.7860802222264365,307.6901120397381,303.64215687399934,17.1988185074642,63.74396508607005,2.8006398200374147,1
10.983927222458322,203.19599819405258,33987.804373513936,6.31373996789036,348.190683955767,441.5793701368076,14.36747967952363,72.47755152895522,3.344296137409913,1
6.065993425040408,206.48640836382862,16488.63848389872,8.862253432797518,407.5340507903667,408.34202011003043,10.216894756866925,62.932171889775304,3.1360170384458437,0
6.23571484154711,160.34932249475793,27047.61685389178,7.4009710835345865,,511.84271650438814,14.42499308236988,72.76901230297649,4.336194570033997,0
,167.41080553386223,21050.73874609206,6.282967024641596,309.9495262156556,505.21887414841467,18.441447719831856,66.28044808533637,4.90329089361265,0
6.1967913805351955,255.51207860339116,20399.91142049022,8.391672382324526,,528.4598846733495,20.048888015871327,79.56794043312816,3.685747055743371,0
6.066554467582637,172.19658997698446,15243.066994070155,5.804686937677046,,331.54177954463285,13.231696744001223,53.15367600084282,3.505021892343468,1
8.970536284461007,250.8261273276439,36619.048371435274,7.270653433445791,367.937774434719,358.5181058175748,8.785837415646714,37.76315818529045,3.6469200990968393,1
9.33860175430387,188.37814778079712,18721.491613594553,6.836184011093686,,511.9301424884661,17.06160351452632,50.65107695355632,3.105614055807999,0
6.172513392938333,196.44522734039842,28147.391211402246,8.351026388429597,,374.0731852040235,13.366562150733946,83.6950999585514,2.964781321416651,1
5.7565546387642765,231.5636064683601,5572.956472435202,4.627979173947189,,298.92778648250567,17.401464523567043,63.89923829421638,2.686467526743197,0
7.829550734654383,238.18982283334304,32360.90202178197,5.776687561612844,348.69662400191663,464.9344481289687,15.21034906480832,67.88956794194338,2.9329736525118246,1
6.201965359593256,192.7264830180236,31240.477175790387,4.531571858630636,351.0711530790623,377.6638056577041,11.355800009928275,49.35215958472946,5.242952985547851,0
8.086361590231263,183.6045684002118,22868.447816529624,6.709837179541354,337.14097751521126,566.5408900563249,14.47278883378255,67.46065927293151,3.4314715924165027,1
7.402647603153566,194.53133565258963,20024.12909969698,9.03405545573924,341.18238044999515,445.8276356533476,18.610599994949823,49.85089141890378,1.6755297920242649,1
,207.48204352827204,25521.51804922295,6.3213934087474275,326.5805888935586,434.8421555463794,13.786300296518423,52.22985896964643,3.512095587984815,1
9.540533270114798,225.67606522427758,42083.51112527508,6.313119377650872,375.0324531271377,392.0477086796145,10.8547949089958,59.887814011909626,2.7294766613265593,0
,196.5090777637277,6553.025579095869,8.497324590210935,364.27454077873955,550.4613116879777,9.021587801945067,73.60167363188592,4.016398253197787,1
6.105665982129826,216.7189814790013,28871.351889860867,8.808308302359373,293.05986764528933,450.8683714482953,11.724134886478002,75.32889385479582,3.9322841489151363,0
6.463554519701785,250.23926799706854,14020.509872852355,6.980057713715312,291.92133721717096,388.87506894261537,12.92244897353805,75.76894644863421,4.013590797399803,1
7.534525971252599,208.90746005126613,21839.434147758067,8.20184946939883,323.24381164675975,357.7121548321478,16.994197139886126,40.70479901858204,3.9382336585787563,1
7.611786296079369,206.61714590543713,19840.535824250408,5.418411825412845,,415.9519077301199,10.569988923543532,66.29216838368558,3.679285962396596,1
8.1270853935498,146.42821207103856,18258.351374222333,9.297199447602154,,342.8765826211486,19.422918741765095,63.21606993586734,2.8344010251988108,1
10.276225216638496,109.8715931010604,21922.32578334211,10.514955944420542,307.1407100127196,505.04387483649225,9.854026182115655,41.609288507802056,3.9117698238622896,1
6.798653908284462,209.13979397708795,12069.030920651525,7.943520950078185,344.61210027638384,275.73979519376144,21.99721896636313,66.65861734556518,4.764761179525841,1
5.8107073811838585,193.25217927548493,31038.53069681861,3.826756038278375,320.07782828138744,410.6144762301212,19.9914664228573,62.348087621873205,5.38466500536026,0
4.886882427456902,179.4439456488033,6282.017032009289,6.237996185411501,370.24974918248347,471.20099311400685,14.747260285474253,74.67648537486743,3.784366764701315,1
,204.37727311364702,26747.052914251217,8.088264008237529,347.57528038047707,449.54009153326245,8.82613439991265,67.71457769356002,3.8689042426787257,1
7.027328113130663,194.38392538400566,19150.837519540935,6.454056864477147,320.7211774757322,363.9191901208736,14.096546354838184,57.51199382001697,4.360333199689337,1
9.933347002993283,233.4514146408426,11746.753103906776,9.130073715715154,,475.2521086760233,12.999556429064665,81.3788364483939,5.134728416388242,1
,199.2013253483552,23788.7027519306,8.049288477808668,388.2492906254924,350.2802966306509,10.062109291701441,30.460441957458492,3.5906886438064536,0
7.435822843105849,171.8111623868929,8361.85540963818,6.003768708790042,310.18592222944903,420.0808720619278,15.243241866189033,65.36019022200891,4.510268027221263,1
7.0538875952443245,228.92666593698144,22362.32342571614,7.17097840101858,350.45805217982536,474.57183584745235,11.553741240177818,37.87059992037048,3.328200972890977,1
8.969545304782454,189.23073025576886,9537.494232470839,5.7077435113902375,330.86153269789844,459.30261083863337,11.913661646265885,51.640712871884986,4.227282212407093,1
11.097822557139057,213.68252615914545,26058.786560386805,6.831515892108342,,367.33334709707856,13.605823719565503,74.89148571469129,4.727071257762329,0
6.23591865105669,180.67273598038074,13908.798015048698,6.2437426801165685,306.6679201191048,518.6715068287318,12.377051776984121,,2.9631287268927187,1
6.301791286396027,175.00369200484428,18059.51739209731,8.9761236443682,,428.89665526746086,21.158698402634197,43.36424569337034,3.5603871168257903,0
8.740215794539825,199.13745140850568,24591.605784636773,10.463299049792973,379.6660403577039,481.9388891121022,12.50678456477149,104.93986983166481,4.714730815422102,0
8.164207468505836,196.79180579971637,15240.000414363527,4.858722433487512,294.9691708367862,545.4719433593318,15.739316147715714,44.40670314802175,4.45060575980154,1
,212.14671292286147,21505.82861142851,4.081318267788592,278.71604062027507,512.2080107519637,14.761679449216297,93.10542821196341,4.778037989445587,0
8.008445814668283,187.53692763117567,8739.961281699414,6.732627573474811,280.2879105189499,512.4188586196749,15.447603245606865,63.61376897710757,4.631782924234172,0
6.508725575648575,135.99049030962934,27545.96689142514,4.720903195850681,285.2911579991081,437.4623919304343,15.700282615952185,57.908264815117384,3.7039392482249696,1
8.019141180800771,182.14039470761378,37489.860247938326,7.19301433380005,358.4382905845141,486.0558364719874,17.197306520666263,75.57060379971716,5.685368315747859,0
,222.47075119968866,46497.76891288925,8.303319059813365,,439.152875156288,15.161936510297705,88.02609214231,4.076789792787648,0
8.384566668103808,186.59227451448666,22813.50427581494,9.480744197681584,321.44117482072295,324.1523965141486,15.024405081073718,47.85662069668725,1.5865470196675235,1
7.886565709460603,188.26891372532165,28925.51318286999,7.438203402770144,359.3895429431295,446.3577533102575,14.473559096629542,58.14415840219238,3.7497698295457065,1
8.776012756446756,228.80205951418722,6400.549143313578,6.8148147447376655,351.03801828792274,442.6090947057428,13.821836908754683,80.10235230719121,3.604046419540524,0
8.93917998880862,172.96032028772663,35190.92113161339,3.994151831814527,,469.0670069981934,11.261949011703157,71.05974797506886,4.590294350546477,0
9.277632795749668,145.64263018417347,28820.503979668654,7.161372535713562,341.6880609692965,411.5452844632534,14.078525670739133,84.22903049977758,3.6180754541454583,0
8.111448721267532,191.08844879000176,17770.68571260397,7.23263387166815,338.21795955773007,360.3491619023456,15.078595012128915,74.73451142270619,4.827196596738927,1
6.814282252296202,180.45036048294153,32862.3964499902,8.129551766456137,324.4919396211941,474.94882164222184,15.61116468225595,95.65706446803323,4.405317510477232,0
7.313274761428984,164.59982100651303,19782.698708609958,6.000588799584036,325.04722595332726,315.7513337442733,14.876742598597682,69.28956352912847,3.189929440053353,0
8.998349256748288,190.60355637005105,17997.86412097405,6.432616891627342,,539.7917625599198,13.508918905485352,69.98890437999496,3.860508798223089,1
5.781072283130294,212.53070568147425,26182.09756705574,4.784756436619389,367.30165764083443,403.1867922934125,14.091065520421578,71.60545179921563,3.3650839134651878,0
7.666190561107913,196.06459209565023,12689.991633422864,3.499757365123177,436.52856100335293,441.7335868655795,12.447430136136878,64.0945303790643,4.114111744545863,1
6.454591288399497,206.4635376699235,30972.278260374453,5.368574596541082,313.1957870344328,467.0326699482166,15.316771410231725,80.12205022939897,3.360437123556606,1
,255.99484512718712,12754.56941483264,4.6388852134802345,,469.6294077843075,13.548065565604256,70.23532700210377,4.028059479797069,1
9.112738461545606,185.0961430319873,12806.611071600104,7.652005426764566,,308.0158888779008,14.877656705433624,79.15275254796843,3.7576015142274795,1
7.383847518151646,205.52210310711675,14037.411412056332,6.301348190466365,300.2477430574499,488.4926774395874,17.592658073596247,81.68200763163891,3.8512658613497375,1
7.153834111568277,179.62706463774046,28673.819243962742,6.2695853344818335,412.55724261760076,446.3908924093704,11.932022009083589,73.3323967476461,5.569733496242518,0
4.917828735841928,168.54169241011633,16605.85206823914,5.564627387043165,312.1573397147544,370.5481748999732,16.255061710813703,74.51777012610931,3.6888215231683805,1
8.266543169983281,177.13823635562375,10194.094605071576,2.012546616630355,413.27663145198346,361.30191702455124,14.389925695420583,50.05286403668809,2.461142191658592,1
8.10631984801431,180.6284181683669,16703.14252296296,9.50313098302113,282.27993516263894,394.89182990816573,20.9701508146123,57.4952789490753,4.762344392892791,0
,208.1895642233495,21733.124229722205,5.539572574012674,290.14531260868483,316.92569688814,13.564045912785783,80.04594426939005,4.756205603405567,0
6.5906326064247285,273.6076118667209,11658.650108914979,6.468376289637147,,561.0836505395714,16.580994770230028,89.43435252182356,2.426426664438476,1
7.4284490209856635,172.82649181525036,11915.493577754727,4.82127037884289,331.1394782440484,542.0007500980851,14.330819925312284,35.00383895127474,3.4232982954577076,1
7.476520057100101,182.6713599513636,40527.13969629559,8.655649942636202,372.01427565328436,458.3964102428754,9.684712077482335,57.211974277472116,4.309932234340288,1
9.588150714823925,194.29451532890215,14468.162017079667,7.346617720518973,352.4509106798551,403.8349399912322,12.556519093831632,66.78218134706904,4.3788785437493125,1
6.9284801035047465,209.3838661455765,19181.470376448076,5.814342849279928,316.53622204081034,405.9597324148997,17.194359358967983,52.17333920353464,3.966315464506878,1
7.52364422597484,205.03555069707335,18793.946651901406,6.500277214076442,328.25805929402003,483.15687037298005,12.847781335386616,53.091632157140374,3.983903795567962,1
,238.5910697050141,18319.39333608834,9.771524276957296,320.5644138625177,563.9575700177477,6.930951597880877,74.08420355798377,3.2379014589951165,1
7.376708505818609,116.59022872080236,27462.41238369087,7.00470829762758,,375.7905355057912,14.176056013979892,91.9866631811938,2.098118003504564,1
6.37017055286466,117.88774586796627,30327.9478312207,6.832861010566869,297.0005751659608,331.56669603518293,10.664366853782155,,5.568615708183159,1
7.388603088708309,180.0655257043063,19331.307150305027,5.632617251899961,376.35495078317183,546.9703273219698,14.716316694895138,63.64169590947616,3.214439523388763,0
8.787074482277038,232.44923016643716,11171.943590534927,4.126561782253761,258.0574086852578,277.4534593514246,19.41429683942744,73.89587593016849,4.107674438250297,1
5.4478406739364145,144.891492720808,33189.10834870906,6.8671388957446355,,340.3805400770211,16.82690369875761,,3.846098563385718,1
,97.47904867086926,21178.084967965504,7.634266477472896,,401.93894512727286,19.366330793129325,71.56348041085705,4.669814090773366,1
5.966807904246714,215.1503788764876,37186.537956102125,8.857343453637718,301.7826935232367,295.7757671319974,12.421395209018732,94.89949325796636,4.059619826516084,0
8.9801241399905,204.38144951534525,2323.5128661870403,3.5673754754905445,,511.77388725602924,13.806119435666387,66.86770868001135,4.08968394341176,1
4.658132821393798,160.52394758443475,23727.496824048285,5.342347803303614,395.2976709153736,491.14508396222215,10.82291618856625,87.62804334854414,1.9152317665530352,1
6.1913142628381745,163.96545792829582,38837.523941036896,6.202429076920809,380.0723357312359,375.4352113764581,12.015816196917285,55.941771093802224,3.3199955234170426,0
7.679766881352588,164.4848264984119,18916.468699921028,7.114500259254341,354.56671188448666,525.3084131119456,11.212011205132743,,4.550813776347218,0
9.569183206482602,200.00440123854315,20036.83513295061,6.890846767385093,,539.0218140635972,9.95474697190842,46.7782700735746,4.480641215556105,1
6.975457084893949,175.77675371910274,24605.304953528295,6.927731876614114,,412.74354820519704,18.800985429846737,80.97598664808274,3.2277107975785753,1
6.197232752557815,212.61482165591508,17114.24974639993,7.764791772540512,312.1657789715609,385.46699788895364,7.355611423462542,64.45123448246576,2.7391377054775248,1
10.071039740410539,102.50987532370362,19277.665418760367,5.692796884969008,296.0393361137709,604.5110358821471,18.81515977490308,72.18954479157196,4.068731859243886,0
4.7776578983381714,168.19671067459797,19051.93469952609,8.595943478729238,384.5045362469325,480.1742984608414,18.404455041485964,61.32969554580751,1.7027162419392643,0
3.5838985289740695,159.34534576524467,16512.507370730935,7.8048548578851795,317.8963404561726,442.60615845294274,15.934313755835483,75.88841315684289,3.0740340831765454,1
,187.94151849511246,32789.40468039212,6.6146650226776345,368.79673958191273,532.0917834074135,10.59098094260863,72.83048169698607,5.342925638621143,0
6.281733783279348,178.67898970084426,26057.08500165355,9.649434627184487,,446.29203392094416,9.043000381122983,50.306539863065886,5.09715251652154,0
5.456239820762166,222.6031034829728,24211.74119717405,9.579137336203392,298.0632467041003,381.0257442460112,12.4647838150176,,4.350054499836814,0
8.206286751205973,135.2350069478173,29104.10147388647,8.593974661206218,309.46819094278226,428.36851184260405,16.349148710485146,65.95070194307694,4.20972232529538,1
7.467643134896206,197.86575974175514,19696.067371647077,2.350680302502888,387.36992875354593,505.834039501181,14.29014063992863,77.07190663083972,2.448866788070969,1
,214.72810159520088,15225.429624505308,9.614733246494401,301.65950869149157,260.88156252765657,10.826016671236351,,3.3922795554136895,1
,257.41656771415705,16729.936601285932,8.375718465505656,338.95201641429674,398.6113556385221,18.080557837212982,71.3023920608515,3.739768493586695,1
8.46720715196543,180.52953487044653,22029.72472073864,10.29012564758644,301.3671399203586,533.6686989533653,19.85530881628089,82.70185809226459,3.4088572753890727,1
8.11381987295427,207.03819891111075,12726.317990312624,9.075194054938992,320.77610041794503,380.5207958236219,13.529956767111681,40.30407187551576,3.696810198771866,1
6.922310376590781,137.05899138054946,17627.516257788575,9.613781430445712,331.86797228076375,546.8464938540665,14.641905150907213,98.96962564384185,4.98339505099011,0
10.016152823715789,117.72248000218778,17488.485097585395,8.508274663284999,,536.22959548066,9.285710857186366,76.20000289607034,3.5473780122083687,0
5.378565221541417,224.1461814757023,40643.41002019179,9.25093525385991,293.9982871659876,416.5939368861829,12.908379969679093,,3.704067439165723,0
4.654414978229665,196.18717754485144,320.94,10.270715510360414,345.6374416093216,375.94065337887093,15.96955632718329,63.735217952130775,4.546834403613326,0
5.9798661688888215,235.11949724057214,20439.081899474208,7.462156486637565,298.7909765278695,398.6656557912265,15.454575148253243,48.48550727064141,2.8628089394898133,1
7.007518233994759,151.21251301067466,37145.956820861815,4.635875740356555,,637.2441432435559,12.59961941911587,53.111579645247645,3.3146404285057,1
7.46690972442308,213.4643823477054,23082.49171285791,6.634211777976075,294.8844187878643,573.3809838011448,13.37225398694296,97.31084852791864,3.394576381549663,1
6.696434668008435,257.8167305970819,28620.48385491599,7.73611404702583,330.5530487209568,432.0240983414206,12.799732462037532,50.39790818853233,4.013361874310363,0
7.639768080457732,210.16992040278691,22889.424031794373,7.238322383307062,372.8681216968414,372.7390299580385,13.358281797592145,50.08622767772255,3.700929587354941,1
,205.4639999038337,16162.530533466608,5.1504320934681065,396.18041611605406,431.34925649567765,15.680907196335,55.03807253529713,3.7255940907092358,1
9.375585720476483,196.65132393750463,2355.693194143183,4.542913152191933,303.71247287813765,441.5960922091669,7.767452247428204,,3.451413890060054,1
6.949379626355816,144.7194176897,23815.642573675916,5.94896298355697,422.84587305977874,321.401746826412,14.033903105985777,66.64766038100036,3.1347523970324915,1
8.856500372225122,240.94123812615624,15213.129195081612,8.39622849845496,292.1651246695245,428.35893537797733,15.43841902292103,84.01857209492357,4.445131480884251,0
7.624933300740549,176.28500080320944,14996.292967561103,9.616936837900292,378.66057983624034,528.766717531284,12.391695690528033,56.5222341609185,3.7065127872094417,1
7.806237618454516,212.9574094698736,17638.68531683924,8.568176829768769,,276.4659930240846,12.693407624476242,44.179613153469916,4.452834804514951,1
7.985929975569205,144.97743199993718,37314.02938427657,8.790735113640336,297.70635816198416,488.6945160623924,12.789194400900861,71.1223160445771,3.102930682224705,1
7.791856610427531,157.58936623098418,43101.07632788192,6.992311394401579,302.93219998599056,533.0011719398273,12.694344587592,65.49757121634063,3.451111116955279,1
8.101929188189395,243.5556736864271,23918.69300477341,4.367509716824577,331.6076162805335,376.58575536947313,14.299475304684735,82.6240832203207,3.7974772382795225,1
9.193352522910565,184.95070073906612,17938.746063424343,6.400751482205326,357.8024473242121,558.8132847770012,14.706999129025624,59.04605571728927,3.870263711283356,0
7.3924686598253375,244.15369765227888,11691.497752729842,6.711152229241642,361.5259341300177,366.0969586129247,7.327297613266123,62.1906633056404,4.558407606227124,1
8.207315974565734,193.79777593015595,26122.517204328014,6.334657070799622,294.68014066429043,457.5383007315578,16.441034029573274,,3.6342027541179607,1
,135.80840122514564,37647.62255756322,7.206417887291909,,397.0966316254854,13.320103692811564,67.84008650875535,4.5524589493924825,0
9.369786372564661,225.70118267917897,19845.26850254282,7.817443220630862,,397.07855441411834,20.678108110800846,60.048352060354205,4.262456326676562,1
6.004536239725761,176.97434059219563,1153.6966869325006,8.467763997424726,329.16770065319207,371.99988918215473,10.335643336245274,57.42585833181558,3.8866549641352997,1
9.943495288328197,219.34288818844038,27889.467450791446,6.6805706143011925,325.07535487441396,478.3488703632684,11.409188976023161,36.46088905861181,3.2279869387327147,0
7.016148858475494,197.1989333247179,30654.63634782956,4.112060139081542,294.4237323610691,490.4904570938557,13.608371280889404,57.25203495643651,4.5603627070613895,0
4.805067587632303,145.63227266523842,8108.49149308187,6.357053203520007,344.94698500809955,416.6833978301716,15.647776238460777,,3.247456775495353,0
7.283686019708155,201.7720118853843,23561.603918341458,7.189062427247334,427.49560004124885,311.9773689710068,7.822960146400329,80.15697250338857,3.9534013034773228,0
5.9971278646149395,268.581816913984,25970.69690831051,9.052036516970785,312.874685570788,454.4742128673914,11.535678827495687,58.77739127829276,3.927926454509858,0
8.416623242892072,212.57939475595543,21373.043504823483,6.222863609349114,315.8239403657496,455.99720052757226,16.23726973149942,87.42568345058092,3.80846578875852,1
,194.47881628118037,15080.15984203574,7.929818932871055,356.9611822428353,404.3750927797489,11.141709737308284,65.93556811988826,3.666330616071455,1
6.3705683411885,231.7272910563428,30922.40666042269,7.578338881423983,310.6338291962619,572.799632629953,18.81478730580531,,3.3287801779298967,0
,203.2967791358783,18477.02646089139,7.189362842334954,,295.4932368107292,12.77764528780957,39.66442596657015,2.7087895788513388,0
6.360832952393968,203.2594854910407,8991.131169334258,8.590242644532855,304.0179610852121,242.68913053730662,11.303074703558321,,5.064967691615474,1
3.2260318706599587,160.47736433940872,4043.129509191407,6.075870909130923,409.66639414585177,362.82392340643423,16.299908493283308,60.36479972527583,3.586455697879346,1
4.5615945106577005,204.058923087962,33069.93727558035,6.211205409563244,348.0605793647728,479.3065108452709,19.601213550388916,46.756436016685676,3.870072565808374,1
8.289059303269433,230.41537953178914,27421.351244165355,7.10119669951112,308.0986494492426,336.55663640259695,15.658271616442297,29.84491154617305,3.8653026405315267,0
8.329422252254822,168.8802764389512,22785.49220615042,6.1085685219519545,309.39638980798264,342.6079303647226,18.452021311428986,59.99731332604019,4.824571383038424,1
7.756477523238094,243.20742260259965,18153.51102754915,7.922659419866267,312.4984142428332,498.7515443899184,19.82966297750835,72.94886889856113,5.477891492783759,1
5.542507932424551,193.35470592610827,17375.530375170885,5.993156159101511,390.63929117602834,459.27312312051413,11.228647769439714,55.11135728933242,4.094680987279176,1
,167.1801384606128,12581.417896574341,7.477560648237312,281.2283332651548,452.36406271616727,17.38607531573723,,3.8475379186036043,0
7.074271962845996,229.17214268913764,18230.840978781533,6.961727025316924,306.11385600956726,485.04508527120396,9.237312614205258,57.511100063943154,3.0937035344156585,1
5.238200144183857,186.9402055289257,3423.956848113692,7.459583024347195,310.51601973214883,387.52590551648547,15.686427380212933,86.51484686976377,2.8440010094580437,1
9.47040329980977,221.34284950054322,15559.86433010559,6.393608595800398,,391.26050713461694,14.043937782395949,43.86155742601542,2.586299554877601,1
8.475006042015318,186.7769761713393,19287.61262224929,6.584240494647613,322.55063653056976,487.3363608084144,18.394165172069226,56.01727732776368,3.349240931571695,1
6.728666963610834,194.40291640073676,27361.865885392494,7.271694643435339,272.013343223807,313.1962503772635,18.160152507979824,85.99006022701262,2.339133258095771,1
7.1227484840013044,212.59825951851153,21663.992011058224,7.439277719734874,317.2193444454757,248.7153820140695,16.16598289026887,74.39577236287634,4.811487363917288,1
7.411328664636608,205.9346952535594,28984.42896863581,7.113360973681973,,386.8719730873968,15.267796347288128,69.29828802694352,4.300015070314871,1
3.8336415592053776,130.75691505874684,33844.07560864446,9.814472523290673,,497.1231792222892,15.962700319949658,55.9081415289651,3.773720398545872,0
6.6869879617922505,159.5035058256964,31292.728539603202,5.554635668388771,362.22624075635423,442.54433487211344,14.484461584256366,66.89356789861694,4.835319504993416,1
5.9956450456835,226.92900029992202,26139.788532428192,7.018558003974713,371.86189711897606,491.1762993632221,14.077442096932838,57.6979256724256,3.134498259625446,1
5.487424184267084,192.02534895691713,22118.10873278425,4.633666145055164,330.53322289720853,258.93309383159976,19.054933750155584,52.495132399275256,3.3304147768156476,0
6.633050534311332,179.14971476487565,13413.981693065118,7.70788873629447,343.3290325273572,447.3884520487046,19.453165303134764,48.924670049617845,2.461641241364639,1
9.938321577690742,151.70008637833425,28502.341210603132,5.357910472524634,244.26906058979318,474.735329265197,13.811108055605693,79.08666674930703,4.573995882115765,1
8.098940149414545,160.8682697564501,36743.072503326235,6.6802697957150095,316.3379231770569,312.7185523046045,15.066576493965565,65.42262878074293,3.3379337966787666,1
6.171825406245353,129.89326071805118,25013.87075609747,6.532138365976505,375.39971447261274,491.5614944679717,14.550278793997883,71.48883237472762,3.9822425783551427,1
7.990406622356292,193.0398899690936,38825.71105111485,7.563807980029851,316.2412567247143,412.8770427844018,8.945278157187884,68.85407214626672,4.752009592448249,1
9.304975144171744,176.69337235049517,8637.007687846823,6.246590350278615,303.24262136384493,670.115432223797,13.166398238104257,73.53406663393926,5.039263589289549,1
8.550167555831303,164.58859014440284,11893.727569123657,6.179416997643508,,245.92578091176583,19.57502090546922,62.27864997802828,3.947265845837355,0
7.174812288173077,194.1301017804777,29512.984284796185,9.388653213255719,,532.5418231954734,11.798241853644706,58.60678244193699,4.269705200291658,1
6.051370523448138,208.33735434243803,24331.537208043494,7.569615528949751,353.1469528750109,390.0341426387627,21.27913886021731,53.208764270451645,3.264996808085945,1
8.190175068645608,265.19434801106297,33534.080980022256,6.233539653804817,380.95367752750354,291.1917984389557,18.159738084740855,43.521979421472906,5.283031207545877,0
7.705641762820582,146.65927316476154,21878.425835272734,6.723682798538255,,379.30148529707736,15.60895887830795,,3.8404025629664944,1
8.503357219844094,234.49044870372117,14403.186749280745,9.719660824587777,,444.315872284894,16.136391276581953,60.48754127259842,4.032622262457134,0
8.089923164674332,228.36557932617558,20141.18270419813,6.748439492363267,314.314344893168,505.73805623424676,11.244045835131065,40.46282114183397,3.6526546036346836,1
,170.75343072929408,8574.643313077273,6.030942935419228,,561.0591537668424,13.402092830136235,44.034614071079034,4.90541421876273,1
6.228976013618697,203.0523981867887,12117.963681601537,6.0377060828003,313.48651865125845,536.807399429085,19.051031055165023,83.26182346283719,4.125683260004888,0
9.174656564358578,181.32301876177922,30541.033266823928,6.252380160036468,228.1579110053929,343.8678250866627,12.245907887335603,70.02722406493437,4.563528970382627,1
7.394183371460915,202.47544052416814,29667.18753889579,6.180693598565779,349.7691397069085,513.2299104289475,17.792346115500525,59.089281737667044,4.2460873491835285,0
10.379664787474173,245.99022772074164,25197.118481622023,5.098156399608196,356.2981539933827,453.513650234509,9.721996972963336,103.15407474507579,3.798080681091516,1
5.984191369237587,216.28233292891758,6922.701282031658,5.343763846823775,400.130647947657,368.98498384851916,10.314095654707714,,4.694985477813682,0
9.840182447032747,213.09304331191558,18871.403159864953,5.809673808509036,301.128230253021,404.76338583514996,20.573583243090706,82.18539045315228,4.239346631768798,0
7.39467814570561,182.22142955989136,11272.592726292141,8.054682209155894,,364.5205162636774,14.240819045944527,64.59647878062906,3.220436332539158,1
6.044245374253027,147.57421685728787,32330.604193165786,6.51764508610886,222.77504259135168,424.88780307530436,12.497565374048731,79.1020608307293,3.1984151206286837,1
6.310621523853628,189.5155652374314,16895.68161130698,6.792684531231417,321.62046162840545,362.9190499529892,18.790672137366563,68.16287114544167,4.086084848644675,1
6.570647779971031,236.04327613192555,12493.63519567223,9.126739079902737,371.10404997159515,338.80751900256655,18.4036693469292,36.107074892871736,4.67781716386235,0
7.754423854779047,146.15672087533238,22275.35975959877,9.1661112969027,308.44057514797754,460.6124079074036,17.327697611001458,67.94455036510185,5.248748027834995,0
7.911308425976444,161.67866157435026,16400.850834433728,6.674242589842379,,472.70400291034383,12.393637886745928,71.8292937280687,2.5837735030869737,1
6.1678169937376595,200.52168316737615,35024.40233869492,6.123235653120214,323.1518419015979,406.72841045259594,13.330302823646294,30.93367786987499,3.9900146822970024,1
7.041276198305037,163.994550674222,15570.84920820862,5.75420010439581,339.8684204152319,532.4235783841052,15.311491406528855,97.85470139371472,4.351925176496497,1
10.486209870192864,170.3118290588518,9744.859063010676,8.214585716139016,277.32027040231037,400.841999999465,16.578461822507354,71.43533887371545,4.200621925295915,1
9.826793640460131,182.44207863277754,3136.117133134121,6.7965625710347854,345.67666669716004,397.419761262954,12.596919369998641,77.2727616354085,4.757275141926293,1
7.773754634781711,151.4684997502279,21744.1363985328,6.5093380732899915,251.79657409720133,475.2707195531792,14.845139836154505,47.54173447665528,4.481316501663372,1
7.140425530287438,164.34087369640582,17086.7664615288,5.834409971282667,362.5129692966444,411.1873642248795,15.165065205639413,77.5741915083161,3.201309856807335,1
7.270849809482035,219.49870990396673,9484.639934479468,5.903927073762006,363.78581505967077,428.7433524598929,18.53920789360209,84.02818215573025,3.17846248282123,1
,153.38368156024592,32441.90547137364,7.625691942559326,390.0818507960182,218.18816280456716,16.777281893775243,70.50273393127036,4.213714787798345,1
5.453759821334535,143.83196421780974,27864.87578239363,5.041607539898125,291.5328956686423,423.24029083452314,9.292486555595186,66.24836818313403,4.74259423104957,1
6.670771305496881,175.65477867292554,21766.659553287376,8.691892536184943,340.4304829398791,274.21602433357276,13.572883678913373,51.94174413914363,4.081865691303102,1
4.426951322534633,220.43669692252374,33977.28017484934,6.276525462772429,357.133281889789,323.21277485187125,11.205727045354891,62.90177207026579,2.7392122057367434,1
7.7147647649423945,189.89521095306227,27823.583586378074,6.883575208082168,352.0993054596414,313.96923241778006,16.16036936222464,58.11536245928485,3.153206296053307,1
8.109041544127358,181.09457415155848,14798.820427622519,5.007574826137924,297.9393040239144,337.62842953139614,17.335637590171697,75.65488941301363,4.5093823675749585,1
6.311733524943995,197.82851726231317,12901.615246635489,7.100461817577064,234.70411013458465,377.5316310645213,14.616150312369909,52.64900753160043,3.6980568290846367,1
9.582638953631152,138.97113960757463,29186.618431251794,6.601252910548915,348.1510954969552,382.57166681161385,13.392499528621816,75.53604867392757,4.062006696498565,0
5.1310325958262775,212.63592189612308,25489.66140347092,7.040872653806783,327.4634633244031,475.57672200806087,14.508952014949104,52.825213595034164,4.801026070538371,1
,208.97734383255184,23502.535185794506,9.445300059411787,310.3085040395371,439.8633831383662,14.971522795211367,62.15513567369091,3.032276942856435,0
7.436878391510356,182.91193737173268,14591.514760697786,7.400762912348579,365.42261696509456,268.2451646629304,12.161270152817037,76.36759834366738,3.646890728396476,1
8.744886301153326,229.4447979478662,27344.920797619645,5.86443848904963,331.91943272964335,428.621872606533,10.2460662564534,55.012569070625815,3.562159205568324,0
9.757445029418012,159.2979282664241,15389.445158318147,5.996114541336422,279.1389409143577,447.61138902887257,7.49403976914178,76.92568039165761,4.247213978491736,1
6.350374022038386,233.45564769817736,21119.812880129513,8.060307273743755,,395.3352541564359,18.474372856055705,75.34744547112274,4.572852779052154,0
8.79510252515576,201.44975172477186,34701.72103368448,9.171935399769609,287.01834155818426,416.9691953464003,15.922972266431737,62.01601810476106,2.8153913836189504,0
7.018771533493876,185.30415084480566,16219.51874490223,7.565430472786659,432.89856924924027,437.2708643345901,15.47991144754921,85.19765219793668,3.96568163985031,0
6.805522593094097,195.71655486908992,8221.223590108624,8.208166136396535,363.7174139762954,483.6849394809076,18.46780831912426,67.65855065318972,4.648076701156045,0
8.48501930060381,192.84313450013624,12784.756269783507,8.083385602871994,341.59232320460495,294.6081994132618,10.1244008879181,84.23483420015097,2.5232665678605484,1
8.117193376677337,236.49290163421455,30732.668862728293,9.362121773104883,326.2556043959639,402.14429693714357,8.535061800919888,95.41826248451275,3.919773895677107,1
4.573536470395044,160.96879028875307,24247.717809297985,4.0396475270928685,,543.7937234450256,15.551807643678186,62.49574946887279,3.0216881361890824,1
9.427699156064175,171.29836741685986,20884.019683551156,8.174205924101155,,536.3845669366408,15.250728252717753,76.83537164156328,3.4695778152313643,0
9.274345253094449,230.44363909134313,17550.065331559133,8.67430294936763,,490.6627225028385,8.549374459983184,56.08415096827588,2.016073020204413,1
,176.7888113311547,26270.002324573674,5.004816544305794,357.6760434105434,465.2761709572977,15.470014715684961,49.689062854157356,5.056332612628921,0
7.709327618165481,225.97952758266274,14568.654676752656,5.7206442692698625,319.34811429892216,555.6175803658567,12.95526202755743,63.2374627434876,3.6924532806252603,1
7.865507996189555,252.24745512132637,24694.33993523241,5.775763257167518,414.14128769060824,576.8904754898507,11.608538522268605,44.3531274736537,3.340390346051987,1
,183.15897951415909,15602.03312554377,5.968511489723735,364.5255899838933,411.4577553660534,13.176367525585214,51.22950612530653,4.226048295456577,1
6.205014805385782,218.77319329779604,14142.90084405872,6.358887059521869,385.3709632641957,343.540469933438,6.198540430259863,75.96937945701488,3.1569980185039457,1
6.012118844978498,158.43659778954546,16424.236803616448,7.503312444626808,309.57374713241313,400.0449748895883,12.322551320572684,58.0891589300378,3.082949267472591,1
7.039369027123602,221.18563084046957,18722.303526984128,8.487765948844444,377.6079977825426,672.1649314230573,11.948784975007282,77.89611792963173,5.148056752454708,0
8.94463914062239,202.92706065924492,21585.92216552681,8.828480793274288,320.8330430401519,295.0546203809498,16.124009099358624,71.24448515712295,5.380757162094904,0
7.944324245805148,211.9234987174279,24078.700621337463,5.796239563354905,338.3376424072986,383.8610267432325,13.756258248148967,96.35167272346929,3.5081903356196644,1
6.4907232119830915,175.14359027147623,320.94,5.785369262049287,,307.7163010555455,16.394655971877096,74.88377728062042,4.80253667373462,0
8.307000949930869,141.75357729615138,14932.149548858451,9.198998507225632,290.5882571491491,431.9734153977503,5.841024768921585,84.42804837711931,4.247711546310708,1
2.55081723319818,212.91692788896373,18580.581243655157,8.141855417961459,,324.6885110447168,11.502584883289831,72.90249384940371,2.8672115924659276,1
8.906537463591645,128.52530434647554,35211.331839879844,7.250926450153014,351.9221778078456,413.100742334587,16.12035024070148,71.43834684744323,3.246057122797168,1
4.313855091742822,185.93551581506546,12544.011528218689,7.867871947376848,355.31858145276954,264.2833091672839,13.257658072802856,,5.179857843373609,0
6.50371890316902,227.31605976788862,23441.58354157235,7.072910024674724,315.10850629606864,471.8061021521414,17.078474364145155,77.22114299769999,2.857099874397142,1
,202.67959755550544,35123.36792304037,7.948843799215231,420.1930590554707,520.6799436277417,8.30676436992167,69.79882925765119,5.74917948369839,0
,260.4315061606891,10501.233537360242,6.58901461952093,280.1439213092064,390.85967646483124,16.69997687937216,69.72749249474283,3.5243375027888124,0
8.925714591931847,230.07558893688872,25468.689346257823,7.544711796413985,,410.9687928281418,12.164449189131515,75.10855026541614,5.203035626908722,0
6.336355089914093,174.86982099185505,14979.313265116783,4.733337240416196,,408.6834276122953,11.843187650693348,55.53717645513907,3.7316602401785874,1
7.6309411719518385,197.2680639295153,17589.173706374888,6.033300814175819,412.5148136653846,436.5112007716865,17.560365725329866,54.85072463787587,4.593924801370898,1
7.005396279582097,194.81245130033895,14971.956434721986,6.050322340671258,,418.8051339813733,18.125892740156033,,5.058125849294138,1
7.838494915284763,144.34802802117935,15596.747961143716,6.528463747533076,297.79299977160815,483.96921209544865,17.704855994048902,96.56621308125477,5.0541639777911875,1
7.202146806785806,165.44968362599445,45881.36720276844,5.656109057447998,395.57628151047516,521.5442227655054,21.02790477190976,51.37068182292352,3.5141948859814836,0
5.040042363540174,177.9321813785022,29418.760426171444,6.277001071199531,256.03303821521257,356.09676379818177,18.473119943947438,55.57567008312559,3.3012372820786817,0
8.664064242920952,129.4190698660968,31674.755562722698,4.7272257814109695,,396.89007121398134,11.647104907846089,84.88601921957707,3.906654632394115,0
6.294927032773513,197.93158523611402,26328.169328869895,7.986946752703942,313.55429147441,494.75888386209783,14.748822204129002,75.03235348904398,2.955625895593497,1
4.605034781130996,188.18051774780804,7929.514912922243,6.989628640119997,341.7323827247343,306.990707535869,13.087744922914863,,4.156626056976235,1
6.399296894064199,141.36524852487543,25477.30660983784,4.425771979713893,399.72996255053226,262.616306001241,20.99628743643141,80.90700895072247,3.3297786112235386,1
9.466208067108555,209.6605190103187,31422.148429880683,5.8009687413362565,326.1062858035845,440.18085531325505,17.937119550052728,,4.814513623363474,0
8.431852569960453,219.90789584543876,14530.99697392487,7.651830255548224,,462.00471694271715,13.65480674747846,71.73891338634122,3.5253123153498525,1
6.525643106291504,203.83489366507754,30478.624453869037,6.262025324710453,346.677771219386,363.51369880959066,17.185881430562436,70.48046899829514,2.611038003805584,1
6.524680250133699,185.71463839912906,28190.11135964018,6.018832492981807,,375.1234218059848,10.201423076503623,52.509605908028455,5.062713525412051,1
6.568600268564362,215.81661794960098,38253.8327757518,7.00214357032724,352.0561534342926,360.45125655690055,15.108366351606515,71.4981714612301,4.113027042598854,1
10.382029293861738,218.73564545247362,18350.730409963457,7.662884105581582,326.40781126665524,351.82510215618277,11.17547654948379,86.42615906370163,3.9927252145276575,0
7.68727736904817,206.47742937238337,12389.611269146531,4.850563117878126,252.8003331615102,477.93833222126375,8.690759815923283,60.99372419551442,4.823627932258043,1
,169.25674920570506,18843.128608999177,7.98920300032425,295.7723457312157,326.48211228085086,16.87681494622375,68.86857044462832,4.6498296717925625,0
,205.46463317000763,34601.99474352475,5.855536615060345,392.60762835177826,400.43044233895677,17.287436525070795,69.74455026105565,3.3757542356718684,1
7.459674762852156,235.67740379914176,5981.585045425589,7.091673810165318,341.52839541099075,348.72073094144963,15.793373825861673,61.794127573957326,3.6191703472995953,1
6.6681229881450825,176.7528365528463,3877.392752942913,7.064036177707415,320.4211338265857,304.2735449676637,13.67437909572488,77.35226202589472,3.1018949049537166,1
6.767803739954885,265.35024547067434,22797.958760981375,6.287235533181157,380.09454127365,492.217800083034,10.088352852458385,55.39653808629431,2.8277273970026444,1
6.966153997531638,179.08725489056056,18133.214805059317,5.502617601113471,286.97056908727814,379.87772554393456,10.435941857925911,87.96220449250022,4.421302177234004,1
,197.43554259862367,22081.852572263513,6.668615254014224,324.4460803016072,437.11972729960553,11.07168326706458,76.53200598720974,4.275903761832512,1
8.236930974382798,174.25867360331168,30303.12243790567,9.688021888338808,339.4859531423086,300.0073073944824,13.506541404390502,51.24308404111257,4.563446784987563,0
,203.71114508505818,17168.847008702614,4.968553451867463,315.49814381353644,361.9264533474016,17.842151608232268,93.87379670145958,4.969652244366835,1
,139.08575074615214,5590.507261076687,9.793854570185704,,482.99702251777035,17.78993793867034,69.11988164321262,4.574090340042025,1
6.951660637627354,178.41614565490622,39941.269648016714,6.7096405496990785,326.00571736051046,630.993279061418,8.823241245281377,54.702709171136874,4.643498391518102,1
7.205029952602584,160.46105493253913,13269.823955612972,7.17588683900005,275.81921096070903,262.17221767597505,11.985397655466905,,2.349190218625733,1
3.9028609115939488,200.81992487869854,12727.848863038382,5.402996918012131,341.29681386743044,405.63646798470853,11.896267025217213,74.40378518466905,3.730551511298505,1
8.536961002776945,229.06742970673287,31692.136200727546,5.9013943216495806,278.759668795537,455.2105179419577,5.900459844660876,37.72969198549327,4.72236966584259,1
7.630916676677808,217.61068343232645,18642.670227908977,6.3254027529399295,,372.0967856152011,16.153860334404193,57.89481606699445,3.058797185759931,1
,118.38984021495962,21458.25164514312,5.467801946012899,390.6967058362975,490.5483669888651,13.465210981505694,70.91579491624458,4.041503678613456,1
2.4749539486720336,263.5132501882687,26247.468998131582,6.789909627354023,322.1400191688258,351.8406655572335,13.905498203751469,31.458211155741786,4.375182263678535,0
10.400515780601356,206.07880444761415,31515.564290437214,6.476914890945301,285.25716875660174,434.32396789870893,18.734833203223364,67.77643398156805,4.31542572519402,1
6.858052491233273,170.83870826059015,19090.11656958711,10.04423420504846,328.5201647770497,379.69614867844257,14.572302833971222,68.9561062503711,4.257661120207474,1
8.84201067861265,201.53636597642213,35341.89556049995,5.277760786624872,,520.4444201244047,12.85428216096248,47.2511013431592,4.437151920855549,1
,202.16312136388854,3286.1795203794463,7.282251016462768,358.40456288899543,367.22622086466237,16.173576925526362,70.77903425968621,4.110980238044011,1
8.054310509049486,174.4440141866326,28676.337572329645,7.511597125404883,327.6503060776034,393.4515597841238,17.78486581216511,66.52076491704305,2.8289159982350096,0
5.4050692545538865,202.87750002220744,14652.633840593111,5.428893533130097,,498.32058801052005,15.261307643622935,47.124861366780465,4.365425317614725,0
6.0882073524936695,176.3963111830443,34046.947098669334,8.205187442815484,,338.80391557211476,16.56121757169087,81.27848964824052,4.192102317231921,0
10.123309852648191,183.07457768035206,23259.616955739155,6.4906433196470275,,427.4463795876319,13.798171079351052,79.9564743993431,2.8391962083327464,1
,173.80514201637283,16113.672492902322,3.1820243504987538,363.4205275954454,274.59277434324883,14.009050859549516,61.7120539347288,5.0461934646475255,1
7.42571826835576,149.2637679933602,27826.258523036697,8.162562387125213,317.4921479324749,333.9632178735982,14.654098551089122,63.1869541875203,4.386393405803472,1
,201.16510314068182,29846.07454567109,5.355233403118265,,452.7738497174947,11.787169654067888,78.15095051029269,2.8933283096375826,1
7.868134201876441,215.6146454726572,27642.58354887457,5.464515585100224,318.80939558717006,341.8218272792817,12.39971605643662,63.15327034445097,3.332564372101723,1
7.319166059178286,213.29937263899112,12985.126444040736,8.20688529096999,,377.87761565000113,18.840781614419146,35.1579053155839,3.53003940743798,1
7.660287993921298,223.3291423066465,17769.951970321097,6.57148485777885,393.13437442131067,461.7412430135143,20.926334677304283,74.27863349873083,3.5294845177354945,1
,207.03430610528886,21978.3770426021,8.570079997871371,366.86000874185714,375.0801760725051,19.550175095466376,53.24146419045094,4.198579147278385,0
,178.8539856186282,21652.30184756226,9.032062430677204,371.96661402523944,488.392096357346,9.900018149096107,60.09233937952334,3.2084456341745557,1
7.399747484276799,223.9781478624975,28588.285683564434,6.101013032690769,,439.31986648462373,9.580271560523741,89.98834578945488,4.8499466627551095,1
8.750540489652103,151.73482328999717,4346.287499679533,8.37335474360895,356.61302030310367,457.10190910573834,10.338751780261516,64.23222829053765,4.785726692067033,1
8.837786233403195,166.75592494298965,24945.660180746214,5.926371933799246,,522.1848396900482,14.724822432621082,66.42807126243927,4.45306750148768,1
8.967378185841005,164.66710165160373,19471.368194927512,10.64832314906884,404.2342403342314,447.73809992046876,4.983121599296133,74.64641651700101,4.004508584807204,0
8.095581053026404,231.88224322450054,14661.638650194167,6.025127932840681,408.51869644184876,546.2596380157323,12.331066814489452,74.57630321188185,4.701209061818199,0
,227.3688863449257,15503.542715052823,8.741218156716807,324.0927068307603,495.53821771511684,18.937498647123284,51.52738012382747,3.754760776212873,0
9.677156136358743,212.39259619403944,20132.90147103772,8.453188240892889,318.42569235174574,379.5845746207792,17.531872529712683,65.42437001865383,3.404898688121097,1
5.257310825100286,231.6150539681639,320.94,7.619418758932116,359.1460906637548,526.4022274232191,12.59489670660169,66.98494790183989,4.898285523583398,0
7.561190389730063,167.45918211429384,15864.78330824434,6.060541804961641,356.59466763330073,443.215651809376,12.84559348972519,70.80139518745443,4.217683350474828,1
5.8807013984692205,207.83180754102904,14334.446403051252,6.880791962732574,325.41539383224995,389.9919859460581,16.157570049530854,71.07961100403091,3.436435040346515,0
6.978020028917142,192.25426479476155,26685.836865770085,3.717330781547608,282.0039373455614,444.3891318958337,17.375739579858298,108.26479908161926,3.6441609537075683,1
,224.215483575736,14950.772897538725,7.4745836606439555,346.44214332085573,511.78825394722105,12.515315643781394,47.374588911898385,3.395586172663091,1
7.590957972565934,192.58142723368374,20127.849585239048,7.672392223024849,356.6205014112311,458.66674451665637,13.50424846810866,82.25788241480294,5.547296389886312,0
,183.71307782907652,35537.65056901206,7.330929082116967,363.84351195176697,569.175788726804,12.40650779859872,85.5470205383789,3.9731967812114095,0
9.64580091780325,214.15507209028536,30733.13090610793,2.4221762493577588,348.24770663091124,509.70339968938276,9.873233349048043,74.37324469808267,4.093061622777862,0
7.801119539407228,225.17844221724775,29925.71992940216,5.120294416758099,322.5504105548497,464.1717938995628,13.552648194047794,55.87789691095365,4.532550857332314,1
6.691790949887869,174.39480999343715,17630.923602872317,5.938016247099113,374.95156447635003,338.96317755285963,13.300479841908992,93.3343287297302,3.0220184335665357,1
8.612898597578488,194.36183192593387,26775.706553210868,7.580821114438693,336.5074447691803,407.36401821770204,10.107267976077548,30.933717248503605,4.8253068677032545,0
8.971258077390178,161.56847196586244,19963.14076387663,7.5771554709159155,,427.6818957746638,16.418527903580884,55.344744839015576,3.495880017985475,1
5.128103573932182,114.23375374483216,20294.632955654524,6.851046408685537,326.2973369156662,478.19175792841827,15.879791446251694,85.35781795106509,5.397412703169817,0
8.029866111061274,202.96111268088342,25606.444614615684,8.123687947834252,,473.3992563956186,16.582832209797203,60.411594256623665,3.7261261905886176,0
,216.3908081136523,16779.309930379866,5.4985370470214185,326.2315436425249,435.59225595384186,11.737687123412941,92.23079601126702,4.779359211515285,1
6.606874029657613,204.98675668277153,35105.59223152754,8.084171308996515,,431.61668016078295,7.714364505440516,41.93899923110349,2.022497468647112,0
,132.2684107202364,20609.977661825716,7.870092525647028,,480.11732626004795,15.826866039127097,48.40619135592124,3.0533962006529434,1
,184.83407073908552,27436.227910487512,7.716536477883899,,352.49906124458454,12.081786914575648,,3.740986415981852,0
7.279666561019752,123.43072564952045,34777.624694401165,6.832376118884664,322.8875790614695,558.9215885117734,11.331888478956728,73.15352031054104,2.3859892614625853,1
6.804815799388647,241.4057724196696,31060.218338126644,10.012575243233394,,256.43797234108825,10.119154322930203,62.80771396685123,4.438689870096296,1
7.104770685654533,160.66052533995733,9659.884223720948,7.899249187814008,366.61529810258503,539.5161943491433,13.36868243203152,58.465340093540036,4.214107337840274,0
5.336922611836629,237.6476706790414,25915.19079810682,5.590029336059377,,418.2381055926784,19.500953353237065,89.38201425517413,3.197154433109296,1
4.790319096675072,227.47019388433472,29473.682560685796,7.512322651662855,339.7761866420926,502.9185005894302,12.606962084313245,90.88753970179647,3.957552268705691,1
9.615263050527705,166.7585892086143,29834.453340228076,8.308923735777265,,451.29558389952894,10.672751923807448,59.69533539085176,4.599052239340038,0
5.733331456173859,159.12403080231655,12252.086316427469,6.190788413699591,,449.856501089811,16.437899557409395,38.73595687740607,2.3296213768414207,1
5.5036861643644714,207.8901727147828,16252.830531747004,8.841050150151137,411.05842708421346,466.6848467524634,14.852008646042949,31.491911643748203,2.976678567336968,1
,168.60862565742062,30734.943509176912,7.723613255031297,320.4200324224133,487.27776764407423,7.265112472952032,70.27171405714617,3.7086311266057916,0
6.064050821173692,199.73969503416185,15334.540866443274,3.4188842264887516,368.61759732907774,395.3138925952193,16.47236631838338,77.01336196750015,3.9885044287733313,0
,180.49462881426854,19386.184148414995,7.593481724193924,384.6739160475818,505.52246572913043,21.325228313740297,67.41930417066088,3.924283091150796,1
,137.80551133236997,35832.26734692468,6.4784739360279096,,334.2430842023627,5.672226080209931,65.25270682743333,4.663649932639855,0
8.68560917205479,123.03221153118778,21594.958927053445,7.968744106975943,,421.4591830637826,10.18981306048677,53.382500494249754,4.3422247716112095,1
5.985840951167419,203.82337809050236,15641.320098214299,8.611859447597867,304.84921693481147,489.4530892796854,4.851375336563182,76.99757306552591,4.513375175645427,0
10.661372930497452,177.90598130064905,14318.640773132636,7.4283560344840724,330.4134011212773,502.30732078455617,14.030742367347836,93.55303943058436,2.8858969284125955,1
8.641007124316635,178.18440681986334,24931.56273182079,9.75109852963262,352.77523079961145,459.13095471648643,17.55817844318358,30.53091918071071,4.082962606743517,0
6.56351810022129,219.25000302940367,10324.288367307001,6.837643122389677,371.3985769478794,390.09602316441743,14.629207481825684,65.14603076541478,3.7304288427944043,1
,234.9527820556748,19845.307287056785,8.107212160425123,347.61200388812017,494.3619226477586,18.887505760752937,50.69976370648795,5.110416067701639,1
,187.40872956162372,24936.045272197454,8.391809266347009,,367.7918205544223,17.029121460992744,42.284260216208686,4.106028597154762,1
4.870579777845882,185.17111451680375,33405.776141959665,6.966193369149482,356.7838253577234,563.438881340387,19.914107640792203,48.116990410708155,3.4481379309214977,0
4.463815992338542,212.8147029287845,27867.532071089932,8.350463406604897,369.4047235059076,415.04689806407714,18.120297642434483,72.54310680497368,4.634950995244932,0
8.705886986895328,151.75395846827797,15752.760028415007,6.1804166802837734,349.50344853668776,297.45745139427424,12.94625844290254,72.95228835702507,4.409372280774425,1
10.959206326079444,203.70727244010428,32347.142275409708,6.452341897946475,299.1451297158226,325.3356821149023,14.500864570137319,90.02745597580827,3.329150695340426,0
9.280993781431725,214.51601075351243,19387.771427212316,5.046267869268626,326.26616204201395,425.4172787326082,11.404679409757978,66.54208543281356,3.698178031840044,1
7.976615500883252,218.73596925277167,11178.741551948215,7.5014264038646745,,433.19067842857163,13.516528081046758,37.951974028710225,3.711471761505478,1
8.025659403247804,132.68957114171894,20505.533298385555,7.633897647849864,,581.0776532777475,14.484662834379975,62.54641680435678,4.927419651978039,1
8.43693073846069,171.33663872868203,34624.77731209017,8.983235790555183,247.08056631255818,337.9584835340182,13.998956759097977,,4.128528661625185,1
8.286696457760957,167.49270424716443,23463.008945797803,8.370001206882296,396.2447916529653,425.0793349477437,18.72285917206495,,4.536890333276935,1
7.527094364111307,199.65428306097493,22123.888843906236,6.670023020497056,354.96281986300625,336.26756187962815,13.18714371310239,75.7934455650171,3.5852480575185357,1
7.245679755283483,212.17688178277132,36370.094911392094,5.258476094011843,,382.0736347632927,11.194793971125147,69.54184705251772,4.231144227088764,0
6.980476926639759,245.58183819682387,9463.154828763963,7.803903635981559,289.17824095236733,557.9886194702038,11.40158747447045,75.90681133414365,4.986621504285133,0
5.8811963037019845,180.09553500549777,10741.224176490283,8.874990012415134,364.328412388784,330.0513064445328,16.448381899070576,60.61576573114345,3.688360123104495,1
6.633726627781829,180.00981625559305,7845.427110074366,8.313192258610231,345.1808006390816,469.3347687131623,9.63561186922541,79.19076833622226,4.0598207469934655,1
,234.17121598073322,25281.681708523418,8.833474489274515,268.1571517255194,453.6447727555431,13.614073776800463,59.71114110566601,2.9066211201346666,1
6.923639993396348,206.12144973887644,23473.99663962787,6.785214540706777,392.77381901922314,419.93646532172954,18.674025812457444,84.46792823376956,3.3728646898701786,0
5.508140139630041,238.05038168786058,35541.681828038425,6.38274203028248,,463.8708678863562,15.248500855402147,71.97625804064957,3.709134544241698,1
5.325292985626924,205.8633767389634,24149.01825712917,5.955695863473758,317.37420212499666,328.1371527313434,14.033056162016923,63.0507906355589,3.1425453390176576,1
7.366031700334031,158.32400557670766,18470.20965610457,7.031683582750519,,555.7539850806835,14.161136563956797,,5.0011394684670405,1
9.293283635287914,152.53673969490572,22029.828468472784,6.995826542369265,,577.456012915883,10.872141199728057,,3.3163545242116204,1
8.540123403543678,145.3562772509424,23046.215738294202,7.446550653091804,,425.6970016729077,11.44288410846167,92.2250034177631,4.583702901851452,1
4.582904040239148,218.1382643268586,7355.134251532834,6.915710017883898,344.6261255241179,617.7254374761874,13.633948662652749,70.37118073332482,4.115732265274552,0
,235.45106354310084,45779.82274656561,6.908868187031701,325.7412009187632,389.6405625721354,15.17791372966176,66.37390696065685,3.9940645198381612,0
8.575826188901264,257.17702720878424,26572.615413197876,5.892823396304013,386.73485729264826,454.25291374346455,17.418376539064987,62.54121793291807,5.1292076430728235,0
5.517845044274088,224.09130332678814,23855.562549477632,8.607758041411355,276.46055943319203,537.6152741342562,14.586375642837448,80.04272066738429,2.206731768396488,0
6.722833291504731,234.60413242935033,27408.19845762563,7.240898538345064,309.06168402885334,384.79325952478445,18.75768252174656,77.85403782588571,3.8169601804779782,1
7.9545828374490375,177.29906298234684,28234.609842042286,6.844378583829254,,310.2332050613638,19.593205430343527,61.96924242154168,3.1273033374789554,1
5.54033231676682,158.347047945462,20781.636923627942,5.939061779866257,322.2323119378622,291.6310267566842,16.912334473316093,47.70172029340296,2.440092080876231,1
7.247547054772077,224.32060844988916,16479.00790999388,5.015577285582085,336.5746084461542,588.4460028946129,18.334688460664978,51.80615552103824,3.038109247669001,1
4.958899463080055,210.1033431336315,27270.4153045599,9.186583424227964,351.5911601562663,379.134227735374,11.000738244205408,63.42025011020727,3.9834452773023954,1
6.1238254461175705,199.90277102832854,25396.222504958878,7.996329158848256,,406.87875478051694,10.476151526182512,88.22564704900677,3.4042292392189726,1
7.588453275286634,209.1067742832127,14912.51197382759,4.5542098087394525,,331.95640719009236,15.994491875520447,62.35214213878494,4.669358600063616,1
4.547139963684646,206.99633866322583,34457.00309076665,8.325764835121259,403.6144078594918,498.534780555385,9.840595522720072,56.78707999075717,3.803200238605762,0
7.780354833357034,238.5818983519851,24586.367865140623,8.577520248968312,,358.724332177469,13.31886919630726,37.911561511636904,3.7167040833176648,1
7.048775899706577,238.9491260287815,28413.56216539908,7.316514273235469,339.71493394935345,382.18612210441194,16.832645206641438,90.88910042804517,3.720180858605248,1
7.958459027523265,214.26396518495062,34219.245738083504,9.64501521528778,,446.09724029721406,18.958264380708034,75.60687540198003,3.89317436321896,0
7.436023473162812,224.1799984498691,22206.023660601335,7.462417034554155,,335.89380816001284,13.438546197546502,79.27944131469478,3.643586742744653,1
9.248983283658411,213.27237672372664,24793.305859880704,4.88141882584028,273.85532065587495,407.45698097786027,12.128684382531544,81.96011268021729,3.3060221158999528,1
7.279106959210172,181.20673921070173,29116.87054274758,7.696967021656347,319.913688890726,535.2165790236543,15.340727967203337,,4.741564209501308,0
6.397245189610848,221.24584651114407,15658.094846423377,7.506937736706113,304.94683173323614,456.50152040731285,10.726571201935926,67.76867645403513,3.4832058606966223,1
7.2744530298213315,150.51900213590747,22488.045789281558,6.166790978930515,285.75203750034075,432.4404280740599,13.706447674148755,90.48557942078327,3.670849239249975,1
7.943843866167857,231.02195423948865,23114.97157045166,8.026222962266331,322.18139627238025,439.25536581886956,14.253519840205508,69.30561878918364,4.304935962470442,1
7.15768751181787,157.09408574049277,13630.823665465537,4.485088879418438,297.98599248061436,390.4401015431741,14.187372984259667,75.90615919323544,4.218618172002658,1
7.144540789014173,205.76721206981082,42336.450416062115,8.685095587359607,334.30414790503727,583.2190304825931,14.572946498337188,80.48551060430428,3.2731183113700815,1
5.963833216387259,168.5813378469479,9674.138930195824,5.732567708303385,334.9056782849934,356.25146071023664,11.51775582805621,76.80262895859838,4.558885916406383,1
6.0259875410939925,214.56542976348715,10631.575053245899,5.563785122315089,,438.93705240992483,11.87365319443304,64.32622282508814,4.389382865073956,1
4.849857617838487,195.25453857149037,33537.97772491713,6.940156859754187,318.4333367698819,431.18636627182565,11.807045175982026,65.85175942327079,4.108820370666058,1
9.861827021667233,143.93442409558963,28268.41504874704,7.804097226308944,324.2182357494283,503.41818582649995,8.91748773726436,,3.6335728565464365,1
5.102257455727857,210.2026038678876,13017.845680382576,7.379000020477619,367.32382385156666,511.04851773330194,15.41145836531061,78.95572627374388,3.6527500613933013,1
5.978280735504507,177.36796485774047,27339.14623915025,5.946598518079642,327.6320542079214,419.3022402213549,17.241316165100535,85.3020034521349,3.812598259658745,1
5.937732447744976,225.3421041803436,34885.03937649006,6.320378919916816,,445.38166597339665,16.915786374245204,75.3167491899532,3.0091710859203427,0
,196.4135886455873,21748.7262610468,5.32979309114361,358.0443737788338,448.4421788113253,13.4111353918749,76.05307882791945,3.9393706100943744,1
,209.3714419995587,44802.05051690698,6.765005755424806,357.4528014656287,238.25551139678353,11.595572657374532,59.17994412542765,4.665839591548659,1
9.063909895551237,164.88513275909983,6896.5333270768715,8.818533518927238,391.2645800917302,293.46786032774617,16.7436814662205,56.99700091085664,4.6535695280705385,0
6.009149907452249,176.99275623066833,28097.92952280531,7.113264558522676,287.41482976092436,372.9887525158503,16.394835204059767,79.03060431100718,3.6729356184043667,1
7.523600717935845,181.28996164499634,32242.8753731374,8.477874522519937,314.18075573675935,376.50159497522145,14.999662326464138,57.10968559949506,4.799984952725919,1
,224.53837755037523,29829.90139529872,9.419534113607384,406.81583630840817,324.96399465685886,20.053670245521033,66.06505776956918,5.4566055525329675,0
10.490787113159687,251.52215864704448,20222.182506006768,6.190930739921592,323.12195054559254,482.47126341841675,14.192531524275022,88.71259603891549,3.7233581224949948,1
5.191718513743075,169.89595280269424,19467.333534081496,6.825214260172524,217.17757676409968,422.0612107866321,13.429694153208617,86.14882733014355,4.509381471017091,0
7.572614929260974,231.77676699634452,25908.60802284059,10.550484720478742,,404.5383866801958,12.956604634143073,71.28294328229843,2.205008229101182,1
,125.03100650517891,29167.090319022736,9.402062590928313,339.3691953393618,320.36753071431303,9.113494791548527,61.608461598290575,2.9886455520180473,1
7.737940564947882,157.10505249208552,27296.92049918244,4.477600849216483,225.37917467599922,418.2898840717362,16.469035281310987,64.4037292306421,4.041074402880146,0
6.785392622384444,164.84536436057886,31133.91041947419,7.731694339376233,389.0316142041588,209.6013380201922,13.930843434707759,80.43874108227985,3.1847482112356573,1
6.873585087423852,151.89951429118906,13080.057460563337,7.120884787896719,304.21802974668674,408.7198709606719,15.967872408890992,65.80944169092105,5.56057759488351,1
7.149660240446784,144.30161374378437,20016.864225585872,8.425795915156845,,426.9965041130428,20.376616186922003,,4.436346156091312,1
6.8462668174107035,209.9494042310908,13771.494498057615,5.942933547373613,324.4198443918489,441.4415690328635,12.986611641615717,86.07123555868102,4.723348684549342,1
8.612567795703907,189.33145409870792,18628.43309499434,5.7934187721757375,280.41648421656856,295.4792954756046,6.541191147419965,69.33829025111177,3.947359403194742,1
,208.844849473256,30916.125455336165,6.051808269836097,289.43955306340087,440.05968865940497,15.872342923080655,57.06000081635355,3.1874977445063513,1
6.193588061837545,219.07274191967537,22960.95456775362,6.216352897006476,,337.72152476954767,14.832304580544756,74.14925225692997,3.5653279799035933,1
4.902013262469266,205.10348673551292,44872.51705222018,8.408212183558243,,356.2261881541336,11.855577670534931,82.11431392545478,4.168416774108561,0
6.9396315431215045,217.9972532318243,23709.987269148736,5.25370214642477,327.6689682488917,479.91321460218774,15.594951570907156,50.09584981173404,3.4724260360409716,1
11.181737846870366,194.08377842835418,22537.50243329506,6.136270038064276,312.16433030442664,584.6706711219344,16.88197881954548,63.15665568194952,4.493529753547216,0
,157.3416573925071,22945.162361915896,4.293360423007723,295.0684988405126,426.0408148864326,11.146721197199778,62.4086631124195,4.524903675979618,0
9.686195720656068,231.15093026538779,16421.41983004915,8.71124616099155,383.3245421756121,355.8523450326964,13.282591538754804,73.71800634237665,3.973885417072879,1
,176.99999307415655,21506.9456158042,9.128227557101201,394.42721670792696,437.13834556775805,19.16805484579995,,2.54600463212674,0
6.199794695684289,165.60759369669142,31903.178260890367,6.603223979235217,382.8520922844307,497.7823365090809,11.8914305470308,57.47715211549793,5.307532248259449,0
7.984683095904588,190.5200602435514,23013.44978142514,6.649240003595108,354.1767545877656,472.0790232738344,14.500676890419628,42.24728597384052,3.8041151717821764,1
9.669150630774375,166.35677697353066,15056.58281633569,7.8360906056069775,345.78476033428484,643.5883823525198,5.59319904039474,83.09450384941832,6.083235785807409,1
,182.64488904018748,13902.420749409655,9.449681571657644,283.41585557943813,364.07641766576904,9.375091391420913,48.279285522060704,4.478977843154713,0
6.756307227437245,207.68249294100679,18066.463198795635,7.7656049811509895,323.59817177162796,442.2753482070776,14.801382916171567,70.78776043760993,3.8062350401489957,1
6.155127346821656,207.82347638641266,22661.766695072212,6.017883730889319,305.4545103773906,547.0735489952592,18.34463964972834,64.26454905853757,4.319301063668443,1
5.466536798198342,166.8493474159253,32480.13708738109,4.562260336261424,258.1672884458533,542.0013895358377,9.771681752576686,69.02834238620194,2.3949572966786827,0
,180.33424733744528,10259.921513973504,5.35810050499169,377.5627384218294,264.28470197829955,14.526807045420243,93.11696566221697,4.7703910745240545,0
5.133934975848012,231.69406919684562,19209.67089449299,7.235686731493695,304.95872362043195,421.6186371483687,13.036373721032197,115.55939650840119,5.972214165272991,1
7.13419271453217,212.691635871092,23279.48250711785,6.084582513342745,,541.8689682958918,17.434721462025152,39.97098268357052,2.3403978904021647,1
5.85574256261676,264.5981384937801,5935.112617137569,7.428048975465399,370.30193591947966,655.5117664840583,10.249071059382242,82.3196015932867,3.7458209723359484,1
7.451719599747289,235.17261435262145,14704.625103929258,6.2463800543467505,,478.77078332474116,15.703557016096376,63.871911038075694,3.8878362642226096,1
4.606125922536233,233.9943560942508,16052.439747125469,5.44812863855483,,392.1592886034502,12.11628382604239,83.3542860318691,4.65267833074719,1
,150.73688206101323,15034.568058965737,5.260290022304147,308.293699004507,340.32620122001015,15.018255862175632,81.88851657257888,5.6126610258491185,1
8.40531104895819,221.48572836170695,23696.686907790467,9.588520124809703,410.7321532664593,601.2088381556432,14.508161783141043,89.20967098046629,4.26864805562454,0
3.909960328311386,194.62384836020559,20606.211824910824,8.524600643710157,335.56625535007527,480.7868950181626,13.446611264587935,71.01073232733245,5.640597622888111,0
7.67474994605764,178.25371829966235,17145.024939315634,9.854218363888174,346.2860103976167,353.3492309691205,15.861557211151663,52.00665247342772,4.102937331970037,1
9.031993698032535,201.89434439670953,25766.71024831064,7.973122423193063,306.8952582636698,405.4709024729038,14.424490550542801,81.40936872732166,4.322110578661059,1
5.156670780280983,227.44855525802558,37122.99127691137,6.440613574388554,295.2111348986183,446.95927429009583,13.84041114012614,68.30920078201096,4.226023741604999,1
9.739390095071949,212.8373427122185,36388.02551500623,9.210878657534103,353.5496006848863,465.84045376723765,13.10026127238472,62.61641677912974,4.921833830743967,0
7.746240224892012,167.48578141187306,5154.131122647359,7.067752557848407,342.78940900178446,349.18282009714926,14.536850670057065,58.69469761019372,3.6405895746740415,1
5.9590311493441295,220.78204907892535,27074.18783901129,7.468929997058757,301.08502500431524,372.25113040709766,15.014964144363498,82.682509508121,4.608263671833977,0
6.991327166524248,175.40612161654232,20453.08031944493,7.05233748106068,274.2003653083227,288.2998286690174,11.005939714933143,92.34251838067937,3.009978647119987,1
,203.49454095154573,23374.580484788876,2.463891333531257,281.179785722893,505.92358824585847,13.123250202493482,47.059195600239924,3.748086798371901,1
7.200848572345734,186.39584978135184,18521.717340569816,9.655481319425869,383.32385856191365,394.280395515623,10.787334523270818,76.4631872833091,3.4733399741077298,1
7.936622027989727,189.17367764293263,23045.174132370026,7.895786234613251,,459.57811568699367,14.148111650595599,60.37477533986161,4.0386100157219955,1
5.616128987003807,221.56406901933195,23341.71635097522,7.641120436172246,319.74240803810693,536.8369326631387,12.319380401933167,42.65953259725161,3.7234577954650505,1
7.349283710217364,162.16843049245327,16937.510989062954,7.022393821612514,393.85309351780035,439.6599049066623,16.831292219817957,68.78988017994548,4.853064280116441,1
4.8321939499210815,260.32801404222556,14154.228411166554,7.378215956210087,287.3005237432327,412.75972613379633,16.50672629637464,52.919830716532914,3.2846388857661193,1
6.903150562455567,136.49269004159697,18079.67049825327,6.176299281362929,303.6678743187995,437.56273376175955,11.225702254601936,40.871952774192806,2.61957357006741,1
5.642786850070984,176.71868657458032,24068.20875853766,8.094195376645489,301.93767796101605,426.9973070631753,14.272362686731048,53.75143915940704,2.9113186206249857,1
5.910507391282271,208.54256694128446,27266.43135180239,5.054784615849371,400.80039648989737,522.6050551284955,16.393489877312085,49.77061800815385,4.745451076115029,1
9.045388148584596,215.582249792393,29496.74024223549,7.413988123303464,416.3459445941236,447.011959289085,13.699729460257064,55.93660671743434,3.2137452722133473,0
8.815183091744888,193.06635830760234,17680.750189436163,8.007286083502345,364.9097487961579,377.89150959763225,11.869599992893646,44.94719563488932,4.280318644106153,1
8.048529612242412,194.48299368530928,24503.00095751376,6.806102768559813,366.2277952744686,506.5771607778296,10.664144322171726,60.006633042427865,3.740065747466498,1
5.343222704170599,209.86888680557203,30453.861352723936,7.705971112104219,309.74169578183984,521.337745680882,17.10762562882438,54.85962910760133,4.612910362707539,0
,188.77243558119147,32234.690429713948,5.553691660269885,414.43834592757537,313.7261187403701,17.26798052082325,72.47743253221674,3.790002750009044,1
,242.17779976089972,21498.21000024796,5.593993701984377,,545.7695935669583,13.591693447726898,76.00346079992475,6.126191842571366,1
7.305329892687449,223.9677988759351,20076.834704646262,7.494013051221701,369.1158271535082,451.3660055107098,16.8159154047833,70.6092039722752,5.450531272338434,1
10.767733968570894,225.06846466106526,23689.976223090773,8.192108454301263,329.40915703610705,444.7838773708481,4.465153146079521,62.59050867160663,3.72413605928356,1
7.705375364637051,164.6027669355807,11932.799544375996,4.157712264307296,322.6780902328903,503.2454027256303,18.67420589384757,62.153921501698356,3.617335020505911,1
7.38535809521915,193.75970860554048,20316.411449819374,7.944792603475012,,376.06696807903415,13.760512694532538,52.85612670368411,6.4132143976306,1
6.588504821918023,186.49067960606325,28543.047956059534,6.261741629405387,356.13535481476066,499.00557603691044,14.74928041624631,53.24574641074723,3.1284962501637,1
7.292330038603829,163.30582676733036,27643.048340826153,6.815366382054289,393.8959715975352,391.4390065357865,13.21908633466564,77.78431058551395,3.927081632623688,1
,208.21219836813682,19644.229592402935,5.003561680767241,344.3556928736797,302.68448606581046,18.899791764981444,37.928011953835494,3.9875101573702336,1
8.205892795934858,178.69220748419963,23923.167286506898,5.774444760505001,298.64065806135557,341.25133752257756,10.768978324707183,65.09387049809659,3.9681764397046324,1
8.601156683703389,217.9196779254758,14783.085765637286,8.646478014337893,309.617935720173,467.71670453523876,19.160463681068627,61.16529978393977,2.6138048579861897,0
5.83027675779236,161.18210141203437,28182.710146161506,7.171924130888737,338.0448203428841,345.4772487616317,15.591656748328317,76.09395740024577,4.357349879547233,0
4.963339603843133,252.89205535023908,21331.707289736805,6.515210125298898,307.8303610514854,552.0163522761875,16.341018554689104,43.34330610822637,3.2131269287139927,0
,166.898582185493,19594.390379200795,6.935948402842965,,518.0078887069919,13.190332895381287,66.60193781476251,5.090071516851875,1
7.887706209790944,203.58066084715034,18842.289222546613,7.892954682969596,383.5426934566185,529.6585533987842,9.949794454963012,71.94948664319035,2.8343472669009953,1
,222.40633412555968,21462.60072551791,7.815981303938074,311.2114816664901,431.97460480952844,17.359990633924497,35.581448882663764,4.016383423352871,1
3.656903957205552,177.6073426550203,18086.843518978978,7.001457339373054,,442.7303759097786,15.310761642436685,49.017373399097096,2.2414258953775272,0
7.697839981204233,224.39916899607542,27785.063281200997,8.846875395216736,346.0458532930617,325.4142079399775,18.786973647002185,64.91484027856905,2.2895807090542357,1
,155.95444330432233,18548.01853937176,8.653330966312533,309.41869754922203,502.36922329092835,13.63860038008604,74.71889696552306,3.3153054725317466,0
7.07034725065157,244.1156299491226,35982.10718350281,7.773127806026025,393.87211389450795,452.58813983609724,12.892344135844592,69.35283885380349,3.425396135777118,1
8.41320033137811,196.83522783207414,34861.89086451173,7.206286616997912,287.50798825090493,467.73964063612044,18.8745720632794,75.46814981272789,5.113266602131759,0
7.210108680090628,176.75999290598324,14196.528501166486,8.158567330288871,344.6165184175155,558.3393606016218,20.60836968448654,48.93575274547422,3.9383383677157195,1
6.922765451426083,186.53290332258595,22625.296765789502,7.61654252644587,343.97419539811807,372.9160716373622,14.310939153770565,40.694019341400534,4.978077382711012,1
,222.96726557763262,16308.761869850081,8.796064113453397,,411.6952399389151,11.788372685402978,67.76730393714486,3.673766456152192,1
6.618463474740045,177.15311000395758,19149.857976851235,8.541306975246526,280.0618795582744,448.291543879038,16.962856824833406,46.50906460569563,4.4427464426466585,1
7.505153779374326,171.73111917177908,39572.515419966134,5.511158835759989,369.84926299818466,346.28811053082734,13.439191925975067,52.39908476454655,3.4041292528032576,0
,189.0858766714467,19317.128499020917,5.404178190228104,364.57621196525895,406.7282632644058,16.26355995207664,,3.351091006103091,0
6.017736178707553,157.67148573212344,25172.75722193603,6.01202571984156,305.7979515457518,461.73020368194045,13.421796524806325,69.45963082848766,2.5497368916440424,0
8.657347335763072,256.2294836931269,26760.703659002167,8.662299130305735,363.08412012244605,395.5894528476478,19.4568864002811,57.2074154329674,4.231888115203994,0
6.801813986854301,177.7469458408599,13240.00130332463,4.629431785101432,349.3086763665781,527.6825240943068,11.964689738282184,55.105850254909214,4.174425063466117,1
5.878365196406377,223.71355992961168,14516.125475959678,7.74371667479063,280.73704493914283,299.7770769139505,15.870553182947686,76.44651079046669,4.576304052082965,0
7.933050651276941,203.25737635033877,11438.99841474191,7.692818083926879,298.41026435845436,512.6323716356587,12.662396478531669,69.82968973881674,4.137636263970289,1
5.651435908952251,163.9985204201529,14245.39360186597,8.956983932724185,380.9276174473263,475.32701007462947,13.348213281697253,46.74847352721886,5.550432862211295,0
7.124808040216914,196.17420916108546,320.94,7.404935131248942,,375.9172735536763,12.916095782742492,34.88421199842668,4.107301556608458,1
7.0655007953357165,222.1480113837374,26789.298902126982,4.997729162877437,310.40657198452385,347.17929951565156,16.724792698769203,96.84755365211763,4.743624837183734,1
8.80657394967221,190.17996730236226,40026.43249062274,5.604219162175966,298.2219285876291,253.76155887446504,17.31978191043111,46.62028613436192,3.7171949152607002,0
7.834770190279125,235.5995536595818,23310.26649769352,5.252447075401437,312.43238888205923,357.6239554967139,16.12611552376615,74.93812942339599,3.2613933732449167,1
7.040207135595221,229.9574261146677,9595.437368051731,6.270048533193639,315.36965787246544,506.5228172573422,13.922574725073154,90.84301164523166,4.529802232745577,1
8.380248415728456,226.58392042116589,16377.860292195004,6.831015523470196,,417.35715160215756,14.743995902615271,68.78812866372046,3.900464569500134,1
9.290430002937528,181.25648532766385,17990.396263019164,5.2786023885707305,261.63613046508357,515.8821147532686,17.251458391600696,56.68493457476063,4.618993575825105,1
7.9669183870994615,160.86478031694472,13091.32665007011,9.443645945230617,,371.7920200721237,17.356021353657173,43.32652650536338,4.245290502638851,1
7.096460665550976,176.19523953567133,29556.66167755262,5.026055432315143,373.98364671956597,479.0383198598124,5.375187660219799,43.10062952234192,3.3514496051036784,1
4.994180390563246,202.82240212912177,29118.91191730822,9.24684340970272,,363.901762979537,13.378944611432376,72.49492265158393,4.807983544588082,1
5.386469275710158,214.31546714094387,11882.430064284285,8.992557589674158,339.4260138622471,343.85222799812084,13.537703400335303,89.87679690533076,3.2904718360479595,0
6.594692720076078,124.96873221147648,28372.013893911084,8.539318028508676,296.40929364355435,413.2319783082659,16.495225987257594,60.00147181532073,4.457754485370494,1
6.110875598566739,196.10323793100565,35402.0537174637,6.0238487601551345,322.9458856139569,368.14740655511787,14.05898859337743,57.40844292242329,4.969656666990166,0
6.782715628253141,201.5679737286263,38696.80480162976,7.6610723890995045,319.4997682616331,297.1991139148125,16.66049699094214,77.68524404932501,3.670016026036177,0
7.1700733805864,187.24434485234468,47137.90218927088,5.101753608990023,,407.1553258880526,10.709632847888871,55.301373431821204,4.871675673864406,1
7.922211479427202,238.8270838268421,14104.904313871863,8.559233115353324,416.74206822243974,430.49211035597676,15.140780446175182,70.84113344542786,4.28014113056149,1
,210.23812884136865,46778.464504276184,7.003104045172695,,524.3987429811122,17.259680712921135,67.0763474623836,4.634516147149085,0
7.853537613683661,239.44910993769992,18908.206487913496,6.473274060953037,300.30171236572795,497.6026348258939,9.39979270255693,59.77480681220707,3.317330560939983,1
7.182514319548091,189.26921809088438,16819.015181914085,5.186483142283095,302.19387719023223,520.4858093619974,22.600159879771468,66.14859259164311,4.1371541810019234,1
3.9390081594973445,227.1942599536277,24882.04701418263,3.2055403325661533,377.01324153416067,480.1092930201633,18.22183243778818,94.92780121503667,2.871696578180887,0
5.586456723828181,250.13098305206483,16910.244447712033,5.479105445883506,265.3499214212786,448.7717631783369,14.284479431161275,76.18134303555348,5.304814401942162,0
6.850900786402631,239.4984806120851,25513.13648034891,8.878221149068393,,322.5666726589416,11.537969165039677,84.07666301286173,2.399081309164085,1
5.156585358882639,160.46038440806325,10438.900773922329,6.48352318300981,393.7074020374197,434.0026710371289,13.700468152594032,51.53552524031342,3.693293580689497,1
8.033886680693966,188.02913057040652,19920.571096124633,6.852460405758225,343.8859079068625,470.12287308387636,14.557385810313537,84.13224686829057,3.243267296524295,1
9.513893823426478,185.0209844848107,33286.80781275679,8.155775886095755,341.7294094485958,539.6801350681186,15.738593063047876,76.73935129308818,4.496266323857745,0
9.017831344198733,212.45668911330966,21513.74407179551,9.9729568274237,422.0935063791521,477.35583994276516,19.2471874117127,42.136535157669435,5.4706778378253365,0
6.740625835220969,218.93730488887786,23255.682567733733,9.213507354814109,343.9837322111268,522.1377891848101,12.704114066144179,75.13381406594439,4.4808337769762705,1
,168.7872088780338,26181.428343566076,5.583710693970422,,338.4839304198614,16.14256956236518,58.09522446666213,6.279801283622055,0
7.316381256951358,198.6005303375889,32279.118442985957,4.050738497128898,,395.50892745471094,10.002059471793626,41.388896517051535,2.895206662284105,1
6.5440333059223175,129.95478931870622,7500.136245437105,10.848190529378165,286.7503937599538,456.5901246781039,12.910981635583365,68.4997713490609,2.9550763766277193,1
6.104689764969906,243.78115179076616,27139.530065220177,10.705006746421937,385.80091219745015,515.7181964658138,15.526932766447576,75.12170912339303,3.273370899339988,0
6.599073198483876,179.52313496655032,19662.893187818852,7.417756682358267,357.57834634037073,410.1526208432985,16.568078845239143,68.85301855066903,4.0645708623308066,1
6.462798858519446,198.20680634208708,23475.26604969453,5.112628571980721,380.3532340917942,415.2267175815654,11.786800502240109,64.63413769719568,3.169000547279065,1
7.350961793577025,186.18871740407255,31308.33726007328,8.641897923552424,,477.42467953116073,12.820979486200564,61.0511292237442,3.38370305164208,0
7.335312629869285,234.0513866664411,11542.780754029645,6.949385776100076,316.6233894539816,330.897119750131,19.114442463781536,106.30939399114638,4.453977148663284,1
7.084843172043929,103.07278820685417,13134.64633009537,6.941489825491556,294.64833686979176,551.8004357167295,18.125917530968827,47.26602729360651,3.003445931171222,1
7.774731689896696,195.8238519443241,5043.136918152311,8.533244972106104,331.6380429296207,350.8382209550369,14.969993388443331,80.52387767453956,3.086107109883321,1
8.973127576910283,192.8906792534757,17198.7513780184,7.648312100059812,297.6302364479387,266.8296027879371,6.876704542839431,66.64954366898377,3.659139772667744,1
8.589791075351705,181.45443557598549,33680.079141949755,5.246412440596386,,422.703615628795,22.591848732853926,52.57473192859943,3.73253440474533,0
4.719012230164653,253.1283288204996,20956.71279676719,6.606907742570481,,559.1594323259932,14.214026530914518,65.6169033608296,4.757812259432627,0
3.019265395505892,167.19460739282223,10263.111043708315,8.164621627284928,326.81565586064346,469.28714199356233,13.245403037949407,43.862349923816176,3.2675009965770663,0
8.565568658870445,221.74665830750854,17755.38193068158,7.92619851139993,,482.5931376855536,12.55098864542288,56.76496521786511,3.4081816123857003,1
,208.08359169265603,8967.670502623228,7.533986187486391,329.89291457602815,425.23479730966096,15.52577489312905,65.6406026079799,4.423702690697625,1
6.722623010990633,237.84875302336778,12147.816903943187,8.594808268071866,367.0289760503694,409.57485067054347,15.559588370155776,41.30292599186609,4.595087572551039,1
5.219520288565619,174.43282289251562,25423.47583197109,6.548487159248722,306.120453228579,297.0304247494844,17.426578260048757,74.5932694727368,5.084405084358739,0
4.214851104247769,172.26998259681082,11720.899567152745,7.402298244846134,242.8031958427428,239.28640263618368,11.214734236004766,50.806346358051414,4.335913876794509,1
,232.40877855785686,31770.301789576515,1.7865850217193913,353.2833881553282,437.75273039279057,13.245641953352425,42.91115489934073,4.071683966770225,1
8.28705670488121,210.35456461789403,21390.46675143384,6.4095526937283545,374.6961017305771,527.970225886577,21.00110634387211,48.918841034296975,4.418529957262001,0
6.163348462844516,145.5724600412682,22764.633153166847,8.326966595549518,352.2688212178985,449.70288602420425,15.023394996057473,101.60693833849818,3.761418011406933,0
2.9602427554895927,178.63765112444767,19573.157147422447,6.503176741954915,307.2616528777148,472.2893137763437,13.708944324288469,34.394922184562176,3.7556812763871266,1
6.211471327278552,209.07426165852425,28790.860371619336,6.383360721086963,286.767798893133,549.8860520385875,11.163245195917947,73.45647157629521,2.5861939564225724,1
7.702968368590049,223.91568760445185,28881.282297164864,5.474504336195787,354.26208776634087,448.4609369334663,15.954642552266687,54.238525134907945,4.666864446217681,0
4.728530605649135,174.03689612301565,24952.03753854651,8.70531811051205,339.64005823055413,411.97701479313815,17.69267029841049,60.73492618484586,4.134937977140363,0
7.371542272448858,100.54926305481898,26966.482810388625,7.986571972194102,,355.73682520736173,17.174885107630462,76.17160242604778,4.576090627767279,0
7.055657339814937,213.57357834703365,20154.366883025854,8.424155064560475,409.26643166680276,585.3252193394039,13.423369141454485,,1.7736678143077107,1
8.001073484365731,156.24585571464206,26768.435020292476,4.392581940106535,294.56354009900923,464.4455915112004,15.475745057933304,55.38633193796223,3.9332606678430344,1
7.270132785778504,130.03990031773512,19051.385074313643,6.866488931640299,407.3020334150996,345.62810931939964,19.813192735306902,,3.3024124250254467,1
5.5328203839983265,103.24312358652145,22033.658135144575,6.677424607754991,,327.236229088304,17.824620387087563,76.46624095447635,5.141062753759782,0
8.982548687646542,223.13369068330172,19605.857058619164,6.6766967035742875,257.7506708480083,523.1626104103947,11.68442132334011,75.3374629828912,4.449089194077387,1
6.8279379788871175,200.5989417693153,18004.937232681878,6.146676480925629,326.35742605810117,338.04396209627913,5.8527232361029355,,4.152703620432237,1
7.036585782179208,188.95041820218117,15971.564963850642,6.573155250587576,373.52232749274884,571.7168766093295,15.262316998448817,73.55066013001957,3.633092283914001,1
5.596103945073619,242.0411210542156,26115.063413993907,8.46243875667651,318.6594205412181,199.11267673912872,16.923260499537314,59.18647899781584,4.279822481902684,0
6.375181220605499,217.32523557779862,33506.22968891875,4.09769486171043,,536.8641438853858,10.6746669318995,53.01853219773713,3.246015209085079,1
5.6731636846972275,249.5139454046966,32282.97961572255,9.928125733488116,326.96580809300264,461.24083863810995,14.250906681773605,66.464108090539,3.892214228805103,1
,150.57685767514914,10995.808892188934,7.884468977541809,298.2759202734055,431.47480127145656,13.40715609196011,74.79794975086077,3.5188765581498127,1
9.801616483426326,195.23397548439368,33318.55720047477,7.053115604856864,354.1509524930634,407.7094492799247,14.625187726588578,71.40366936135838,5.737861930885719,0
4.898677182739144,143.2124642317093,19224.294907468076,8.552797951269223,365.81422038152044,574.6987863633694,12.477055289633752,74.63825216364057,5.116559249828856,0
4.514437377375982,188.82790892859225,27281.65949461518,4.8261011026338725,290.0292797110734,479.03449693598526,18.55159140214866,,4.799177037506608,0
9.419160820714838,188.19551072815165,14067.877425870787,6.069772569861398,304.54559603710976,348.8930843290696,14.769776994894444,91.99483659858853,2.807557402719757,1
6.747175353328533,216.9730563932098,23259.050813398186,6.928700816822925,365.1201309047293,282.9676973537458,11.370454106794677,60.86027776062106,4.644042547581562,1
6.016174345530732,197.86814041194563,24764.99368985433,9.27758538528284,298.2066699928571,436.21916076656544,17.316799728395214,64.47594475910876,4.1163800066107115,1
,216.86762670664362,8996.228959717091,7.046535401820039,288.9570100140044,421.80343098750615,10.095539057267455,45.064147388854906,4.924298908822594,1
6.117071291818386,219.49911157760684,27347.72322679067,7.831086380472531,,299.05426521931133,18.53167638964129,63.26342357110995,4.221468174199013,0
9.98335544453963,267.2240549123577,33816.015331680814,6.188465186420919,,417.4130952705176,17.560406694176685,75.01160658225756,3.9647602204901236,1
,186.00304597419225,20482.67726293445,7.889210468968636,346.58531274241335,375.50460295494315,18.8801562275118,78.73742171336733,4.152351751142516,1
,165.42917360208946,33940.81946693459,9.770038556899642,305.4468134217001,422.64082332054704,13.756204507218252,91.67220112768214,2.5616060325344154,0
10.51012005909215,204.46122927160351,20350.749324118024,8.6929321728451,333.9906371076314,480.55914629342385,12.637862726917023,74.81740061445596,3.371425447709118,1
,169.9910327076518,29463.731431399436,6.99129953931095,397.03382335170545,542.5227359540434,14.558112028688537,70.8804555080392,4.261201720188552,0
8.259931641494799,245.0968700661933,2560.4039536601667,8.187275538679442,293.4344283004472,495.3464119193658,14.000514237163191,59.178945095698325,4.858722919557135,1
7.555875202846322,187.05779087948076,43223.312272354655,8.032476788279395,252.93882113478713,363.5831585987228,12.119442894784774,55.69304019478996,3.540615369276548,0
9.14976865014409,177.7738490243032,35127.12030549004,7.920408521281695,352.6292303463377,451.70572071197546,12.447506830244123,82.09862096733076,3.938170633706132,0
9.562802802795696,180.87313908855126,19518.33134216632,8.876886310159446,329.2071837911962,426.99031755898534,13.067305875548003,81.78831829113555,2.721225893153196,1
7.130886597014569,219.99156488374757,4721.689323641818,8.865074772063197,304.37076090411847,314.2273378867306,10.407287797884054,48.973934500266864,5.108262434415932,1
,191.18327919134876,24539.686909472464,6.919089416937683,,454.07517365882944,16.524058488573797,78.09969145414334,4.8387185511418345,0
7.811355707273195,175.27199495411304,9352.92776569547,8.134168917134875,368.54070549218125,571.9462583505097,14.106896474639967,76.92320812678474,4.478640042482415,0
6.002432562094151,251.1267710514617,25914.819383820464,6.514710024567526,242.31312441656655,424.51071815039364,13.259267266836629,48.37857224047035,4.287308826352095,1
10.281285723567331,168.21913563904167,25622.932818092348,5.661545613821388,306.7493945954897,293.0481558245931,10.604727727283047,75.14459110148888,5.1809882708145025,0
7.297091176421553,197.53941251420483,13759.330414383916,6.694199865987701,429.7715222961737,424.3363139989986,10.43916544392069,49.41833828558436,3.342091426774521,1
6.499138733413747,217.8178262649444,31843.36781425432,6.99948052025146,357.94463161236104,323.79778007898193,20.687875507891185,27.09403978304296,3.2577339860652064,0
7.373641686325205,142.73170156948663,29077.828171785128,4.494702037098772,,491.6865970665498,12.203777797928204,63.80954294646264,4.797985433280015,0
4.938069199647782,212.16096528622683,30570.665240648377,8.479325443878418,382.36128102091584,464.30958863122487,16.30084898483287,70.57144193102573,4.745564437732337,0
5.535133678768064,161.67805963020282,22091.759394659966,2.747625832288211,,408.07704947817126,14.818320095369586,64.53815437699123,3.0390734428504613,1
8.988658113631637,223.423097833822,9601.96813258248,11.409410764388388,,395.12530403353253,5.09412619373218,112.78978830210143,3.5555392923700446,0
,164.71803472810407,30588.631469942415,9.492969031398184,363.5221298557369,404.7372237434315,20.213012224588738,72.5298128890219,5.287492642240364,0
5.415411537535716,219.14824576719053,19643.319460679875,6.707606215807744,356.10709879549927,422.5587446327463,16.544317969748942,68.78075463625298,4.291100516008405,1
,232.72979121977016,9827.705529805058,7.134893649690762,320.4422641770271,359.47796557517654,11.739011789251082,73.350787287622,4.583985984054174,1
8.965269605914166,224.69403296280663,33869.54182330149,7.598695560267908,340.9066805644104,309.73179599346383,14.186106870338039,59.259458508806425,3.065943696827102,0
8.223135763957456,204.6332913940688,40422.89180205269,6.189126586977472,309.4100640064132,513.9196488718615,10.476203053893865,81.43897122467347,4.482182729139,1
8.663715820431248,188.76482499647148,21652.40289367683,7.42433825318736,334.3107684951442,390.7418930795158,20.32478978370635,72.2410114891455,2.8627575942987136,1
,177.41732433011035,40946.494982619784,6.892480035231376,285.3811072492483,435.39042367895024,11.275652985720752,71.4994781689805,2.4257393348314658,0
,244.7376206340664,22814.78958985962,6.971049106775074,301.0323542814743,444.9464872933569,12.548591970940677,56.30173479401293,4.536922688941077,1
9.467120506609223,173.37059716088788,18678.03577240406,7.406708480299409,322.0866352234694,447.91569516573435,11.865152831331473,41.08913531805368,5.088867232314902,0
6.566939056241004,162.27126750101854,16485.87091238285,5.04462607860069,,327.02202947450536,14.546055814692354,58.287573078729444,3.7720468609156494,1
6.681175503836474,218.24733058387946,36368.96169025292,7.182520164131164,312.86218464573477,286.4485979009197,18.815747615461127,70.97301579428506,3.543690468153523,1
9.191828685540003,170.19302191122804,15173.343765979625,7.378247439655614,326.9901860427865,374.3118701543932,20.20282942650497,59.204762417726776,5.304461951872169,0
7.964405714947049,165.13191220331373,28461.350413367374,7.323582401742344,350.4417063159985,453.8714060499382,12.959322762624197,71.12014556315006,3.818068972090606,1
7.804861557609756,148.90429185985812,17111.022770814878,6.778987406410876,,363.057091710726,15.532037231472323,62.64038483246499,3.9187003956253377,1
10.522353728392723,180.49192447853818,17977.85793089332,8.917815286031608,314.57005133751875,393.2052561940279,14.551106915719481,73.36677606125716,5.291286636623462,1
6.056806013695573,193.6503300142833,31047.906559050723,6.561228963287149,389.0800332472664,593.8181769792401,11.030873334690167,50.594985643337424,3.6942038458379964,0
8.555265803649167,204.3628560054838,18681.710310732564,7.479174932780641,372.6572708766679,272.7428416300974,22.298658951912575,69.52096039230062,3.4598584647110044,1
7.170650868586365,227.64894931256703,18464.6133798766,9.169730103602362,,360.8681524505135,18.790734151200606,56.0293619120344,4.606096414826928,0
7.507061723392579,213.6944037301313,31947.167283506096,6.9945856987679065,340.1441469354659,575.1735408221448,14.905973462543523,41.51058199632631,3.4147521995842895,1
9.510264797995927,190.09412142109144,36020.97998342433,7.4588519625987315,346.99798527019493,418.28553532934603,19.51600986948165,63.7278062894009,3.8572108002646983,1
,189.85332616063482,27667.09766838403,6.967712274622462,382.9476586606015,364.83227892437804,18.292073219095933,91.257618344376,2.941056290664485,0
7.935890765688916,213.14397757793125,16272.695388557107,9.075044273830487,384.4606695072291,516.3499038728387,14.55096103898061,42.80023372105201,4.11460972893368,1
8.785286666322586,238.21210695709138,17536.783631314225,6.712795192693654,389.07349348965045,426.3537238764034,15.358939533635656,68.33176661137816,4.0231160400184125,0
6.499725160026812,200.52321087900762,22714.832584172982,9.147700232115366,,393.7397155125434,19.285137531266724,79.30479688361515,4.725055814284053,1
5.74565662893098,180.94497751356175,24828.18771309946,6.956331126457638,,437.43725668317165,11.148231646460758,103.61449648563723,4.638660098596151,0
5.418753381506557,163.72456588430725,13351.918616325702,5.762053636952134,389.42969630428536,368.70164602568485,19.819916208133634,58.424344344012596,4.400184046606274,0
3.953493022892157,148.85165090612603,28354.098785861806,8.19340960950711,307.945681833763,339.6563722973855,13.534877424132265,56.17423021750222,4.27751944036919,0
10.349369336605113,218.27694681679105,22763.919616877898,6.638624822666063,320.5911739189878,412.70909630855965,19.326680018825446,47.522920269702674,3.912861791273174,1
5.325898698502524,215.37393385726864,6969.781508439259,8.100391420576678,,340.1812256866571,14.262699962398065,84.85355429781183,4.445453655816727,1
6.728206738498622,215.35371270550704,13868.733113689314,2.8075410718205003,371.04137972710697,422.7542334593915,15.397476596385536,52.36523615291177,3.1023809045381903,1
6.639866853176616,192.1396774039444,17593.602436078232,7.128224313794015,371.68643048276533,450.53313878327606,14.16643933974516,60.40374973387484,2.1378064639536394,1
7.568776649516471,242.6300144449208,21375.23225535899,6.393823627963181,324.2176085141815,490.83434605809117,12.519597608494836,36.48418514413309,4.876295783546057,1
8.377022167937483,180.4521838980512,38580.363367892474,5.440051275280581,,513.0488973294699,13.386118287142326,80.70266441453856,4.4958451605533725,1
,227.77925251937293,24102.51176987676,6.245879217093117,343.97693897273894,389.0983759380814,18.844858744487958,85.14061898298847,3.8709505812616665,1
6.152906872675388,195.09613361274384,14641.722829391612,6.21354903201761,295.7433455918576,462.25268861363554,6.620117217354129,80.08464052879503,4.808155714587869,0
6.814276475079605,176.3674268573434,23948.706651723664,7.044182444136082,272.06684240380196,461.6957449223977,10.179022722695988,40.42583694769685,3.3994320147817088,1
7.529302121276396,215.852396504608,18926.783940308324,4.95962419116977,281.43043995440945,448.3843086122478,11.878688642024681,76.22370383980919,3.419715824975143,1
,209.83883558232972,24861.755356426627,7.619712572810347,347.2987013449631,383.1400904069839,10.710678737036769,39.336193175165675,3.3115725755185497,1
9.635679465871789,208.10726432469653,27104.83840350988,9.278619360625145,390.1541674898368,338.80155939665053,19.278032510475267,67.33909208739942,4.41274514059039,0
7.86065017310482,199.04243451720782,32617.313576328408,7.563867025177566,335.3910108625052,462.46179267435934,18.442910796694107,69.71815524413785,2.7352926997724927,0
8.24845567981921,195.1240754731506,21801.13216266268,8.398202002581835,342.53538671543583,283.94136772355773,16.23962528909618,71.41876446899174,3.3717699467100077,1
8.133981217181187,274.89967112558,36385.43011349607,8.849408678289798,382.77550836832364,400.2432170598291,12.168868536649358,75.05041909807424,4.195977718124186,0
,235.30835849405017,29976.15027803497,9.073653429251,,215.5055413152803,18.69902167908859,66.27001629441098,3.0307621607803634,0
7.367824278338894,220.13654830712363,15810.856830546194,10.074819134657663,,313.88195614418515,9.023289944954747,34.64789048405203,3.4549578835842754,1
5.018037202750204,200.0459563217274,41391.36409501201,6.3312608427240304,,351.00003509467916,21.369962538889666,75.05825792237644,2.2449772898506404,1
7.7155038432867,229.4853287556185,24881.36427922478,5.984795303445436,357.22609994482417,510.52725046059874,12.013875371342307,67.97929972344697,4.442529186533199,1
6.044342538870992,213.40166824775093,14691.242328204178,8.35787572435308,,477.502890532353,13.41266341570484,51.79561177561345,3.4334885491930227,0
6.239499476017887,197.2316122712103,36507.77379362754,8.239060627058691,299.9010374305351,377.12099885186996,12.858871854862496,41.00714972600967,3.1125606248899,1
8.012318789820599,186.3888049852567,40233.228200243524,8.345566973392788,339.5998788155097,480.83766684238645,10.728014459333378,91.31755896825612,2.959882273752312,1
9.04887008357948,193.70943793765082,21724.505663306572,10.105066277715398,402.0895046125134,493.62768790040366,20.6521244402312,86.32244270954325,3.6437934604800226,0
7.113821807010338,92.12640180432953,17597.797436378358,7.137964455901621,369.43889653010734,408.905066954355,16.89124122789665,77.82239085023463,2.7374786422246773,1
7.571044490032352,203.29455559610648,20502.608119320543,7.793327364240972,312.7513654591406,310.00455838464956,18.303207494284095,55.45746743622251,5.4850561481759605,1
9.786521761970029,180.30890648597136,28281.265183959877,5.57098656265611,,405.08652710045664,10.229654709478847,25.675011965217656,2.1098991986081916,1
7.462797555386824,248.73698954354123,33219.06552960091,10.493807375882014,264.1087731092377,413.97833581398794,14.878904207383238,78.77250905854211,3.618517063166538,1
11.216676151546828,197.00603304829048,27016.448094790405,6.588259024489605,388.2928392956469,322.2830361331011,16.004604961686944,72.33299200097512,4.053387404847179,0
7.9791603365541555,157.27688276569046,22906.057074109307,6.633018833505889,294.220491625414,451.5547218046,15.17620409294998,,3.365204376773488,1
4.28038721294225,194.7299405322675,35149.5110687383,6.572135172206977,320.2972344337497,444.50439406471634,10.439163876964919,84.59936604237164,4.13546275508863,0
8.277813177556206,161.97353872314486,19270.961487494613,6.101064543341947,,457.8583510054482,17.839905069942407,80.12060009951892,3.346310771541994,1
7.686041831963617,211.9356358286259,31053.77838282391,5.967489462820714,266.93220171406017,444.4325647130728,14.68233077401886,69.24922499957515,5.163473681665057,1
9.130706878991566,205.9363493394823,19488.191188260927,6.292547233034551,395.5895959824569,480.8759140979929,11.11906904202166,66.96724520115463,3.097275928994374,1
8.150358348519234,227.86376707083986,25793.544978925576,4.962042433679508,,407.3967087873016,8.139120714080683,,2.136045325748311,1
6.8598549854658,170.3658066890827,21018.30870125539,5.879197685984083,286.2056790828114,438.1982723777204,16.288066159651503,77.40142714246619,2.9571701166464095,1
5.133365804299908,197.48818620398148,21524.346226756043,10.199361716087239,,389.7446302272761,22.39100847997527,52.52603271293446,4.271465924354696,1
6.7476530209152195,151.48808336637222,18704.94990457639,8.282335126953363,303.8500413143508,374.65077339343395,10.919508355223808,73.2924069104819,3.878018983951886,1
5.727672477807213,219.43514842968463,33806.5367121901,8.582928599229795,352.0387560706747,530.0473351581909,14.844179736866916,51.50483851848203,4.556663668226051,0
6.156967714810491,213.4304844128712,15587.376730022643,8.979989884118726,306.9343545883682,256.71261354262856,17.95574599379312,88.02546267895116,4.361360801034554,0
8.01583966302877,212.67206909138653,15523.311677268972,10.017932611692578,254.5997796237332,492.7497423234476,10.077450999204693,75.0098402880873,3.473701327214341,1
,196.42323375101623,40612.17055166245,4.321152368718726,,371.7378864464817,12.691343094328568,55.26446672668212,3.5885148748394737,1
,210.00773264913545,30588.41482000103,5.176784677847266,277.5919039342915,361.27191448288295,11.43287444064476,67.70404043280136,3.669443554990484,1
5.178545931364057,249.12066988118664,1100.0535750512026,5.850116615786398,342.2429295947962,443.03069226216616,17.539279859869247,52.58573637114631,5.439789945127389,1
7.786918242470024,186.9961008284586,17057.579177121832,6.377826921546435,,301.49975112979195,18.667479704561934,90.73654571399888,4.508841405456148,1
8.982644063766585,200.92865364038758,6125.5346543335,6.645100362875307,313.56650969261216,355.9390153253079,14.806410036262042,92.65813342874418,5.4455157813592345,1
6.110445182132183,160.65816728291526,13677.892106439796,6.413775466566456,341.3427868505578,353.26253376882,11.493860231629526,77.66489918386688,4.625807910426615,1
6.866912704990061,167.82157958264685,320.94,7.466508082748645,324.97995960908054,403.99659277348064,12.814361995458823,91.58670326465106,3.9204049519611903,1
7.103354229619423,199.58610107690797,20812.887298720227,7.175766717377441,,356.89959204285316,12.193049917843247,68.85605845275707,3.1748980401511817,1
5.832011682199239,232.6673350155587,12000.893222756698,5.977921023618365,361.9574944040295,551.2924121733657,11.045240068027848,78.75363333688821,4.12718534349602,1
,187.9434864986083,22539.373437587547,3.6826329323596396,285.8183861571293,567.1248748633647,13.94225355529088,86.21604276449985,3.9225220456713403,1
6.887692443713627,188.61306451621738,7764.10048300046,5.551267445501657,331.1126538673246,258.4724834915015,16.182675663568762,66.30706862455247,3.8969551174361934,1
7.7470565858121745,182.99161316069618,22741.108388368753,6.252202927766131,195.87195270721327,465.8821609991668,15.902752141058398,67.55046041139465,3.806902720018585,1
5.668887437294661,178.78720066263867,18375.867571162442,6.7296144898438035,344.0245453556901,491.28717914624957,14.25275087327492,81.50656381111956,2.3690790880905466,1
,206.06866146370606,35184.06971196376,5.335125414289352,321.320278719874,465.7740640572491,14.468848199891953,76.86033708334318,4.953455056897031,1
8.228586358946156,147.14016862652616,34389.671437196834,6.344525782935656,,368.7012674883292,14.010066868252832,54.176645547146975,3.9306462784104927,1
,238.48729328080202,28900.447894187877,5.3330399261927734,,402.1621966663467,9.986229805359635,31.01710077282764,2.8668825694976596,1
9.825872523461115,174.49091483750334,19150.154201307512,6.921205424553634,382.35313364700545,361.4144424008666,14.810046509013308,63.559955947179766,4.3457749130774435,1
6.444578464872782,220.1061866012061,39423.036972467555,5.424515701187068,314.06334489445175,387.92426100174345,12.348199312145109,32.471928580136606,3.302447788486908,1
,154.61244611768936,8396.191453792084,5.778730642934666,294.6457838141879,324.1006263831188,9.82029394458226,50.36533950181223,4.408469685917211,1
,218.36146349235966,9706.887907566956,5.052279073037161,340.6153463702114,412.61276743549564,15.507035427152582,52.25403703249779,4.65769203919972,1
4.82479848463648,218.46353870494067,21279.432023805744,6.877468900999742,,300.43356569232424,12.255173579454615,57.19936740898876,4.765316462722068,1
4.280313988950566,209.00256412755388,41778.78094074246,5.751012523475211,306.42700363241795,405.7151253272819,15.033865479366746,79.6746891725661,3.8444849532092404,1
,163.67319020322282,20239.867131386156,8.552719141347179,384.41189753556375,320.979627886957,17.085681167879805,83.18965496901562,3.6472533721455567,0
9.08750872444922,204.57514447398478,20407.291257752386,7.761243421374781,336.3554636988249,438.60489835998123,11.134709833009282,74.63142484648063,3.4820800789935573,1
6.20254554803101,157.4711126459333,9370.598108708675,7.009634048269844,,366.97931108459557,14.584921443661536,76.63396287268002,3.4064062510008126,1
11.147536864212523,188.05914417243744,30308.53978351428,5.859972914196814,259.3486059696872,445.3747037152201,8.287500261472502,77.0160289840447,3.956560549915485,0
,230.21710275941112,30372.082708424743,7.721222082399759,340.4935893894294,509.30335446644165,19.352684529916704,26.001290742045455,3.8067124113344435,0
7.373436572083289,222.565559362086,28933.15113873921,8.211307405170846,,550.3491013759825,9.781489895298131,66.56499849487516,3.326263023658711,0
9.531954824582922,196.86921515072945,16496.724484690803,7.345447691278576,,217.57666911536398,12.57594691746469,37.33329789146932,3.0778478920337347,1
,164.31835978365694,15817.282232047513,9.65384893163775,,354.47043333312087,18.7100374814587,74.63787671636553,3.885170248038306,1
10.357790686851873,217.59692397628748,10675.25702876649,7.846226962558209,388.8828280802241,397.394583247807,13.503729114671936,32.53351017636731,3.6313258580038124,1
9.001302306643097,197.00725509551108,22749.53190276587,8.563499403757493,411.9751192812468,459.09369428159147,10.316613658346006,63.480504498025695,3.0797337608401447,1
8.708259416040224,120.07802313018368,12540.462704708409,7.331033356546846,347.4992467133961,288.5083489742309,16.640272398868433,75.26291497599692,4.617845390468698,1
,222.1028686892871,11689.830954566245,8.187549836146022,354.77176346636344,342.51729168240655,16.56566244972042,48.31467639624208,5.352232345643694,1
8.317594111104954,195.57322442236452,18298.928290418553,5.8610856523827035,245.42350100764224,432.4254691187476,12.184153216701077,81.96056424110391,4.720818806907696,1
6.203614711037632,235.90659703368343,17724.88983696494,6.395730586123786,420.75175053799387,428.75066768018524,12.542493216216878,74.59714670981927,3.4082533508926858,1
5.779063775358532,160.3575053404486,17296.78761152767,7.67199441450216,309.94319537355864,452.4091196068719,12.838796307254134,72.56174357865739,3.93082084601985,0
7.0746346127165864,91.9199786221155,26104.14209851561,7.660517180860663,295.11562461803476,457.7478722470975,13.594750690129235,77.69366568592041,5.1715345823162195,0
6.809406450185364,205.5462772623897,22707.226186500873,7.922026680250331,323.2093619115107,449.255202084424,8.014265735388818,60.588142579935514,3.0545142786335555,1
6.359367401569632,205.95661368930328,19487.37367554113,8.858620769800392,396.39351281556054,437.5412226901572,13.67948701969909,68.85804721558517,4.580424198814476,1
8.187256041456177,140.78071688429986,23618.851672804212,4.868545548531649,,426.39488848023706,20.184755995986222,66.56263443874934,2.840495097647688,0
8.598935281627112,164.196934931906,13319.815733181156,5.5803649747757325,338.97442750388944,475.616152911523,11.314339408446507,66.19695807611079,5.283549349396437,0
,286.9615594135104,22937.232983255686,7.4827247728973205,,240.90794208827933,12.348636205615081,55.526537179850294,3.6343546706942282,0
9.429272828877867,186.32152300662295,23334.65850068267,5.975505461750532,,546.7030324170152,10.36222553481993,46.29583038378662,5.708654105128574,1
,220.40393114325,8834.518400443776,12.456873821237192,290.7945115075868,243.7237606478522,16.30625597636862,60.9496319084963,5.317889762940627,0
6.772081459745248,174.97630487612756,30744.900383759326,7.934836998288815,,334.67214195777893,18.262583255451265,60.058282861596766,3.8869842025265178,1
5.940252510241541,127.64084068570821,14285.176855357724,6.996237258690352,,403.5631924147353,18.186852047677938,54.479692621976724,3.40886380897388,1
,190.77190884535062,22805.977796027568,6.305558548527503,,476.250573857881,10.149084950761985,80.1862301896862,4.121924868074913,1
,187.63692205779287,32224.315855705354,6.36134359255499,,181.48,15.934310627944937,47.43369692309619,3.8294760060156805,0
6.8864214616705794,183.22200351258394,30130.951447387102,7.167622244877981,359.2133820531075,419.6169921390209,19.02571261324912,63.62498180913972,3.656777768403238,1
9.486385091754988,192.6006093285498,22315.144721003035,7.296931453541587,409.53613440405525,485.93136708557967,15.966984886520507,85.27137653306107,2.6766716614289283,1
8.082990578442097,205.05914077170854,18835.49211829838,6.39841535138425,426.2437726945533,502.2669541374215,15.8635360518679,81.10971292506076,3.5686482047494223,0
5.451542949316564,191.43415464277484,30322.414496178462,6.6884194504985555,326.5214199060182,365.5318170002354,12.718863064717624,86.07963506087404,3.103826285030133,1
10.02800718047136,154.8094771978907,27930.200141563328,9.243969628870662,300.2797476151914,397.5764921082943,15.008563516757025,56.841170258085015,4.400285211011685,0
9.02144357588531,212.35575594655654,16591.913036191643,9.307517840988634,256.5619433408369,372.0929082228978,18.3722131748282,79.08978187427431,4.743035626945992,0
8.0055353485151,132.27465668499872,15044.009413710388,7.518213688297106,426.7547390199212,390.15403450202183,15.366371685499209,49.20113897689384,4.547733523060406,1
6.719890282828767,128.95424680449548,3842.498524435923,5.000809630965954,,338.49777817012784,10.148210557541605,61.936359394888385,4.237052569909456,1
5.554491613609667,220.67425466578754,23364.728986031456,7.970834987489689,380.793226621154,350.0206402291004,12.770502058113435,63.459190981576484,3.3047324876300967,1
6.488191226047026,213.04082654781052,21288.94903396402,9.575766257745421,303.07720267775716,456.9963428383327,18.28271527372257,57.0829053666362,4.13021260262949,0
,194.4828403963657,31976.863601949357,9.284254141100558,,432.52715446790296,15.354900390362126,60.545849672792386,4.588356812042614,0
,150.48765316365325,25162.48972103914,8.280392847439273,304.78112934700556,461.62002154346203,14.674095478984581,58.41717749309284,3.5127362519682106,1
9.53375720995278,173.0938882706364,33713.372085146824,9.3674282693516,284.4189934855696,439.1866429756216,12.446208584953421,50.504868136374576,4.062809408688105,1
6.3027294193598244,187.73088693606775,15899.202952021104,7.204347150516854,,478.81464574474865,18.21426328756898,80.25677052717371,3.85653996036946,1
5.299808281070472,143.89700631328316,31994.04084761273,8.112402692337254,311.75385046616896,492.8672553308867,19.78258569879167,,5.266646002296178,0
7.304009132588814,172.0707377241961,17376.249705674294,6.044374605206215,358.4787371138034,281.12446278242146,18.46115599718969,,4.63420754550633,1
4.268181408755066,217.81862151924923,28832.495499549863,7.581779420726026,331.65122211568564,352.8446940535112,19.054978266984183,69.04990977590039,4.445144497163746,1
,243.29980037782946,9222.864922007137,9.220664105473428,,403.19019511565506,13.092682343063988,67.28547355828016,2.630978887506961,1
6.845311887785117,182.57898533258685,24075.89033196338,6.188711009850712,,420.0572023901131,12.624440287692378,67.90157755519301,4.1048131148787155,1
6.339001962029495,221.24333708991333,4611.214857275638,5.758919381446427,306.2312526924011,367.7332798240265,13.762497475717694,61.45834937989808,3.8490895254388358,1
,133.43570487908408,19671.67625489571,7.274032523657441,,495.5997530892748,14.4076774309414,89.34966133257049,3.8423474537554996,1
7.896624169445849,218.05275680781554,25875.364820098057,6.761873718116081,,581.9094271252461,19.016675472214594,78.70885024326012,2.750537491261521,0
6.233005664937561,169.93617612376042,17445.94079073155,8.145653399291264,343.10658001283963,436.9356092501157,18.139085107640458,,3.121540474607896,1
,206.47552387735806,12803.254121619288,6.403849949003673,,428.7064422222594,16.062333671812375,59.1666592260691,3.91694635943349,1
2.5131030808821775,188.22390048827836,29433.339026314246,9.835134592652288,312.23294266273194,490.54305453753204,9.542771805046803,64.47747876464348,4.83919750698856,0
7.0362513009694885,239.78521264169248,21106.869284831962,5.082311765221531,337.79219106515075,271.09283098445826,8.692647694384341,73.15711613489485,3.50939083552525,1
9.897880038704894,167.6185558825835,17721.255511566265,9.10090096222718,410.21645479739067,424.19085976623234,15.075931685293638,90.66903069723753,3.658047792858672,0
9.721402151131112,217.005695063833,22381.457317355755,5.911538219273197,376.38870081215964,501.0156754142847,17.193671210538373,44.184090727319585,5.359251756323243,0
6.353216952027828,187.17979460681,45133.90793798983,4.282347279357243,295.60244721291906,369.91029394620614,14.016633067855885,77.07515559482397,3.7384785364490876,1
6.122482824024769,191.16491588304226,32128.660483508953,7.495842747031211,433.9482953129709,322.7593739323231,20.61833391147852,84.63038844307832,3.869544171394207,0
7.825351067159287,190.32488399292518,32208.19858966185,6.717719382098064,332.48933768992276,406.8731905917359,10.697120145086757,42.344895156933354,3.880109069999642,1
,168.56426832423358,25833.208386326874,5.366817198713211,385.4029807747242,416.9854032886208,10.280355047169566,63.46897881448798,2.920505985804482,1
7.559849120712951,195.90642600098863,23473.927766561796,4.463424511089883,,348.45272257559265,12.081229974489997,49.176099195516436,4.41600253626379,1
8.298067642631658,194.31012645663452,1003.874729014562,7.106789956111099,,591.3017543304378,11.955396224337008,73.36596911693442,3.4607566275042156,1
,204.30197936761326,16060.403303413774,8.661822288765633,,383.2017584869378,16.02200622533735,60.60188191448717,3.9465449187090043,1
6.920755018396875,199.14852919038134,17800.13961762518,8.044226519076583,199.15118741597382,328.6512512177047,12.884133770398005,64.29434989787957,4.316610912245882,1
6.756158737218624,222.60806079125032,5573.967693954724,7.20959650516604,421.26273993481544,414.32352499271315,9.156648073167629,59.74911703823429,5.485194919447606,1
5.684007687057068,226.7349632956375,11865.208624390656,7.876579165684022,,495.26329673927694,17.231124691660835,78.05224434219059,2.9421393652539303,1
5.765260237076623,161.8255051783019,4644.986746161918,7.077001670842986,295.4812447558825,423.29741960403703,8.45455912470125,70.10575330247788,4.6446861043516545,1
6.7198985618765725,224.93523981942457,21678.04476401909,4.861035696012014,352.52768732177657,461.1357006179563,10.734267681834552,,4.647604139815695,1
7.664111155837723,157.363258276628,29193.496729005805,4.87498750334696,341.6222157785824,351.4545137659942,8.908841250837794,68.99886112981793,3.472192477232167,1
8.532599555710867,215.69870160196874,31718.919840773728,6.798993724204207,359.4990612463315,542.124980238332,14.96557142710459,75.66290244571559,4.437613001480546,0
5.802945468418252,216.74701124103032,25651.156590654173,6.866167807541602,383.8787906350642,467.28748527636856,14.895817927220511,,5.251880198007676,1
9.453374824645639,133.52590060213686,13566.481744456465,8.46455263204069,,506.5652407966884,20.623463802564128,93.9185360624122,3.3733224568142957,0
,199.427157625887,5072.64141295664,8.3165406735641,297.3370559412971,451.40228231664315,17.30476623184177,46.42102092528436,4.158346441765421,1
7.046026001985987,180.96584779271282,6608.863828488973,8.07611016489914,,488.5571279292403,19.051848866862684,38.474639508615084,4.285745063873033,1
5.89193343015496,171.42179831908487,10886.927442563523,6.677153313338055,367.01262365997457,351.3298921268865,15.235297945798012,37.13554839991329,4.3866595068637695,0
3.2254579861660226,240.7860246333833,14220.061517595324,4.93856957122598,337.95247717238607,382.1742101231496,11.046355672190234,32.7522642298484,4.57004757335849,1
8.485632180214068,174.87702985584167,20613.324112965915,7.771072396564318,423.97429449515755,530.7125617328384,14.704036162598472,77.29188760379168,4.099717766036696,1
8.25158179637697,169.85632657059853,13121.32006185841,7.949767514954226,315.64540767107036,547.9483441794899,16.240913534451984,75.32112937439314,4.370480225351442,1
6.632689184182041,198.85884962736748,24986.42385194271,3.346120289285256,296.5078828148672,329.1841582307042,16.60960243525271,85.94182363692913,3.259050552903496,1
7.186515240387546,218.91219085829192,19977.383531557625,5.801745665199393,351.09734692732343,442.0736690047533,12.716315803001386,49.30359368606466,4.097922725038855,1
,191.71259449198703,22106.560811601004,6.028134083717644,305.82407396664286,387.06112204478393,15.89788322821974,78.4615663377822,3.598453812769199,1
4.595552087550397,234.72026354160502,32012.456788636147,7.30699331777503,,365.55591664593186,11.191677416515414,67.31941332557578,3.010733453979812,0
6.238806243019392,213.8284797653793,11665.145422442662,5.850690516230204,299.2767980431304,444.91074417862745,10.826751163493526,69.09536955634181,3.572867251439218,1
8.342880840598704,124.75041180723056,25685.53040407711,7.059747381257068,,514.1026241937723,10.586752605314045,76.52257844675665,4.180175985914485,1
5.0856798171608935,178.96112623988958,21891.56476798156,6.7873547942422725,412.0986101980222,458.39336109082853,14.361512022122998,54.16336126780967,4.309921875568751,1
7.546757112144941,177.89663177331613,19089.89220127756,6.86854383497039,316.98057168351113,396.0670037975436,10.381361664697435,108.26169101084461,2.9806018856802385,0
4.923034930648786,212.1313881487594,29776.522017455634,5.988097015952821,300.6915690468036,463.5010805623596,12.874096069526964,87.94982332317522,3.238612160954601,0
7.821623672069307,110.06601518641921,29721.787145223938,6.11040361457465,382.2695154282232,392.79672565119154,17.2686537851802,57.796997664355075,4.5352318981607125,0
7.023330043147001,280.1814392226387,13714.719201019749,5.4131780455465055,290.2458424191251,455.1970777850472,10.87358076556081,48.751858226036234,4.366355512240373,1
4.51194041271024,213.83013800012162,20416.802169200924,7.720506556106654,305.0782914073084,534.7523579108323,12.610727169100711,64.97771066200009,4.661940076396156,1
,201.2650693128137,24479.914323556157,8.022342153174362,357.6611616114825,254.0139563353071,14.51709952612912,69.34894161715745,5.036907733197717,0
5.911999392891102,235.21994651586152,19620.211219491604,5.902423638801965,372.6490011768317,486.3239307680055,15.097195644071801,83.64165490208048,4.389551945480667,0
5.791698625147134,273.4293452564791,27143.89050365882,9.522611351706932,384.3321321185781,297.5035812386747,12.627348144433592,47.49009565082449,3.64645005080672,0
7.398905023597199,225.0001496740667,24479.741892487502,6.622929713041563,302.8300717094275,521.1634455662033,16.88450682751337,71.01917874096252,4.059582577303895,1
8.906333385591658,227.56697461198686,38083.03151534852,9.537693285598566,358.46667923508505,370.4055902100754,16.23439711559744,41.66053690496872,5.264719738723358,0
,200.6670880043889,8595.730277060144,6.105439065346067,314.47379837488006,323.477799261844,18.052925360437236,73.4602658613919,6.126270218272602,0
7.178070961258275,191.71663322929476,20940.501453380664,3.9180071129728917,,478.08165893331255,14.009897630411231,64.66058171298874,4.3312151652790405,1
7.761818235525611,180.72584580111885,14047.822132629546,7.755472563361515,383.6170734425464,451.3222245031696,12.582569740699503,97.73547855378365,4.387732228272819,1
8.182037915548399,169.20743771242587,27311.24851053914,7.5127012660879995,311.0174569234959,341.1357145026388,12.020488007139875,41.385678834525635,4.536052526257985,1
7.360542072890788,173.78097640188054,7833.8050801033405,7.1743421965859815,345.30323436718896,320.6225596256504,15.29626108434619,88.5764436125099,3.9885584197391033,1
,151.9637198924027,25050.757241496634,6.105272684058497,340.224101615533,406.73774618095456,13.031614358894686,38.83200899701059,4.877806043827247,1
5.764131549168535,193.87534670147645,16489.466226331875,7.065375883732406,289.4293537320592,324.5756926871639,12.396048035876587,44.92573776010277,4.756275328331624,1
7.216968774043736,140.9781300607964,15576.54028558726,6.312210056566147,373.79556606885876,336.1017543283124,12.796169155347982,39.26461004392037,4.246413628776077,0
5.375298970942885,202.64733531384522,9330.369247379236,6.642287685195834,356.98683461618225,431.23447228186023,12.016984494238725,,3.72194447331562,0
2.435052731243574,195.1754496075678,17936.039010420245,8.44977896410882,,343.82825451950305,14.938759883244643,47.40955324200459,2.7838568178458334,1
7.774130088610692,201.2012326109543,31523.6088148931,7.411063222657548,345.27078242745074,456.36290541994515,9.604349665779157,,4.541282567139115,0
8.517256397327051,179.20231397774265,21793.221265263914,8.083723191984525,301.76344035681853,542.3234054193026,15.282983928092126,69.6807797942663,4.136029485876361,0
3.3229374274884766,297.537168971535,27517.94968176158,6.753647759531252,379.220859191611,409.88375136773493,16.519376396933765,73.7097257434525,3.394541170089801,0
5.474528179511199,241.0906107979287,36610.61834083882,6.579612593628456,273.91153876054096,432.4088088296749,12.357290052633143,,3.088662193304191,0
8.064455274998265,155.44944259721433,24326.849308407694,5.297497601195943,319.01472395936423,584.9925779477641,20.641942270097672,63.77529416883128,4.4859176225189366,1
10.351417796841602,204.0267027145964,17114.216836401323,6.535342152142249,348.7750569019422,325.9080776935628,14.338326539333384,95.99175785283356,2.7210356691387676,0
7.113061995203899,176.3787580202208,26111.223756485357,1.8726390021691603,336.0307749833564,518.1656284745076,9.111954725939368,68.75963078779509,4.203720126206168,1
5.922475323445676,163.01390658586024,17241.391140312888,6.187449293237097,,508.4367110632868,13.34908598002562,79.436088048062,4.627969319151737,0
6.7891946586433045,152.30843030144501,17591.02439192094,6.990638800038474,270.8869613394952,490.93592735202515,14.487391839737487,68.71247999366354,4.398916451404967,1
9.266053506445614,210.58128479216427,8686.803594044959,8.010604373746848,402.2022918330468,526.2890612962112,15.766082608937408,48.63636165603921,3.665222976000417,0
6.052916955191989,173.9662178709124,30136.043648597868,6.695488953510568,355.53149176701015,444.5660687487756,13.427904965193097,75.29718269317463,2.9954879021095673,0
,228.1921196699487,18629.399395237597,7.669324196747099,390.0995283824971,374.7776381656672,10.931702387418465,55.78919950041877,4.427875007040249,0
6.312437799730569,229.04555921376084,23610.831215313592,3.675933915003412,,510.35341339644623,10.655614154048344,64.92784428652516,4.906408011723668,0
5.564207512868648,241.54430498575246,12930.18531167768,7.030197773513019,333.2991090592721,513.4463075506361,12.116586366048669,71.34141539303563,3.5232679833004283,1
7.275045802431725,168.34352313148347,25836.7273074942,4.4663855871968225,280.5885101040597,511.2214695186875,12.433763550062894,34.98785567777412,4.365388396228431,1
9.663238748966602,212.0000212795533,15332.954917525849,5.210880445258255,310.4376272326788,425.4866582930407,10.523235514183458,40.35825563543183,5.203581792610811,0
7.593696044254486,217.16509464319887,20771.507154147035,6.8242784343751,,364.00715940977096,11.854388436746756,81.11504941101057,4.234300735224456,1
6.678757931619203,180.77902160258165,29711.36900274246,9.136497100840216,391.16483291620733,437.3558973773004,16.462807715894265,55.66058249402909,3.6604334869953257,1
6.616020082424285,170.99413804092228,28947.91838246279,7.706506686282693,,498.0410300198325,19.73624573146875,56.427910216218635,4.781865761249263,0
4.594526614172315,249.291039490714,21820.917767030132,7.148804975476645,217.04583646550572,504.6781116564824,16.780578272912887,69.09297326945988,3.3947024401569066,0
8.484144545663984,203.85006439406993,6510.109270538851,7.089141984641978,,387.1635754098312,18.60240019527835,60.15981737856816,2.957410228258642,1
6.9562388567496445,217.28061964340196,48256.758980316634,5.992466348736942,,447.3784374650156,17.50433212985354,73.15658001498034,4.6036105290938645,1
6.793036937390905,169.34014073109773,37322.776590967915,6.26050620687116,323.4344184092873,316.114537431445,17.03766138699852,65.57284945829936,3.6531934344828207,1
12.15704103287333,156.27992674075028,28350.914789270788,7.79525415184386,,501.49366732493286,13.161894369280242,69.61339573391966,3.723113609077126,0
7.5550171243014415,177.64649141469943,15409.569916854862,4.931130380857699,,358.5829862814804,14.746415007460795,55.04393124588036,3.4809863042701643,1
5.884652230348657,192.2921767826169,21018.049178665005,8.057025399447173,374.79820724086227,485.3543381605724,12.887749976470568,,3.601202431467815,0
6.402091422033186,161.37844617584557,17249.069922074526,6.506158833952213,,329.0032040553271,13.554755292675694,84.28034142499749,5.064366073470955,0
8.90602867762284,196.04630269157542,33096.29927188242,8.424380178293914,259.1920775263644,505.2490335579965,14.5056331022796,57.21383386327227,5.266749037311261,0
7.260099952755046,140.85194941630772,24315.864973636664,8.638527662426691,319.6475070718437,447.9007200576403,16.641903961726577,81.20985009840342,5.3700833361927955,1
4.793138014475387,159.5428407491906,15138.09431650172,4.476527260240931,,358.7406710402384,15.68120039281506,65.56575404953955,4.82029408451846,0
8.541574005974574,218.42956184334366,17886.24096046741,6.201102394100996,,477.76542271892805,13.74434513942248,78.28391319372304,4.333691582623126,1
6.017650903992999,216.22263230673715,31845.306711294186,5.768266253053815,349.0150865249449,374.17696806829315,14.463833232351414,68.48351993095334,2.8528172382921717,0
10.058543464185897,183.48509195407985,36044.65997669464,4.2558898151844335,348.66990762543315,482.46903812631524,15.714764761580572,65.85941131281555,3.8237307317377276,1
8.797276424486292,162.9059095175498,35415.37229763859,5.488597423589131,350.9850239641981,399.7363105597301,16.489075589971435,72.0586262559956,5.652268501126477,0
6.3687581859025855,162.58897122582476,28652.178654670355,10.977184235519237,235.07149345942102,282.79497130661065,9.25212600961866,86.0360085580504,3.63021516857293,0
,184.0969400734496,19798.931154163263,8.083025636015655,,342.49111944433065,10.713842529494517,70.22005422039993,5.151032690322374,1
7.187890261738572,217.56176800529718,320.94,10.149314990397091,332.21047890706393,387.1038832438937,17.94519786733922,74.14262884409789,4.012927938843825,1
8.435910143444328,226.8907183314014,24619.758469964057,8.429975535228971,386.8595394370763,532.46703689936,14.078521723528198,60.437914098328974,1.881048939034546,0
7.850725179498215,180.04403653735287,21998.054400062385,5.947887805606609,,494.7204282193719,12.8763064759553,91.81694314923952,4.469578739661792,1
,158.4431690336203,23241.532810340534,6.5168015092550124,,553.1304793438755,13.407816744614811,76.7606544548421,4.957678663019083,1
6.056755766615235,205.17669881304505,22486.692660274963,8.049729164779686,351.5942928486339,555.5367981595331,13.407135438541605,67.6573228832046,3.9317831444603755,0
8.717637699954047,169.29217016582209,10384.66739459748,7.811259801487397,300.48558306978543,378.6714399729623,16.126774056845676,64.41546358291937,4.931779783498623,1
6.5477072219506,179.32985323424367,26901.7659493486,6.207799615180833,,406.6564919942914,10.61246573592366,82.22255579683893,2.6690945387546723,0
6.438198943445225,239.94507785356979,27557.723004730262,4.734210790484854,299.2291322849992,388.6503565156059,14.36201434090428,56.591618033407705,2.8892598741584923,1
5.561355098834529,223.56555529124245,27997.225374204863,12.314662676074207,,367.618512879567,15.094649684480837,37.553082236729836,4.129794160306837,0
,201.56419538682775,30314.21671622349,6.896983517698367,385.917890550862,273.06039759142743,15.591646803831814,67.57142551868769,4.342149487697675,0
10.359414621596601,154.54930324341368,27310.759132110397,6.605332548771461,,420.6980894298788,15.01767982745607,85.65427399299008,5.028131517501977,0
5.382622666335706,203.32071913843527,18418.718402862254,7.299068452970377,359.958401922217,317.990588716268,15.987649622339433,92.14737656496803,4.468361084063877,1
7.118508936109685,231.31017172109387,21392.95214046841,6.736488828888575,353.37353520094996,419.12822853439565,12.384375739996983,64.66398399523983,3.0389693102952666,1
9.325430683110532,184.0191650696292,22813.124777251942,7.313911674174665,337.9769716655606,592.8865968288803,11.162632956004398,67.10524840257806,4.136175585218021,1
6.953370187919313,240.7946312787632,22958.46015845282,9.153376712063942,362.6468669001574,380.7247293145521,22.4126847071592,74.80600239810816,4.438567407324756,1
7.799271156037077,238.87546511935864,30767.03139162403,6.923213402095451,233.59432015398457,437.6316351348604,13.282813894059277,62.12282640278429,2.5080974810162395,1
,251.0735355208774,27658.144517690424,5.282917505862137,,495.1653225411062,13.66945570213338,74.75544824496879,3.9359658936043482,1
,206.4063940003509,40229.4213639099,6.864602804723795,,444.5431422166846,16.523650723446195,65.01819966771544,3.7082456157281847,0
6.7824406186427675,215.6834390896217,41361.667702947336,6.386245185372341,381.9474245547782,445.52857206949636,19.563055557162937,82.76393840133711,3.459339402478319,0
8.647310693130983,242.86847804032624,22712.502940620983,9.369760320850025,327.6848272579176,392.6006353093294,12.477611932946155,78.09782470192279,4.359046100367085,1
8.967943821987955,211.08031265082792,320.94,8.970368122285361,335.0618698160535,403.14962205555116,10.973921462292669,79.50948632665337,3.07324840928482,1
11.197406190809597,179.88942253585782,32859.342057509566,7.289889500680662,,344.3019495967797,10.168472408879769,63.07796050710222,4.2951660193628465,1
8.001616745409585,181.6219115349639,17275.762245248283,5.099597349385575,375.8971354229123,490.2673576184419,19.553181593174685,97.5615040457266,4.406403080782938,1
7.598016143365645,204.21368688008056,14986.222127550289,5.183090223764886,,281.14264431244874,10.843865874813975,74.22969522769986,4.81533538200356,1
,153.93634044640834,18520.29471508649,7.143894753303595,356.8487812865436,500.3733595080496,14.188789850133473,70.40121778541693,3.0937329750217684,1
,191.65964686282535,18097.669178992848,7.6513902915276235,,308.4430965448895,11.045187205937772,54.08794257442641,2.7959173096834533,1
7.618189311104089,232.42446924741074,27382.820688795844,6.528095945464833,301.73583762266264,499.68791989087504,9.485941911558013,64.8293779499964,4.187544813724429,1
6.610311757878943,124.32157337368555,8340.068210227155,6.36133205695257,,393.2944675315315,13.312237581259899,68.25066452816866,3.7467084375831927,1
7.347852952268687,246.82377150700367,12564.020200074136,6.183377211577738,305.0138758475257,322.33037262508446,11.175926134410759,53.65538134385483,6.234067204745102,1
9.174980081616656,233.2736643109599,25023.09980357884,7.083037542814565,351.7932665140953,468.7089164953362,11.990709911848834,61.67030858145616,4.327628811469487,0
5.479597321205371,181.25293943149393,27476.41833676122,3.3552354837245573,244.27499999340233,496.9529921848241,20.920207872451606,63.717355707093304,4.015366135129262,1
,214.2366904204251,27639.492821536565,5.379903926543858,313.5859044736389,386.48448366027213,15.686406104810652,67.30479629373768,3.835194194572396,0
9.174212957070386,196.47349726068003,15112.907295633842,6.129259664193186,,480.12974454423136,17.3631641097237,37.87940090112685,3.01991176055723,0
6.892271042084185,236.8120833142639,13436.099175813526,9.027855048024035,351.98350299558456,237.20947114082313,17.009623153031026,64.21132265140501,4.4098276113045864,0
3.7062507105763345,228.6806217342757,17571.626995492265,5.834174445752292,340.6885935848737,315.15940786267976,13.946150344608427,60.29453875776671,3.9082668795087776,1
6.113563040519852,150.33567462174267,24117.431019501273,7.405139664093307,,526.3424897604826,12.824532230460065,66.06209445906913,3.9089153269250407,0
9.142221329032164,215.67918815470213,35039.6022958822,7.477937546470974,237.0248011092445,403.81304925932443,15.103973565260295,83.15077484079654,4.043665793888952,0
7.043639780944778,189.60895617221001,4060.9937159661713,9.170708078944005,300.00981362547657,271.3859189564041,14.837572048476556,99.60775906252111,4.142545773335452,1
5.491109450651091,199.09353491863513,20078.614443597577,9.114872303003358,317.1634072262231,365.40763529667805,12.39725406918283,77.37614309025007,2.6133805961843333,0
6.2774078752471345,172.42770789611245,10328.40580237963,7.029145309304032,369.33290807108324,347.26077381052295,14.709796318845308,46.427049255966686,4.622877944969327,1
8.41658584214224,253.84874683269308,7526.284426638511,6.36873410892068,370.04968656491354,408.4769728623582,11.942048670835273,60.8113155193496,3.3097733876435806,1
7.949306373440193,230.56723263839672,30492.917031671197,6.071143697535409,,391.92590548866593,13.71247424957882,76.04268633688706,3.862334885974471,1
6.700097962320186,172.04632412856884,26789.668705217664,6.739120108504066,375.1152680231444,436.35126233278214,13.170211699347615,74.2196402322216,4.973005838118926,1
6.496749185214647,152.48800324479157,25954.979244929684,6.434227300168712,,416.2757537086717,10.08003171847487,82.37493039963076,5.357969901970689,0
6.457104543020323,183.68908389344836,30090.169547489997,7.994731306786006,383.9661132943885,531.7841265920919,6.497666314598717,,2.6436143378714148,0
,210.65644700348213,17807.641273383364,7.784089511626623,291.0079394437843,456.2020178293436,11.171700642699594,60.51856604616612,3.9935909655862263,1
9.648447346256413,204.2679681489518,18220.477653403315,8.055045882009125,328.6724335666796,458.87901961666563,20.251586439780656,94.75422038336151,4.182872284429508,0
6.56751045395397,237.57300727837986,41179.82191387506,9.109668264069146,313.47726979710285,516.0579987531553,13.25495330145843,67.34929036252075,2.794126579570672,1
9.015282048112539,222.34256046530643,19852.014450751125,10.06333321181228,377.5207779902518,390.4697095902812,16.848454612567096,49.95020859597837,4.596021264246168,0
9.498892522556698,228.2494295667556,28460.147392562714,7.31696816158394,312.1264020098292,319.90506502776725,7.248086576360984,90.26766257079267,4.060684888383055,0
8.667314328055257,207.11700557207118,22070.046988644695,8.857152758805132,332.02178192833304,519.4373416367783,10.942573115038075,42.193174949237886,4.1214444846420974,1
6.393723702778303,150.68985775066264,5807.505700910313,6.56437690954194,354.77212809120346,432.8687300820976,9.79663936653062,9.85016830013437,3.254308723693291,0
7.721930843635209,189.93543229588988,4085.617456138316,8.992311034061165,356.36460636694187,433.15236462239136,13.61038696661165,78.84867774504795,4.292051581837452,1
7.041528985838443,231.22575064819694,16937.22633856155,8.797184468337834,370.5175770015387,370.70427574192627,22.296672640571657,81.13514171117853,4.623814685984152,0
5.643114041439096,194.67592611010963,31274.587752355917,8.713297232509927,342.52478825690605,372.03575197856884,15.803390902084407,,4.069292349306228,0
7.595731257937349,212.9116113203488,28926.280571628762,7.268630349082608,316.45612992910935,490.32209941945956,19.892477485150465,45.32626056100864,3.5691299972488184,1
5.205326732055914,185.88955539470714,30029.239599899935,6.063994100894396,319.2954779672405,501.46988160548165,13.437814431360453,65.44748574217925,3.629865931923836,1
8.968410227653887,162.50978641994413,13359.106486764395,4.9166450681725475,334.84334729589926,485.2386076524449,18.797717627460287,61.89923247989837,4.1419086515582535,1
6.341258497295555,192.3144471741639,36182.98104071181,7.0567412121166635,344.11812035900095,485.97715695210326,21.14247969912037,57.706663803761145,4.008061955136891,0
,206.53147992691368,13553.355554784677,9.54215981675371,,467.8789672013337,13.917988390181382,89.24728339049415,4.675761252913128,0
7.530427715758366,174.81098778410774,23880.255637445527,6.630445055844764,334.5754056963929,432.5196670449166,12.495033805837421,49.46494317133928,3.595398535731151,1
6.668341091810517,188.61981426911274,21923.315221283716,8.360500005026886,270.93534509510334,407.71581391317835,9.918045798562595,71.51457005126156,3.0196631298621566,1
8.012843144345688,165.4804486035009,20489.465235404128,8.453443212819911,361.42185588211277,519.7083735522763,13.25701054411023,85.71968019566046,4.2503211403099925,0
6.324903185970186,233.17077288950748,33751.62886609471,6.671775770935067,,391.68587924696317,14.551077994914618,72.57172387966203,3.5975267146610115,1
8.465362702957018,186.68829469050544,15831.279046188363,9.19982484328084,375.27747252887184,451.79172006584196,21.00245647342568,86.48129526697515,4.5812719202483665,1
4.93989230840767,244.13660232374892,10179.98184292206,2.5243160237208038,,356.9096695053378,9.993636145741952,,3.9758801317569286,1
7.280943531478795,246.63522932578508,22189.421820485022,5.188054559593684,261.7755722976276,368.60545184174657,14.477480868136997,73.34687766856104,4.480754299404562,1
10.162897108502673,193.70520867994907,18508.181292537192,5.673300971753633,318.9331588389175,402.80398782577896,8.274640118200367,72.33538817770415,3.1788327035499857,1
5.489473193877136,163.21220567384313,51628.90854278051,5.824850263869524,,356.9157003929106,12.867415036544338,76.32551205439944,4.0818412853192605,1
,127.78567778012787,27946.09316268727,7.651295462873715,364.5510549110596,486.37238453515624,15.310718633033781,60.161977403869635,3.424574698240545,0
7.897113480957675,147.9694210388791,18424.758512355227,7.578259728825165,248.02926978625516,312.94187179013073,15.976650235399127,45.33568107669832,3.0181085506005485,1
,151.19831095733207,12753.501777773188,7.742505104036512,335.48565559202484,429.9097381616583,16.22966639361476,,3.2983358551046082,1
7.637501857844959,241.69408135093428,5526.649451738871,8.06180876072933,355.0564274381587,432.5993043867851,15.595407348855458,85.1969904221833,3.54530786841483,1
7.857807536934785,200.178312428022,13024.384681375317,5.618834780749874,306.3811717916394,275.5411780802034,16.20119662171856,70.4770171604598,4.940861731078605,1
8.089207135013215,209.18019675214455,23021.96497159397,5.195281814444436,,386.24645482528194,14.431396516998815,57.527282474315896,3.524666488395726,1
8.844422748710395,123.36255722621306,34529.72119451435,7.746185097572424,307.8081477910134,442.5556366650509,10.811562527176504,41.19613705455046,2.9781986047829863,0
7.731611664516335,156.98086380733645,31849.699763268436,6.124233323638626,303.5610891060114,456.5397964180266,8.151015450219013,,4.072552389547402,1
6.696400329156518,225.53718304955393,24022.924067929493,4.638649428318606,316.8632498075608,405.3778914009346,12.470463310049812,44.57398342246323,3.9927609153285863,0
8.149392184912344,205.79913281513944,19180.371701551165,8.65472396957554,,476.5961046861314,13.834422916560708,42.30818220731837,3.5861986506320456,1
,191.52989043681757,24371.189964064924,9.324261012273631,362.09547048040287,413.0550600901832,18.43051424865084,66.0645638767061,3.8442456966400216,1
6.869112343251708,214.94201675077204,17466.376414396673,9.580314205723882,303.3382932614786,422.9934283539061,13.947008455233021,54.042209470777934,4.731457127077325,1
5.53049840557368,250.1550318657456,37081.684982335246,7.415472199930059,296.3814675080748,442.22866569149323,13.629356496742748,71.98710861874599,4.493150497011358,1
8.840258264166287,189.10212379890177,20355.162652176772,8.108972711637186,407.0076053804935,496.8101099942955,15.55609478984629,63.82259715054888,4.42569956136151,1
,198.65087911139733,21257.0304463135,9.28439179291182,373.57385128975153,367.2784710447767,13.38626032153652,56.58465271851817,3.0467305480742204,1
3.625455421837682,202.70258668788532,2584.495958636522,6.106563051762974,256.6761166014959,382.54505626307116,16.962894016514365,38.814473993805336,6.221507488137952,0
8.42740046666917,275.02256480780886,20300.405867825888,8.874870740805466,302.10329743430805,367.82978553844487,20.831594276850637,52.60027012406482,4.7899767240138935,1
6.228828184333263,127.34316602590243,29348.85971763524,7.55512604994627,343.82281628875467,395.04178058140894,21.53150005203742,53.19491159097336,4.373282279288881,1
6.936052081136385,218.83437272625602,12651.689842657124,8.563664410701294,347.1899348847284,537.1582527380066,14.601204476179259,,3.0618368159701768,1
7.607848725604733,192.595302060802,15431.346196576356,7.414026972983978,272.04378550117787,468.1776603082362,15.395113727141933,61.07606330297822,4.709229487932604,1
7.382894490848716,215.00545435693584,28965.03204876888,9.168085601401843,381.7677827127005,330.4753267954542,19.50601375843623,47.83746278279414,3.579119761966524,0
,174.75559042465346,9065.917769576305,7.473167544815628,367.9607954425029,373.3618762411233,13.783625704213343,63.750642348828144,3.818468772383947,1
6.387576670793949,194.76002978537417,31289.49218070184,4.77531308604148,353.7403655991108,452.0170470660188,16.52812598976903,70.28985343715885,2.6589921646737595,1
7.895838219099971,219.76117985282548,17347.949048944844,9.41404407905726,,348.62604114501346,10.522619970739918,53.03257013798311,3.001643192966403,1
6.667320782641571,298.7224874103215,18606.902358847452,5.622901429264063,,363.26801790135136,13.251122419209755,73.28311162399271,4.312066269085165,1
8.25470866461113,222.93822990754012,12159.283533167869,9.099831972185385,352.36022001861147,530.5896402201947,18.106739381095966,44.373229643212156,4.754863046710982,0
8.058434299580755,168.48560313675688,25329.015097800126,6.9774162473242916,,372.31698170679704,11.902772452162967,48.404969693948026,4.5042254474401275,1
5.5926524637490935,182.4367816550935,43583.64969176907,8.978097356612377,,499.046172071495,13.856150598404765,64.56814412443124,4.4776388174595,0
8.806711564718302,181.46174411633888,28866.703249017315,8.91293441148949,298.92476105188433,523.3452201778904,9.069366073056983,77.51632486675817,3.9194821635714288,0
,137.3292524839251,14435.544180706076,7.799625899418286,360.0069443005907,362.6115937917243,20.9190930548269,80.43452458129633,3.652768528014355,0
,185.51663449685674,31971.858597322993,7.923485801850867,306.26602503341553,349.96322617905184,18.46062291109395,92.48848026650931,4.195338211981007,0
7.663986828308132,220.465420210299,19237.263233907317,7.787753215164255,354.6620815003605,399.5730047705922,14.902609563965596,60.30679200545269,4.610698492018214,0
10.002712046104245,154.473247924755,34066.35777359625,3.938156885075897,353.5213314607607,333.9071076151576,15.959867606592505,64.33702866378503,3.9737925588482015,1
6.7246890880287555,230.8441095665435,29087.488499726365,7.30696174585916,,431.67195806059163,15.59042273398255,49.69130994048898,4.913996575532456,0
6.524586294172066,212.40803611725303,320.94,5.356618601806406,328.7331547794969,405.2692124840093,18.862071902531902,46.114060748385256,3.8022459742235144,1
7.049122826638505,172.2284083735923,13209.747452859536,7.390475687118148,344.76694591670025,451.03207688393087,12.562771859750757,70.09829635677936,3.20538243046908,1
6.597944145293502,191.71650552433158,30294.997933397713,5.31415077671452,,534.7909701327366,16.703805821962447,53.8463991389598,3.9619174512080195,1
8.35190762408786,248.92282103523718,23343.907406812636,5.247775932862801,346.81528581382526,487.9591361458572,17.846248611200693,86.33989545627976,4.052658377042463,0
,220.48905210807288,13037.214309607372,9.655796512771165,367.16028592338427,461.4303586488266,18.302728962277072,42.73859885838563,3.9060165475244006,1
5.4046449535572965,196.6588065730511,16458.41598212642,8.80972687323622,332.51283527956207,262.99396726393286,6.80148237451708,74.2691948702436,4.968911337488164,0
,188.55497253832283,5299.120760182861,7.113454715788236,343.0829103252561,457.7236468735139,12.296401476942371,50.12713911594047,4.598135544964751,1
8.590989071237985,198.88890623645057,21239.182642194668,7.411934467393458,391.08142533378845,561.1127675381416,10.906545243490697,53.125143807627694,2.853866028875067,1
9.799875262405262,179.54321421485707,41398.67761085005,6.728292679326046,353.37980247718883,181.48,14.77513722523897,75.12283321577786,5.166806271074663,0
6.913925742525421,127.1658362519588,29072.20478197375,8.020404674047647,342.0981420783167,477.60589712329,7.606939973407758,55.46425454377405,1.8316946925532456,1
,263.51680969838196,41220.91480411077,6.051834100852888,294.0963520952548,409.01063998818256,7.508988230970053,58.05461378752803,5.647799010824948,1
7.191382939349959,201.47708597367634,29751.45064961973,8.690109615331373,361.57389739172606,353.2095678556856,21.46301442311042,,3.7459016994256364,0
8.927386501147023,209.46108207722904,31023.61454574211,6.720122791197705,347.45481090381406,486.63721215176406,16.324551875151656,95.28178202830549,3.82213716541183,0
,194.46599318404725,39323.93715900039,6.456641746586659,386.9524873439123,560.0684308870844,14.680540594988067,56.40907148672545,3.923187333600561,0
7.459006682548308,172.19935959217554,25322.149297970467,7.154306569206051,335.72170926362315,484.54414750466725,15.48375646434703,67.23411487806212,4.270460237615341,1
8.630564231354063,190.25680306640442,20372.374125454415,6.185988008717535,,391.89026649904343,14.764388457609785,,3.9697947030118628,1
7.8767397302043545,143.78190021905104,31069.019720526278,7.639318112204443,263.36099361313336,345.6387687913328,17.58123067318555,69.98252805869855,3.865951752706932,0
7.381434770392002,271.24060405599266,34762.18988801984,6.270967108884829,364.25189723492815,433.5788053628709,12.18660972426823,56.45355619809118,4.990956281297825,0
8.671663287181754,155.77924549187162,17805.486432853006,7.860267292453761,310.16258118334247,492.45954221027995,14.897695074303513,63.15077714511611,4.411164942205663,1
,162.43894858710473,15686.96099166569,9.041290331480132,351.8709202509968,390.60837441979015,15.032764396873837,72.77414350552188,3.2221329935908063,0
,181.89427735977515,23231.658840292443,5.983471734843086,338.51151613528754,398.4212466147826,10.814900157502901,52.4365445071116,4.547725653181866,1
6.040019663827396,238.7219298331462,29305.146019610962,6.913690777473629,326.8695009641178,649.9640601919393,18.506813925498705,84.02521955024353,4.378803462483004,0
4.169293693998233,196.84705589575609,29012.20722656231,7.848902526595967,329.78871555093576,509.06665027246504,12.804809990926334,85.58107479809362,3.5446864940466494,0
7.892812133244719,155.7258550265184,9526.176706023025,6.431345379129377,297.9355667010267,514.8433997877734,17.647665727067462,76.21305069124841,4.587867972562486,1
9.264117086809103,237.61264530170132,38776.14161146943,7.853626486106131,333.1264881257756,303.8696930723268,14.660361124289599,67.5305998865911,3.847093371046029,1
6.86145686174197,220.40530060870663,16391.99043503866,7.997530199829749,309.57028201365597,364.7350109395025,19.687165795273984,18.012068568050616,3.7970946917424215,1
8.595070530052674,214.07374139327698,19689.84902023271,8.831553606545,,427.9257701006916,10.833035216993753,73.26503052634921,3.7758477684023113,1
9.643522430201946,219.90334184969723,14099.102058641605,6.162535727185839,320.3744565681465,340.9780625717222,10.68944836700041,60.06827404339698,2.076067915577129,1
9.170713981198634,275.096619291151,45674.57528093287,5.630415120435851,324.390364760795,551.2341096962327,11.282147593775738,62.415280023264216,3.5591745203110112,1
9.687543601700515,268.2159201487874,24136.703617366962,6.634027724489285,371.9764245685235,535.8714406186559,14.721208272202578,35.70043479214084,4.526275128857969,1
8.259982710804309,173.79079952205166,14552.255436788051,5.590951303515582,328.4040638543416,378.76886583262075,19.38226039002586,74.38626170144444,3.952519230535065,1
7.199939485853533,249.7633385636307,29589.464122494202,8.011907162395046,376.18175078156185,566.0663017860169,19.553139876126977,42.96195866233988,2.9675545847125155,0
4.532874359083502,208.96857007927264,28758.310920384578,5.28443294572127,397.47795208394285,421.5463455430943,6.634003932548763,68.31610915414076,4.722412379049789,1
6.6887606438733815,212.7802704346092,20367.99245284814,10.806165940839248,369.19180744674566,631.1644769593829,15.106530703646603,81.03735805730123,3.7370918755561515,1
5.739237913447255,140.72813505556735,29385.00880351099,9.167566021286525,355.9176867225377,433.5835330690334,3.645123549195274,58.806270026282014,3.017171117284012,0
10.531798920821524,190.7677160340361,14777.459671017306,7.139869715968497,347.31739011680736,468.457898081543,16.911555237428466,,5.690689720103392,0
6.800341558232585,169.64436034973374,17691.901601828235,8.490483298936802,369.62315772885387,535.0301961153236,17.981140763303134,54.31369568060783,3.148525376299551,0
7.275895642787332,223.59657383369202,4387.364549271657,4.533853054388949,337.4813217926562,525.1483273314672,14.146791450768864,76.11500718150761,4.656003378802854,1
7.956861747904344,231.58712685324423,10404.932241444869,11.106929863611303,374.56088301954713,463.1673655851029,14.557979021507638,45.28856654140103,3.369935001333409,1
7.149327889732201,128.16088877858368,37864.42725367981,6.1874609127232265,359.2162624550987,410.4830393825492,14.523744735632192,83.08369043313087,4.075944930967581,1
9.775131154284898,195.64549367153958,36407.071822187056,6.929614086039012,318.87540811447633,463.4422048134439,11.683497248966473,80.57352439013292,3.266298848572823,0
6.089987514842221,233.256806277635,22590.962370883834,4.187625406242271,370.8861434538582,355.9259952289724,15.708946149414098,73.97803119355315,3.0033427386065465,1
7.389425853827216,190.23199571913392,36595.62079988539,7.888333941490614,,434.1854471585978,13.514039514527719,60.03666266958854,4.3773179848437,1
,220.34161264767775,20610.465658961017,5.371976231818168,329.38401224469783,332.23576522351203,17.359265557748635,43.71562991293315,4.286126625204833,1
4.981164207159077,207.91632057557854,19879.72972321212,7.280616103274326,314.0558307762739,277.95914584871,13.903894846741348,60.07943969974918,4.86282656649087,1
6.107287145460596,207.60378842660236,22509.607576815622,6.26004639597923,340.65650067896473,425.9654910777498,11.430013517523863,84.36477010360463,3.943182094369227,1
7.021111492693025,187.44916352111437,20918.706246893646,5.417164582810058,375.05348153040575,523.9072991240845,9.196287939435159,68.5027830819883,5.701874399418664,1
6.397409463017556,156.36882316001788,20127.12597311991,5.8491088272150655,370.59989503166355,496.7135311337935,8.109945429065592,41.271862480488565,4.179310400600888,1
5.979050642000569,159.4940887526651,32040.05634040835,7.476745093855124,348.41757109074996,415.26984825945635,18.624405928489182,48.201906794185355,4.412084251365026,0
4.843955232761784,219.69351067529084,23330.564991210744,5.095244262867258,358.6172395988309,563.0817074065436,12.764717242036646,86.6759896657899,2.9104251888163617,0
6.9478621395203755,197.00978744146087,28261.536225161326,5.936877559782748,386.4536811048643,375.8984583917799,15.400680569170257,74.2944283294292,3.4910142342044264,1
4.6874946052907065,191.81571739731444,31057.822332531046,8.167971942397875,327.5683962197029,266.8907642734838,20.182490941674356,46.43387804642798,4.3753501664024625,0
8.288488982266468,182.43249540844104,25417.924322204228,11.231918202301415,,245.53257340267825,12.417117663403978,37.828846391895084,3.9043023453174053,0
,186.33539076059287,13506.197959780795,7.874590334893748,,326.42614818105415,12.203049526698381,56.286818262170925,4.116392845327017,1
4.76249311585076,230.79245980277003,10151.390752006599,5.670726605359886,311.83658480088764,487.8896117504533,13.842544599703878,36.44501610472311,3.333134870542929,1
6.588357567490717,185.34717458817929,23318.683410952293,6.539959611285749,,370.5852471221658,14.377422238390176,63.878597951686736,4.065118639307865,1
5.8840713151109725,152.27579222664443,20512.417103201224,7.169910629721074,,459.1446774349071,20.52779496934685,106.06729851631141,4.062465795441554,0
7.587487471566497,220.8212703797609,22780.387861886113,6.567908577995582,357.4425440620651,554.942623061257,19.462866166451512,40.561250695187404,3.049260684489514,1
9.2113162091768,189.6336552921281,21873.319033066025,8.546831903444355,,332.9801634844617,16.335097626651333,63.39010476932344,4.471188878850861,1
4.0984757732632655,197.4022960587177,44668.33648932676,7.463608103162475,302.7042801854082,460.5623483237438,19.07755957537963,87.62697198885965,2.6439493414039843,0
7.262891465844393,249.22717471441592,10349.907961571033,8.554406768157595,358.1447680288137,465.44899553203544,13.690095068400396,78.52024154729554,4.113705702866193,1
6.825388855049042,195.69396887431532,4565.1068368345805,6.623178811329746,363.6819782747547,352.3251557716038,15.270234717393864,63.99337523454995,5.347162301183891,1
,205.8783591721437,24928.559531095045,9.214290347159587,306.78641418080076,531.3373269783076,13.28198983657692,64.03207851667858,4.500829419498884,0
7.418982638897925,157.60699560611107,18713.40248051459,6.856952776835158,328.22336919597456,398.6375157704913,10.008880653661393,47.697379720370314,4.495953411908942,1
5.884368762535278,189.14726840670045,24785.55324047796,5.585520006761973,297.6371347162571,390.87508408261056,18.2648253953368,62.06932964131015,3.270007193540026,1
6.572704242290078,216.4112163664588,27133.909152708824,10.560166202046709,311.0654050488608,592.5505803125405,16.03992280950644,70.33887075640531,5.349868401459231,0
5.814318887682452,145.22931163129994,33273.85190700482,4.236535159801436,344.8066360755334,464.14000811807813,14.339823197032327,84.28073713017478,5.043840113789785,1
8.79085135037177,202.97378666164454,8797.87488815601,5.952792814018214,313.0017945642507,496.6719822255819,14.2718314187767,56.365558411531254,3.3119997821414575,1
,199.68401046856124,17132.470142386617,6.129295994107976,,531.3924467255949,9.294428777299457,63.32846762793318,3.599684671384396,1
,197.72753153971502,25773.713111784098,11.08312391142937,,369.3186913637061,11.04455664726451,51.04172588135688,4.948631715042817,0
,230.47178458788304,28769.953971235143,9.974837036951488,380.7070443462702,522.9005410638783,15.392666993077421,70.04576140496538,5.370994955087071,1
,207.3663383682194,41247.505923172226,9.480406466954673,354.9069582891455,381.3269176258883,12.528637071321386,79.08155150599903,2.9835448926295753,1
4.673194115745605,244.9690040179599,30394.24716998992,6.597559313445396,366.62214050149686,377.8735376736788,13.559369833570107,76.5877048572957,3.1871055996148305,0
4.213007914753048,163.70077672726808,21516.135221769466,10.953361246070004,387.2294169456304,399.9069622380564,13.933588425581172,47.4663731193427,3.857846329990708,1
4.561223850621271,200.8391997701393,14206.241769819566,7.701996166068735,299.5996826948964,371.61472003974876,12.021028374553364,68.7762467290048,2.2765466570348383,1
,199.14726793650146,17066.074926143592,8.664076125078934,,488.3366828873519,11.076190360720393,55.441083292911955,3.98485522496335,1
7.888872786935595,161.21291224533297,16816.933807703004,7.4039187021478075,255.2959604947448,443.48596514882337,8.943096241637013,82.75878925326285,4.8948799409433885,1
,227.81297966876346,27759.551937976907,7.041842817309263,463.8563169364346,382.18924281064494,13.7950244964718,,2.8478631273361157,0
8.503110919381024,272.8052582964407,24267.590091440547,6.722189695196321,327.58417623955427,476.40349677957266,16.32759429259004,41.81427418725926,4.069143432680568,1
6.311932927823332,195.81084027097165,10407.576082600395,6.788768810397724,376.80410961447564,399.6497554104355,8.839570989251964,62.84359222326688,3.5162188501036558,0
7.313400889057023,212.97509338244146,18191.857455177702,8.081416804911365,,395.37535266712683,14.200401698919574,73.81808616963791,5.249157840028056,0
,199.14896748480797,29708.927150767522,7.7001756820651135,375.05040859013343,425.82463157774276,15.210584166409065,70.3480181016505,3.52556234753622,0
8.505974512226196,172.90733605345207,25097.665975954886,7.07027523507818,410.72141411082913,459.34686594494366,11.00448886365653,58.11914049911096,5.154814608443895,0
,136.5034020658697,27000.2901206311,9.50504790846419,,453.39748702268304,18.98728939622417,56.93027655188486,3.503985044767243,0
5.663004361589693,173.1641678758244,25371.765819156815,2.4325301513896456,,392.5322010903262,13.00328212848287,50.422178836860006,4.571517128160622,1
3.658613511886405,150.60240843430708,36275.561746569205,7.925621851715488,328.03105307283585,490.3535277852525,13.944830431208947,60.01295114297475,4.166517582322905,1
5.9365462224045515,252.4008763265838,24083.850128158458,8.254027156521188,241.54753763627167,403.91610470974217,13.74619795302069,52.55511432161252,3.862147320118845,0
6.744302920263966,192.5851932638039,18629.222075274934,8.932201331843167,,368.9541536306433,8.418736661223605,82.09599125634895,3.3533877161378993,1
5.510384551829618,184.99617246092902,13984.227818967494,7.01750312313569,,303.2444903466227,17.618969357274185,51.81959701796245,4.222014428627957,1
6.871301422323236,225.60537775902307,24202.808006973934,7.448513706466653,332.298918370049,501.3504848343409,11.117232876532324,68.37856260102042,3.626382495261769,1
7.202194493904441,159.4868237380984,612.6059971636423,8.67779844563726,,422.89136595799965,13.497117094007011,67.27863715582006,3.4319823446496525,1
6.722478988925155,171.15551043041032,20398.138987199738,9.476042918762685,,438.9327040148198,16.258257914230164,81.70089930677787,5.1187237382730615,1
6.046495896490699,198.60821621289466,20209.1687794895,6.645153143417547,358.79870916065045,506.4117916468348,19.115590340538407,84.02597891534644,4.397073577444718,1
,230.19592443800406,10049.63180709712,7.541821737341545,,383.3060283622645,10.70542414692146,77.6607936822919,4.472038382487618,1
7.782685632815361,212.86540428514976,13874.526015136194,9.772146863671036,337.4590470975874,310.81105273832094,12.802139331682445,72.1103805944343,3.6645531554824355,1
5.346265466865875,204.5349306859222,29113.628729131964,3.7640372201114154,434.6785038455752,427.52967635303395,18.85580566532368,49.43290535619815,3.8249368892750226,0
9.32338248379657,198.93851113456023,24037.102121586246,6.029780092292955,278.48362710525885,446.77945263912943,15.814892940401728,49.105681980395,3.776110199466133,1
6.923244869668024,209.52975492972038,22906.62812929606,9.436020846192681,330.24195194405434,400.6465384729187,16.501577198460822,52.71672253620313,4.233046351750763,1
7.109970900482308,203.0003475206499,24700.319795610318,8.84620977710112,414.2071243753815,540.9974710601159,10.800753954580884,78.56608177397968,4.470606692437155,1
8.206060932977927,162.50451160533436,22826.301488861292,7.945463433264177,,220.95801799675996,13.024816455943093,67.5864782390953,3.9464039311569743,1
,197.88508480729803,32912.21738280253,6.4112169404875905,312.5151094822555,512.4129774750604,13.724464718820773,80.45487415510141,3.3517369045391003,1
8.59548724792206,161.0671168947843,23096.387419811163,5.726726771603038,342.31812742396824,485.8310380224367,11.440368353194755,82.62534824129895,4.563244956480708,1
,199.0359940105791,9227.646236562321,6.185879321597049,333.69253421502856,458.80621425375114,8.737174539019367,54.654098253158175,3.9960550172025027,1
6.106224574321704,180.56629568386663,36307.998706098806,9.565852988893534,302.7948658649965,181.48,12.590249770492496,66.91896261987529,2.8461476245586352,1
7.654790605077702,279.8648677571005,25261.444557891697,6.127060551134553,330.7044777076365,525.653891463903,18.762693940624462,66.18976227889952,2.3044700949378436,1
5.261475330360148,195.05827266224372,16847.177413762292,7.2802482834986595,322.18380277915355,338.93359517840776,14.475864171005242,61.096395181880204,4.202359796859169,1
7.252609932184672,150.19860306131898,11023.549295009849,5.9291419211184415,,380.8583343070547,18.828902923927874,57.74624261379017,3.323010436875391,0
,191.95815467294273,25485.69156046609,8.451582967556462,,408.10270083166665,14.872559226099709,85.5693440451909,4.306228460929233,0
6.749094196936662,213.44651555657376,20986.65907234184,6.268812477052623,280.9024741458661,454.8175255605726,11.748817415063844,67.2409025382568,3.3650177190861315,1
,251.390206549495,35817.106283600195,6.965801653556025,,473.56857437000184,18.508918933797,66.61268267889704,4.073884902546106,1
4.087860017658754,176.98880509001495,18980.977795963274,4.460256229792336,404.82019659696505,494.0493736000855,14.982799525610744,53.41105722062613,3.6748468081895687,1
6.207527396691871,144.33976821410272,14671.457929014012,4.570878186796195,337.184845205805,487.82728068454566,17.463686535334684,77.32493712409051,5.336498232013178,1
7.2276233928143725,223.22760093585066,29868.941845337016,7.13212364544798,320.04538567665537,442.3315766445048,10.743833753590907,50.137360636440924,4.711246213098542,1
7.334171663275867,150.97591455001947,30127.489046020026,5.026251694787536,365.0142340446946,455.50486930503445,17.718283318624007,73.76037145670696,5.020891582146508,1
5.445996525927726,182.0292090832339,23492.92132248573,10.446036890148514,327.2224016462994,333.735284687246,17.818023502051297,74.20247104569253,3.9887572599128718,1
9.092475466974875,187.89943843639853,27944.77411753077,3.862793482862646,411.1539237518063,361.19201347288663,15.239129247820133,,4.611441532509607,1
5.702781991338943,194.08045205549246,21683.627843673235,5.855723028110716,333.6179438649978,494.26109527739993,11.609087895969619,,4.04148706052889,1
8.62143694883751,219.02972734860415,24064.752508756654,7.14638737028273,362.7945883560111,489.553270717412,14.127710776961255,69.40413346533981,5.116281266598307,0
,173.8921047984236,32229.394103123537,6.5430899582826605,,480.38746883703806,16.303373697358587,65.76314509057178,3.913401589100107,1
6.052498577348353,187.36978218875691,27497.23758415093,5.375450178471008,354.61795687320455,380.31483732291946,15.056426765989926,66.60943359874987,2.879958314518581,0
9.902744319249123,195.9007907950241,20529.795238269697,5.606474013597476,345.17437181501026,495.4759741036895,16.2695838631367,67.39962989927118,2.411075210301928,1
5.1821174375071966,201.28878084321775,33872.37564933166,5.554766557551203,331.4395163166156,328.03822335053746,17.630533954331113,68.50197086383375,5.2712826732603215,1
8.541455136039902,199.5865575043965,1277.6901238015307,6.6669797221843,312.99719353235014,508.9622198330689,12.13364157733894,67.37471606714118,4.3432334898376705,1
8.670925885688336,210.70586988931842,40007.83847633503,10.20404796143753,307.3527905386786,400.80642184330713,10.456699694621939,48.53947740236755,4.394520343032559,0
6.013713867568135,224.11544307702033,7055.268259313945,7.243140928561972,345.47504734203716,558.0046522404499,14.155746567457879,63.93722681272932,5.131925316987434,1
,209.27980972260383,16515.38266948639,8.988982773232287,359.8306579236279,298.9270501192675,13.188550144140738,70.68686836736539,2.6816467438937552,0
6.682426041787665,211.2838920129831,21655.301728414575,7.9210226264084636,328.51291697749707,564.408314991135,16.881151627546856,67.97413162776574,3.69029105211919,1
7.539022870554973,144.3465022773758,20729.663985073166,8.879902588811909,345.6786376241832,392.676452917009,10.723410330229346,,3.785865532900274,1
,198.02148674856758,30838.875653245646,2.6960564019021342,,391.2204865291308,17.65746400352812,76.43300101810118,4.548974681901472,1
6.866449101061829,212.1362081782929,12738.375561152858,6.638956326585798,337.8609479515811,437.63687335041595,18.760456082599795,52.31677372284027,3.429740624421312,1
8.369185154324054,220.3375864774764,24300.642092777463,9.185273968578128,325.47756881750934,365.5520822674477,14.28100943170818,63.703973391679895,3.032928480058464,1
,173.60550654319286,16943.99674191321,6.216657400056053,334.5244242374353,416.04437011474755,14.481036575674118,61.36257294722451,3.0259280522222567,1
4.299834162551292,174.70078864166135,24602.054337188692,9.904707600493987,445.53283572137775,362.2750452408095,11.739421080928192,66.32964148637217,4.866546099492176,1
9.153900986176263,177.4935697966753,21446.129905904134,9.464546442953063,346.68789265660354,365.2300454262621,12.483792424395839,66.35176095060984,3.3908249668335686,1
4.436637739023277,214.00728902842738,22829.002776046378,6.3787734685186095,360.50820001821376,461.2401225032922,12.928405587062786,76.29442060830075,3.539426362228987,1
,230.36400908590798,17192.035611798114,6.325001639906756,,349.0254766695698,19.05613162454355,69.26917291562371,4.464908557567766,1
8.871461167555857,182.97271167225213,17541.558549105994,5.518502769079939,322.89412717903576,359.8045419268569,14.042107698966337,86.31021818427435,3.4248225815767785,1
5.3453633759578345,226.22380087205738,24533.059148325476,6.1252411136552,387.37703321454086,310.9410111954952,9.903607513521571,70.29943076737699,2.6401402302505996,1
6.42680528215221,200.43001612533186,30289.125472307278,5.172509278613114,321.7199966289409,381.1623224455245,15.125222872390731,52.96104538094287,2.736273084494579,0
5.321929577107362,192.2834836468991,16768.03577853278,7.797521665084149,,527.8936760422873,17.015020312499733,58.839399565678214,3.9256902305619428,0
,189.41968652358517,14396.240971684321,4.819446540512635,319.9371461400877,353.5216432068781,14.19588836754552,76.16930716443986,4.357916175684873,1
6.590225488144672,220.91858166811892,27393.2584049051,8.07389816558055,,362.75939950756714,19.143096485496336,40.28275748029802,3.8122487097966724,1
,207.07499861595886,21729.077338451138,8.112364341102394,348.9147109451431,437.5627717146377,16.853553688650123,44.623654889182475,4.305745308971074,1
9.163390906330177,271.1991400610543,29296.371022725198,4.495297039809403,288.0246366902507,391.92223222032226,10.807383904071203,66.57308081128623,2.7119867297140443,1
9.29913725915603,168.34885373824798,14071.543728750155,9.568713397998776,355.96621812018793,601.9694413033187,12.45475739096791,81.78591987767247,2.764663238044876,0
6.1861528377405,213.4051839627456,6410.955221699867,7.931502685176051,,408.75448989486495,15.028808991515454,87.54783328902992,5.728070014709508,0
6.747337220746201,178.96987079739745,17340.40639822006,8.304522873882894,320.5666873778144,448.982346741288,8.764913622131928,62.88722901318774,4.931571732266611,1
4.4033332743686895,167.7878438678134,15294.273500977059,5.92130898156242,274.4777559699452,498.1653931874812,15.393340801027733,83.5642081554316,4.569798075680844,1
,196.01268853429013,21323.228398707884,8.103359007187528,450.75699752946105,496.61438311903555,8.449162165787113,67.56929478006077,3.4554147568271376,0
8.614114096624958,200.88614952290334,16429.86815950509,8.899701650560864,265.2729950406922,440.7443023414674,17.667564737918525,,3.784355171230249,1
9.64877668944169,292.31954649037584,28511.74900898025,6.96419872957261,334.18648512721904,408.86767652603737,17.283075896660556,66.26932163977999,3.968691692635792,0
5.117385293710924,190.3152855803363,19487.424253429795,10.283037485612411,381.1356630427491,585.4719863101716,15.950826304628883,56.38606654362331,4.995189968698889,0
6.1379818279468985,159.20972337454361,23333.536175713863,7.189622123162442,376.7071043336746,413.82737454910097,12.042842613993848,81.25697564612986,4.284170557827172,1
7.038014846435306,205.3465923912154,23396.319660108507,8.92244156471491,369.0425907004113,386.1926057600902,14.843371349470813,65.98457428746441,4.380212765004485,1
7.525456242523175,128.1558355654754,23723.567374672733,7.582953915468675,320.64040015986643,369.6924847660774,12.580720516326512,45.72336593591632,3.8392291506083502,1
5.792730403324582,193.34646098797174,21802.512205937834,8.045124021913852,389.7421041572786,282.32976515724,10.86800143164028,42.13461435949952,4.588278752135266,0
7.754257060697903,196.89691128186487,26491.327895911163,4.47929501713706,,488.2929850958075,13.15876063103663,66.06054428903418,4.205811742996393,1
6.326595438157243,222.49646059123856,15037.332263189039,7.706264906380274,,232.1191121463112,16.591258925788836,27.24088131178197,4.00433773154163,1
7.057020889303536,228.38269956118762,34284.98404911944,5.95873934001352,343.74485498503543,421.4274799980643,14.425024978273129,58.01608561058457,3.3903943456947085,1
7.948591954325883,179.81263093031424,19939.995396316164,5.782690676871253,321.1915239357712,405.3331635381866,19.08184984888494,70.13807067051918,3.8814140411607267,1
7.090211408999391,191.4178111989678,10513.679575895758,9.875683031456246,296.10221308999553,602.9239868361456,16.814733585679708,49.29747296438431,3.127964491051635,1
,171.17994708952114,23663.22439591735,6.782243008061489,385.0227934043284,273.8559476953647,16.460266594027598,82.48271219872824,3.9386915753301754,0
6.905720411757929,159.279303197923,14550.454357025457,5.534783107058716,,349.0628323459242,8.95445312133505,85.6704859749662,4.039350859212622,1
6.939502894863517,206.55934034603527,27848.122439258485,6.552572027587978,297.16019937854065,410.8906842093491,13.336125265186029,49.94977858447343,2.0944756600070753,1
6.491682462487417,154.4945071621438,41389.17116591791,5.065288638303376,327.41021845964474,405.9256789457418,10.756927321462799,61.57764526150085,3.7903351595016073,1
6.6685142603593075,182.73706750919715,15116.977555128582,9.385537459750108,327.83941037427115,377.4758061707322,13.674260468444876,82.49413518838142,3.0528134404084177,1
9.6218490011025,163.6486801985131,24928.520069937837,6.020824424216906,,415.3445571621168,11.98525602981435,66.37884409575267,4.358938673903022,1
7.971861922226569,214.44358316522374,6620.816360052264,7.956293895630997,336.44309387109763,320.0921402527475,13.030127605378222,43.837336606357866,4.466984599969776,0
6.610186294333635,255.60102166388214,25994.189777722513,9.262648608452313,372.99900174138475,450.75832848037095,17.792448644157446,64.08106511062877,3.6374549422210527,0
8.18815750317207,153.57378712542646,14247.646546490432,6.3297587636807275,302.8302590824791,234.26755465329012,15.85307726500931,52.59961974525333,4.398237227955095,1
,135.44275228232794,16535.18390983395,7.960595442991002,298.7243076115456,419.8073206580001,17.61354875992921,84.33064196417084,4.431032210341348,1
8.94526817376276,192.26371920968978,12357.38232378518,5.492464033251,385.000789719562,373.369171969618,8.981738909157087,76.20398128617185,3.7908216452588213,0
7.667731085594969,196.8861435310911,28434.009276246772,10.98431591919962,314.6172547912766,504.02639153359127,14.471896245797845,61.323412625602145,5.166743840736853,1
6.9093895910332765,203.55951800617996,30846.708769809324,8.599480612694263,281.4650756548379,563.7542407285837,17.47979348842275,68.69995484273606,3.404441549134929,0
7.791869912038342,181.69498145909475,22219.14489169815,6.815681826757927,313.68591779822333,395.13436372159606,19.265839478276483,45.234592884585176,5.11766524853747,1
4.582306918211087,189.7729798546198,14434.30392439437,5.898922705195437,320.1092157061935,534.2884695932104,9.155827430117847,54.20388072053785,3.7943444452371,1
5.28843972443341,208.453742298575,35951.93400868925,6.93988544651339,398.18655618240115,396.3414821994502,13.116589164306527,91.53205725686453,3.3122054444837454,1
5.1816592398255015,230.5793677501623,15434.066266074355,6.5828257186845995,372.0863017166444,343.80765440070695,17.703290290955763,,3.695792188872582,0
7.307279520674294,132.08799643193487,3056.1584358252585,10.205652395319222,,562.9939315532417,13.643558784594115,,3.112476402371128,1
9.834698849181297,184.23927124464552,26033.506121039252,5.183655138900455,367.74330826600385,463.9791522634024,11.266517498498214,70.1539717704419,4.581955136563578,0
10.627767232446285,203.40003314478216,12326.795939947206,7.332986248798521,372.9734128783063,422.2487213973252,9.149502719178214,87.6650802202177,2.7198401971012847,0
8.094501251290804,166.186945680399,30682.775408413057,7.091025854718739,305.2796383170432,477.4276835374728,11.139797920264916,34.05880872254463,5.053894671939685,1
7.8763427151616865,253.29085749250882,18672.05742708036,6.934491725455106,325.55389872525865,444.0520591392201,8.689735477054057,63.35463949057248,3.240023582637761,1
4.2163182026971455,175.47772313807914,27307.79180963862,6.948385685197419,,416.2956874501665,14.473504112120624,93.01256703578119,4.622589630039845,0
6.217148658422905,195.01229645120054,34303.243893766856,6.936608120009637,,314.68753725696774,17.246786714927364,81.87088618737123,3.9888961716271654,1
5.8274238344659,214.65200654417453,11414.126425452678,8.499444384804718,362.11562872451697,400.0252209026264,10.10617354801252,87.8445231472253,4.181235920778685,0
6.092852318780725,176.92855614419372,17051.63065217078,8.082195425458048,,472.26150332391376,15.133085443408584,66.29054887463798,3.5097661704036565,0
6.812651328450184,135.65467818819076,21350.562902431455,7.781880345969003,388.1015355213354,411.96761337599196,17.077847107465818,57.709618198611466,4.245190240259843,1
6.329375981461568,182.2758391549844,35496.21636954497,2.3262968078104747,286.50255788594853,494.81596801455777,14.271035438131962,49.780479042249326,4.075279945069674,1
3.9329133015024973,230.2180054788811,16241.015050948949,7.593675901177799,354.49987248592106,452.89699902891385,8.948601883823917,48.651703476916765,2.8328293668279247,0
8.26917730722688,185.29288823130466,16801.142726812413,4.504089810931269,282.07529794657285,350.91902277233737,15.558360245932885,79.45823989653384,3.2192499977120588,0
,168.53924016802878,26206.699106601394,8.141185857754603,,315.27452236800775,14.099118612829603,74.70375479580939,3.5480885534123514,1
,226.8061022484495,16952.61951259606,9.449705840761414,364.4446103622893,409.1868336356438,13.761969613131168,65.32284158983478,3.3811027158613696,1
,185.49412141876203,23351.523880999554,5.6565422021100895,324.8953036821408,379.52185682418724,12.469968716532861,74.6225247955002,4.947192537399248,1
5.618178499377587,179.59591244718087,8409.325516621513,6.706386458698524,356.60766394128166,449.0715286536247,14.567266380967077,68.70486946146235,3.9754710634010495,1
3.0568428388333357,201.28411622812962,41430.597104403496,6.173017986016265,,363.8501144187962,15.967497276959437,81.96868240864364,3.3626363488408924,0
6.625253287210624,221.71226689226575,10196.607274385875,9.071982205695745,264.86996110310577,372.15399223249085,22.19304532465166,81.8144716944142,3.5871995372776295,0
8.830525819647729,274.6807409233661,19192.77889237258,7.270144058729875,356.8521669634448,506.9990945760208,14.651819146361648,49.154157054155256,3.576518794833288,0
10.193772452210744,223.56952321977607,21729.277763546084,9.850760421294806,406.0169038954168,433.8677639245067,19.281877239641947,70.82759207726122,3.745321411836049,1
5.125016144820657,234.50553809484876,38785.62979427697,7.773731640656872,,365.0955985721662,15.464169326142962,39.39773598185975,3.1312430643187126,0
7.86975176494607,179.73383137727933,10397.087030686604,7.5030712854045944,384.4032829400234,423.31581098196426,13.950561235485935,68.55227554230585,3.335133733734091,1
6.340156373719715,162.63945667572364,39408.33857123491,7.227766716512481,,533.333606659396,14.771692316724378,,4.567953390708085,1
6.911542116656424,198.41945477547677,28653.447958210563,8.412427516826593,278.45565717147275,445.63384014636307,10.236052616317792,45.144021001246664,4.114567620626193,1
11.284505921757086,199.89374681373553,25671.419548877944,4.374455806772358,286.9130504179934,469.81228441773897,15.292397496189244,59.66163294024374,3.851176713698644,1
4.690277177851707,160.90850106393205,13380.260591024968,7.254843449722406,334.4338053125981,361.0944047578521,7.6862646354412565,66.55413678341641,3.972045797505778,1
7.483446061776371,190.60631585675605,27022.18196069779,7.009326618909816,317.0271720341836,504.8452140600184,11.424574355388959,70.18474334692145,3.93446260987118,1
7.823632143107039,209.49956274452504,15670.146907248414,8.26616174690927,279.3991445026737,609.2390246906845,14.643580638272912,61.892192081822174,3.8068777383093177,1
8.806400256653562,208.21973482819448,33120.897864958,6.823431462719022,263.6128929716437,357.92358513211116,18.232081324221973,47.43237769409241,4.373341774191834,1
7.235793214018724,212.9509846192749,13499.264623426805,5.4787995940229814,298.7088854372841,326.3693289912558,19.015366754064683,65.52616347294641,4.315664788961382,1
7.5698003578115225,205.93692032691914,21021.851820267217,7.131614066373125,341.8075691250749,436.07732414675667,13.497030821388506,39.66669908689498,2.744024880882772,1
6.4572787777993526,179.69955528320057,17145.139058640343,5.409111964388018,333.514880827178,492.6483181284252,14.795424327645758,,3.8673814949907905,1
7.507911836579721,179.47294739578604,13354.925777351527,4.078085704111773,,414.50388670489787,17.538239774316512,59.25857493038368,2.795460868514203,1
6.534324281959117,156.94847803396135,28514.40470694423,8.26885352074708,342.1421675875532,336.769859071832,9.879376276041437,64.22758140375018,4.465750218695451,0
8.068299304871122,255.05340328840595,26709.297508773692,8.03491728485758,376.8579067367125,413.1142280449089,15.619714242594316,57.35017040444346,4.568779914343222,0
6.492319565690622,196.81224798868237,32615.380559777317,7.858003691509848,350.10472006218237,470.22781748587386,11.53967460901917,42.005724038632685,3.493592459839477,1
7.679589626304477,188.9768315254653,6407.130522419111,9.178626906674381,328.75539483104353,388.99368774621945,13.71125910212006,60.4725650728617,3.878928014838922,1
,165.83131636184316,31345.345295426607,6.069249613319798,372.2207425158857,470.9683505349527,12.760633040863816,81.46066962310383,2.323076568244648,1
8.870419898727748,292.89443182853734,43983.2941080453,4.858839654421417,294.02300048220104,516.0219256630895,15.721035400529367,86.81043580853887,4.728776054991781,0
6.998283979494307,161.0789743005112,18053.843494675697,7.009352952643289,324.4638326716173,441.30543917476757,16.10150516097009,105.86842862967774,4.5235455173960935,1
4.260878375551059,182.2694802060723,38631.833265680354,6.570949526464662,325.45093770743273,419.63126112528835,17.229470422185383,93.7709036078742,4.867066504155271,0
9.086455186135247,210.04271517708568,19706.541964654367,5.789172767503292,282.5453960352973,488.9175760367881,15.432538122217323,47.033544346510084,5.129504429462938,0
5.639885641628436,216.10500231367186,9980.019147512052,6.993838337489282,,352.69993112652304,14.848173978597046,59.79147961140838,3.0151947514781154,1
6.0405115215483765,227.8668059754917,19334.130534485044,6.153663868996756,,344.730351240938,20.416818779451773,66.03132842832477,4.662674477277985,0
6.132898542470848,255.80416773545338,31205.339864838395,4.219111652296206,,400.3456279320394,9.234371477647343,65.01564188209875,5.123857466646399,1
9.2653565681416,213.01246371154824,14664.480842322204,6.422940828545859,,382.13630246189473,19.892468637027783,67.52504927772094,2.8042292605971957,1
3.684277999773874,161.64770729709596,16749.978444795488,5.3245272366079055,399.4768473234707,356.96390155702375,13.320689481645605,105.3548292006395,3.8364552547603434,1
12.06902016851939,187.92164428599582,27218.582059823104,7.486003953145258,335.35746022690137,569.8284621494009,16.16965115087909,48.892405989079016,3.686546453081049,0
8.759130326415022,206.49152840825656,22040.92284783035,6.0834650819797655,357.1766723538998,597.4304911913287,13.20206645723518,54.85506621605265,4.637260254069369,0
7.434949873465364,264.37327224471153,27140.39728248666,8.876377729142861,,393.3035584849038,11.954587206184117,92.99710354884152,2.102725968251618,0
6.992718539020105,150.41015586940912,24099.51497620732,9.654108386283228,,429.3027255186629,15.883950508148896,56.433421868887095,5.386447003061112,1
7.534030979023675,235.9107154918055,26219.718188260336,8.193422569358813,360.72328088832097,406.7085432824444,17.729444701513806,72.76813492243188,3.8822210899282172,0
7.9085846611231485,202.2855844706862,18223.426791146034,4.669378632466355,361.305761004207,511.3980885863494,15.845656330942111,83.14075624446762,4.684553633573374,0
8.105892781660591,223.91786799834534,24046.03898635944,9.498209678228882,365.87111381687987,527.4122743079126,12.48559674607966,74.27155409072425,3.9230149546005593,0
7.963411100945483,193.01641371701055,13882.354883444808,9.60963831159055,,278.2515397899027,26.233568707919865,69.50276794359833,4.353857539764146,1
7.222433283195846,168.6708151214464,33311.810409274534,7.149689007866547,,460.36119286130383,18.247278850567294,81.58672225364866,2.159293758279403,1
,221.0586969867158,16452.407746357207,9.210223333330141,,316.27269920735597,17.369363026926006,51.95015075574958,3.669791749215446,0
6.8394754789909165,217.88769217123283,31912.46821390095,6.248353281886248,,563.99355579948,13.111688396243304,58.3688445647547,4.6312537448480695,0
6.770095834239237,228.33123303352207,19965.691010134477,4.171331422937649,378.61212622301696,457.47084580160436,12.210701240763278,75.06661618136636,4.195211230436682,1
8.882694454018633,195.93254358875046,23785.332465756324,5.9187505869778825,400.7139611822006,355.3468903095318,13.35373265895987,32.91647278591343,2.6932639476731293,1
8.02375518842657,176.64785187324335,17673.958687996328,9.852295368350715,,402.38640542686267,17.85945566193912,,4.017911417223758,1
2.404782070883794,145.1170836036161,13105.262942122956,4.764093720693872,302.032407806127,398.53485798692907,11.001099644279009,71.30888863070011,3.3313809858280266,1
8.12288223468232,223.31099305642368,6715.036408055783,7.1192436254517615,263.4862777449507,464.3296280440316,10.744245317886211,68.87605375999901,3.2637729840847185,1
7.3896305496028525,210.30748618275825,12760.406242690917,7.173947351477535,376.9258360843123,506.09737666962377,16.06590233542497,40.0183016397677,2.7838584668129602,1
7.050253077251023,164.61506703143303,19173.872546956463,6.309500694530858,,329.0918866628464,15.336540231765417,45.58266435103225,4.452588045087562,1
6.4622556595886715,178.661697622007,23871.96741110359,6.419235872257358,319.67217909985317,570.498138763717,11.730262189581135,59.95091631161206,4.838151266269795,1
8.867339224777762,181.02297026303663,30873.671735076226,7.2341536320932,324.48921118657415,551.6618745140805,10.668116155445606,79.4642149777828,5.6237116446470194,0
8.586567074775344,147.6094718764181,18105.434510749146,6.231783499743131,330.90316819021075,351.1463492672917,19.03943904804951,32.8003529226269,2.820242254440516,1
,169.4846027996232,14280.555301269786,4.873147574474669,335.2629436934845,427.77384102036183,15.46168464774155,79.15574247657763,4.568550285756651,1
7.727213136528011,159.08965786820707,9363.544408900196,7.45975046985066,,560.1575465353189,9.76669629106021,60.57469317592663,4.619873668928308,1
5.535065792079355,182.80769008912463,26223.561438045388,8.815919200263057,233.73565368470727,521.5344801752742,9.998099475567606,62.78500821104008,3.517206351769954,0
4.8864071179856,172.08162625492398,34142.72793128142,8.493924579472406,334.38704778682063,394.6744283115291,13.083395371188946,70.50313379655725,3.254288859380722,1
6.083519612901956,142.87407820190128,33117.99559769347,5.840617961524098,,487.7049438133755,16.705706381162166,70.75755290835494,3.1231209896457948,1
8.451205621088587,262.87276678112454,28239.18499742142,5.143059893703272,364.108472587429,664.1235659367408,16.249479134978404,54.872905414825865,3.558664470101032,0
8.595468822147978,237.5535392362411,27613.20177549315,6.67098314619545,310.78671604661434,430.38902973321495,18.02585595747403,76.51104523142588,4.128044844767641,1
7.895805817954696,170.75584142042288,36899.82294604593,9.59711058547715,244.43553884124879,370.75936831861765,9.34694213730476,28.87213809647563,5.030887368195314,1
8.232902301088316,205.3272155219707,24925.9695401356,8.140044964756083,300.0556422626977,435.8249724460269,15.020932543170662,59.11222241533535,4.832163903647891,0
7.900723476512784,210.09625215332417,27679.72329329527,8.23226418933489,310.1674794509716,441.8163403580932,18.999763199983704,68.88657092820232,2.709974783470443,0
,235.53290290495192,19201.274252480416,8.525973983821082,,379.49694075401203,18.691573727875888,60.8187200798298,3.354702266091601,0
7.766756846031566,169.45426672341662,10070.9173596241,7.784811168779367,341.92473526329513,457.582137980745,15.46799203847599,,4.983719491961388,1
8.352651145112015,232.2784710573422,16017.71304654643,7.310561505229455,348.046909595001,320.50930635282333,22.05194126364433,78.66488298834443,3.399747590575847,1
8.279323214403583,178.35487359767598,21933.77832947618,8.166444896703789,382.7062000894173,368.10155286835857,16.296733735336495,46.2010851997843,3.925606952540063,0
8.970372260644682,152.446844150936,22547.09079375375,6.257057555335529,329.7977035941676,483.17134280883073,17.731491354704843,65.30762335819227,2.6398746310010135,1
,220.17961007026068,38904.86235830936,4.8851484420412135,365.0184653459621,280.0613377783552,14.427122611146928,68.87609978055414,4.8693660641001,0
7.638802649991117,238.81013698514545,22726.774533424017,8.262335156706431,362.1055273390631,494.8840047850178,11.694971780685409,66.72080334792365,2.4780563994359177,1
8.78153887892312,281.4604470496889,32350.861257979937,9.075626207083776,280.49443357635494,259.2816660236651,11.38305754542235,85.31459678047653,2.6886077469864373,0
7.037831197793994,156.92303328383377,18199.084751831164,5.3531935358174705,394.7909797854275,281.96434753521623,14.881146360969531,65.53821177930216,4.789637307452629,1
5.677819304547929,219.35047924545634,19281.13817835554,8.418635942217122,,381.56253798622333,13.579928357325814,73.3162284479965,5.467648110061915,1
6.820723527329416,182.89573510406865,10360.593502471589,9.77560982715334,371.7773266213724,445.0743357766599,8.425981432586376,65.49547274361292,3.7433233539145667,1
5.895604794757746,222.12683440203017,15504.93485613088,7.116451001223749,,528.9978044047555,10.884623233895796,76.31762944181033,3.933447006746997,0
6.006466542790733,148.02030355551648,26634.963218870464,5.827556548108041,,426.5470717185585,13.226084169880952,88.94675390622893,4.678458056630731,0
6.850215313562327,154.8501297750312,22080.381970998584,7.314369504172274,410.90051425298014,401.9635374357085,16.687294734351998,68.6254268008601,4.1957692954639585,1
5.820052325610062,170.85923581428602,30282.313294272288,6.250156330242892,324.9584240456902,468.73175646213184,14.226795436803533,79.05033878569294,3.678889820086202,1
6.590341167873926,198.9663378215666,23603.427933839957,6.145566426268886,323.1617492730227,351.50395732978154,14.041467463243299,89.94722216639396,3.59134617531916,1
4.069152679543481,175.29124795621888,18923.574782373245,7.804430826289037,359.0644247717039,433.1575331783765,11.013319204619023,88.35924111604372,2.747897593161713,0
,218.03970682787326,40851.58143089642,4.586107429452765,,324.9507534320478,14.356679725005547,60.16601744957062,4.151694582253771,1
7.081916705825937,230.13429504832024,21190.689984489836,4.838592302462281,409.0931039090276,428.5649655738709,18.64622440084622,83.1694755159568,3.898304878785809,0
5.780829076601577,216.0841095561473,32211.94541292884,7.150479590990829,341.74060297257915,411.3966281448512,14.794953623230823,70.42511736956358,3.6284799802921093,0
8.128200612807523,249.59573759204935,18496.058987768534,7.084752508518359,320.5185789694975,356.8890665884581,9.290792045295037,84.47678136333474,3.188584459461337,1
8.570736518826228,210.04237957649167,28236.26270693836,7.662816231723099,311.40137343456075,435.2285842449801,10.137459550852,75.60050756204853,3.2675859344311244,1
4.52397981565333,156.3584361640153,30151.460268367708,10.082856113803754,,434.7039829683623,16.228891183608635,70.86030947026553,4.452333997995226,0
5.867267602079719,241.19781976514062,23842.26643842992,7.285132176999798,307.77838844850476,516.8901932772488,13.537515777013128,73.42166826000403,4.657697645759057,1
5.857063663838196,176.47246297327482,1368.6416785302572,8.065111997528975,,292.1227083644655,14.033139438357367,70.5297501287099,3.7148493980933193,1
5.585554069236905,226.30456026966155,22174.137980689087,5.578657961728881,,415.743727279925,12.251849880701155,71.16230867030875,3.6326659328678246,1
,248.1143810403319,32803.46506098669,8.33334150835613,306.5183801452411,360.4455928559648,15.94629442238171,63.83009240578472,3.3041545236409213,1
6.771816439351243,211.38590179281553,26639.342608061965,6.288302433125129,420.714003761198,492.1841695418079,13.283962369157893,62.327100168970375,4.700719633987921,0
,147.17629822314632,25923.459386168914,7.232844915478127,291.1134619318053,482.82117310882813,13.662310236078318,94.9281703572498,3.9941767003316078,1
3.893858840593262,166.17918396515805,6912.359516608118,6.948019172390724,339.8535217803045,462.93684907844596,11.462450573595051,,4.256962763875267,1
8.09031466803267,239.86183807118326,15696.729280930798,8.75209929116417,358.3222202242953,365.00619608282597,17.330798196852566,57.12392635829596,4.249606701472901,1
5.109579152182978,190.80924609606421,25621.108183785575,5.050237044087501,,493.4537325132185,13.548050459749645,61.91138595946837,3.7299927359835294,0
,198.9863778288984,25612.564489335236,3.5124829573082375,331.35249492109,298.2248183389639,16.292083902626405,83.49026177678786,3.0610191221221315,1
,221.32014680345947,32664.980688269963,6.78277633860108,,281.6421889356322,10.329211923047401,54.48849903076614,3.193016138564983,0
9.243447167383454,219.26509570520105,20743.815716828612,7.860279385910096,352.4830970871403,318.7741057879265,20.019153188033194,42.42079210829785,4.849750715465012,0
4.998975565400611,205.53693783123396,25572.58691168541,7.36058561377585,344.819326742097,419.18456582937944,18.508108067478766,43.611292905058924,3.403966234416554,1
2.2789756722448873,189.5089839542711,22157.668686571484,9.06688269511398,323.05392506392957,476.4567868878739,7.958569713428952,38.42517478868654,3.6499173905962867,1
,186.0894615043201,13360.013528994545,7.811048825203876,,181.48,11.625586957539102,45.385175593281076,3.085175382410456,1
9.942812778602256,224.57771337557938,2234.02580790253,6.229119635661421,,528.7940756725243,15.860969834242718,47.29358909402289,3.0214681152374028,0
9.049924701173705,214.57136618150906,25793.428656121025,3.445836156459305,286.28989221923706,432.486487695141,9.911698148146796,88.81314080205969,3.3700513023175964,1
7.413358470286655,187.9099759796871,23539.358273272326,6.745046669971555,306.1462514362527,295.18263886779437,13.84442358803939,65.65282033917305,5.286957603710678,1
6.298298464845045,231.94985285121447,16593.578871091722,8.744175223567321,,430.0485341388039,15.692151211583198,60.52239593676792,4.483269165130094,1
8.363324928653324,192.1273582945327,7816.257711826684,6.500564503385959,348.6388510843398,510.1879040143099,13.66855723134791,43.045576640359485,3.559104680289574,1
5.532061542469895,168.36734770788516,27536.00501385903,7.164746016610867,407.52635295853145,470.33682285705186,16.06355610870779,64.08421488891372,4.814643899750557,0
7.837408853276389,171.41504342005803,19682.35121501111,7.7857492018046,,510.7170849156115,11.98507801576777,38.29003194771137,3.851206878828772,1
,164.1890013021349,26897.08498431565,5.515838048685291,,311.4699474121255,6.851759095423515,60.42283016858662,5.026385236653634,1
8.76573375292322,187.41315865407077,38359.13002231263,8.104712716689331,346.45286421221516,388.43009689611415,17.53080168326635,99.80351922767066,5.6951496733090465,0
11.467859461868613,236.93485427169404,3236.803425755046,9.706652428202695,387.4602235179001,347.15637392908815,17.509946503424374,77.140341903469,4.771966156627629,0
7.70394138781424,169.89847044771687,15879.591336836715,6.8469549040084186,357.6473935656508,560.7048321716818,22.56703728597438,63.0054657654637,4.043749745073611,1
6.270747835125077,202.56708302227523,20178.165278381555,5.336078213504964,,473.56330501058943,6.974212625637418,77.69563993547486,4.515461701342761,1
7.039336843614729,174.77805431577065,34770.835145837096,7.014770377305282,262.41143346675716,651.9853149795565,16.76525428193796,57.96143137789595,3.9817555510401257,1
4.2671693112263025,187.81103872299514,7665.175577876593,3.6054731083979874,,384.0977975092197,7.763662122943988,53.44503412021475,2.5379212760994667,1
5.975406121568398,146.7198449499249,38988.82291395218,7.652307157083054,,363.32183021183613,20.093992762345305,93.9728174058414,3.4593921769146054,0
6.429240923400164,189.11870302533305,23205.35198279713,7.8345935166847545,,410.34675106873993,15.894839219533791,47.917996099569976,3.2277585553904906,0
6.246699447283998,190.00096711201286,21172.301477540343,9.767505344275989,281.2769314782399,533.2888306353703,11.129115514191602,60.67031840674048,3.4421029873719196,1
7.322244246533618,214.13466759989367,20277.389102031593,6.813488227744733,340.44760511005995,392.3002067046844,16.86253639093075,71.3516185086416,5.369063717458767,1
5.7723523075123016,203.7114764278366,18188.687063917165,7.765406834271423,,431.9470466628392,12.449421024456942,51.25173055084449,4.8452767994266335,1
8.86243876104591,156.96686693157676,31204.575171824734,5.759164798230277,316.85279144085575,429.70454260731276,15.2743772895147,,4.313890145124485,1
7.080329233219933,232.01843826415168,12644.69097137535,6.556845149570376,358.2289962847398,425.08212824036093,14.961729970652067,61.43930059128836,4.60362750135206,1
7.065212489389603,203.2847639624992,25042.878430736844,4.710207010073727,329.54412777398727,369.1631564254225,20.053196530647543,77.14206910003175,2.494151480993432,1
6.55864740074446,202.89317884479576,18645.366171531787,6.812232398372488,280.3737938693374,410.7941358914842,20.287404762386355,75.88122402836339,4.537983296209833,1
,196.06808422069665,15331.269507362736,6.637611537440668,364.2158858482015,407.33410775878326,12.303051614464694,62.46806372647408,4.702906966637691,0
,179.3461351353334,44689.39434624654,7.592735630420456,288.4378555363862,421.27862420509484,17.78232959556688,94.07845732252214,2.2229971936039195,1
5.701262957019669,203.53134093093811,25688.56570123715,6.13471692907443,334.6757750391854,498.1450292431019,15.454520914937683,55.63486670044692,4.566884667947932,0
6.033594782370342,212.0073477733318,27391.551856949365,7.251685654540645,319.6342244104802,564.1839577583514,9.604022358207121,88.22472421347857,2.8592225587196736,1
6.597075614245103,138.93206966855814,31990.765345667813,6.5932595121398885,370.7712673397109,353.96606248103427,11.975484060968084,85.4104198657217,2.4333958219720953,1
4.940065231677588,178.65554366806037,9550.883509978146,6.596230966486767,289.9513858918641,390.20907524465684,22.012643589674756,95.05287411994593,5.004528209150472,1
5.777380003042818,187.98734361312998,37379.18426557018,7.246972475021588,,355.212538370812,15.464498067656407,69.21622671657008,3.1845017428623734,1
,204.79288951522787,320.94,7.184026248860876,298.9955913876168,437.01154623830405,17.589270408203,53.64068318100513,3.411561543280186,1
8.470278797333236,235.6060658748839,15273.10791992853,8.32265498170159,312.61002210534167,378.38059684396285,13.57813332606526,100.00256875063207,4.74189154335073,1
7.497472513113061,170.9951620160578,17989.03864151369,6.929384006074861,,441.2703801030275,12.492792262278979,60.984530248142434,3.7319141476431272,1
7.3878079590743955,179.99701447662935,27114.97204637943,6.5671811483856555,420.43472283641375,511.08512690214764,14.37024552027011,53.23688117362444,3.829471008491316,1
8.432927759847075,179.51787844194143,23931.936426940265,6.834324236762183,356.5840681576625,217.75228315327155,13.399195577135021,63.32925045126014,3.812372212978415,1
,170.01577283736268,20551.36326915429,5.990830695391232,301.9964671324412,461.6356506775278,9.33733279828541,50.51624421257849,4.241127041360333,1
7.7008391113869346,184.95450804070882,21908.89044381768,6.551340472164659,287.19676138924734,384.69768270807344,10.958992735827154,74.91308799049574,3.793459155215273,1
6.915877412837331,221.71397699320448,13438.226656630715,10.329230766655705,313.2502286557377,459.10132769849827,16.623097742704484,56.600285583147276,4.059018338000099,1
,161.71988891242032,8885.502942697914,5.67796755810053,,349.4373400410288,13.01991381907102,61.74850613093918,3.5772246621780894,1
6.153413734397585,210.43653731262745,28384.558016267307,6.679722992470691,255.40984238227236,518.5718130749616,14.365083159512372,82.05866198173909,4.244419280105903,0
3.202280718340478,140.41145467699712,28096.900607201416,6.50776791203389,327.91557335282846,495.70133955001575,15.057595297145767,76.49135614065078,4.214797564885563,1
6.8664961321237765,177.91320667698028,35907.83984317093,6.729468852653849,,467.82422064521637,15.316195661589962,66.65215838417708,5.450350953393663,1
9.342169536398906,185.53639180883263,15086.76978537907,6.596641891972136,286.81194276421354,485.9985025134121,18.075176692953875,69.16473369512617,3.6726242592545124,1
8.552682489564132,251.43938604541447,28089.08866858836,7.56119935992918,337.1095483055906,361.6289538431449,10.643316852123158,66.59829286761835,3.826350896112116,1
,187.3345002197316,19526.387692862863,4.417923339800965,425.0410925479763,371.8120081460116,16.167536514929395,59.42391102536705,4.156282974230892,1
9.045447847671886,123.99311459293381,32452.85324091801,8.758730926600567,359.9637205017918,482.7018937500687,16.779141996550035,66.35911862748281,4.722259802565482,0
7.220965569628685,130.6465327424021,30975.242144696655,8.119480823434673,338.9957646445075,359.8421306814408,17.54316938849498,74.34181750047584,3.1185635805217835,1
7.393731974774897,197.48889279907888,23866.094401757593,5.156262894020247,354.7648819623309,538.7262244709066,9.603242745936772,64.35869675312239,4.050789686984554,1
6.097933486259383,216.5507857383722,19036.89605416333,3.534857908735206,317.1761578238981,395.737369619067,15.123451612728564,73.19184025712583,2.013895691877048,0
6.577444158916991,208.7149885987841,30440.091073379044,5.576226009096587,387.6107278372684,462.45310458853544,19.960211382579093,52.8626991651151,3.7582051049565317,1
8.059076128136116,201.87970507873658,27686.517595491823,6.736586990945146,317.2397504514732,591.5513461461964,13.951911081591577,56.6290007244625,4.806727083477502,1
8.994176255098418,234.58509556598634,16012.526423479161,11.196861199931424,252.6306977661558,364.81302852421805,15.880367463501804,54.518694257027086,3.4036088996490923,0
6.858280421667211,178.6282406621631,10371.194385688466,7.978346004659352,317.5722254347861,427.44732470327534,16.86310941807696,57.25617440439887,4.1079333399225435,1
6.364199068886256,225.794659082162,19484.069063068622,4.264008354293297,293.7378557725069,507.08908336598716,10.885694815041758,87.22658933570456,3.5574536519807904,1
7.08083945458199,142.7093505803314,35302.10211884785,6.030344302256509,,498.7722385690013,20.349959852989915,78.14730767252564,3.2996662857677275,1
,166.6153152529964,32067.142905451758,7.035924350688687,323.04873827288026,395.39596662645505,15.93334763796707,48.97538393968729,4.72775907864912,1
4.784270842347668,136.95447893464188,12260.568719270637,7.520820015790993,383.37726893591923,380.12784603948376,15.99955431498024,73.47872243588881,3.1546982219203903,1
3.429072284511791,187.33308651397724,11774.527355662429,5.042696800709532,,403.0479539317089,8.778689378785128,60.08037818134614,4.198512929213213,0
6.204646409308382,194.84893117628266,33191.24456378406,6.906715439796243,344.6844564953729,538.9058646603532,16.909943282086065,55.35901740707008,4.210514264197604,0
5.139067242796488,200.12165706440797,12056.187074617643,5.986130162575346,333.6580010626039,399.3326646889891,15.956218229964945,42.360735444609844,3.3055963767098735,1
6.272057085740776,198.404724642929,26479.8816960276,5.37606147108834,289.9221012731018,428.20331026651365,19.65607329476003,82.12564446601155,4.09143450042695,0
6.84502929308022,165.87204648291038,16612.02642333837,7.530161121784348,243.43572165588762,387.39711741996877,13.249712140652589,44.332694238385706,3.240740686774978,1
,190.1148810356935,36193.26161381309,8.34272593403966,,478.9124350068116,11.010850929029157,65.55923577980023,4.376997662429144,1
,147.13395353624298,15258.56621902357,8.44884521759936,,434.4595335375111,12.021788927296956,51.08868404417163,2.944342342578543,0
7.599524175717689,241.1929687023484,32039.73561291692,8.027530434791524,329.2928105560091,340.7924794145199,12.60852204212584,78.95315506359138,3.705107707510364,1
7.557754231781217,186.38677472311372,23635.03604823409,6.334156137638384,,343.58963510369176,10.576618024985152,60.990187450240285,3.7728381054668385,1
,180.29542440584345,24225.47823299314,8.24898862311234,353.0196796831726,260.36269811098396,18.550429678665438,,4.838105163804323,1
5.269255342728577,248.61435799924146,4737.301282819546,7.608306012204775,330.3283802501395,354.7026037144677,18.674679926303817,64.77011962579208,4.079233595935276,1
,155.52493397690134,2697.6900584809337,7.331628175064181,,486.05669984955216,13.631929469226417,71.29558801926098,4.714910522287407,1
,159.36069569062886,20080.042113150237,6.153524867711159,,528.8763266821514,12.979964657901316,66.61041708124995,4.4026590178221054,1
8.146064181413529,160.3262757183216,24179.103100492997,6.334935718800385,373.52282372190626,477.2968269152128,8.270754866913077,65.69983980260915,4.397676340698692,1
5.375746999466153,194.13838896972103,12147.714083633833,7.236741359076795,365.1653470105742,466.71537445577985,16.58363175505493,58.0122560403777,3.7110921116205473,0
4.6095235620344575,210.56204798248422,12467.805621699461,10.975001657837092,,411.6641646770945,19.752886760213542,40.92087873932494,4.766306589149412,0
8.380444556259796,220.6905293917144,26937.402057714535,7.595963118544397,,484.5185943281484,12.170885485870867,48.30184547461278,3.692187080744438,1
7.678491146495052,280.9372060392346,26949.518911701984,6.154322166444548,349.3674211657211,445.02700598947786,13.89344321968012,78.02500217185285,2.620736125654516,1
5.645738028571558,122.40866090587889,20806.297870114235,5.8048246769482805,358.89811224996197,567.7255659159994,15.71750473695507,61.45184108338051,3.8024660085958235,0
5.697235700773236,216.38522617041085,28855.34340634058,6.3430087520031995,354.1838849437966,413.9336497082352,19.987824773618787,55.656321796450285,4.323711595622373,0
8.869441307219484,178.05154677382504,11718.014975817196,10.560123647127524,352.53342638866684,530.4319133275541,14.941259294274163,43.655318623316035,2.716831939404006,0
5.188835090340949,177.08866990453714,18893.0497640787,6.48917449940538,445.6498891687442,492.53590009251946,14.926873022047776,38.576109273338105,3.279620160198099,0
9.691849995676982,175.9918924230125,36463.62013774655,8.552855444684251,330.6243895505915,481.3285263910201,14.873544238838948,55.022112679525755,3.0101410166616627,0
5.648013031909889,166.48965322383384,22613.177378926386,6.526033372155257,,259.32127107617566,9.563142402148841,80.76869517845226,4.583639341672992,1
8.09504316171733,251.7571765617615,23121.670126032124,7.532671575221814,314.27160205886497,496.987100364286,9.491122935823146,57.38660426719089,5.274832856869747,1
,224.06473611221713,42233.94405531914,8.370957532933781,366.52837440462736,411.5848051445622,11.605535990229772,72.87985579840662,3.8064346597136915,1
8.039068015420925,197.1326837749665,9743.860264803445,6.21639349730032,,386.011860719772,17.632667800063704,56.64249196034105,4.384593683193242,1
6.214858736638433,240.79139794177257,28997.64542002701,6.107043586438624,,302.04096801200103,13.169968096492763,76.73686314174678,4.364305105401784,1
6.821159279345053,146.63804762097297,36604.87017353691,9.741014117239422,,421.43844783269145,12.527010598464411,60.70867202673574,5.18196161822317,0
7.145061488879197,152.61641528183915,19165.550531442645,8.675656773935359,297.1532865739515,424.60164005485035,12.468852060284128,46.46811290699297,3.461008734916967,1
5.486521945307459,124.75842096543866,29551.822728691797,8.36926226353135,313.5993085961022,316.5813846789275,13.824355732255437,62.04833936138701,3.798494407488507,1
8.257910709218,173.3732499207463,13403.183297341377,8.363896543134205,,302.8194964267318,19.91397726187643,96.07412676777699,3.7042004534492348,1
6.26399042931018,201.68664755805227,15992.428918199988,7.846129271531484,370.26301987131643,461.21858638395395,13.779536653342527,95.36032822561283,4.028786447231405,1
6.716526134609371,199.75199004241514,25389.694966762807,10.308085784816603,341.2119707720361,492.34120869238046,11.677355588209219,74.27210883897013,5.923367105651111,0
5.498984494372466,201.28036203564886,29016.377772837328,7.189375116965908,387.03613929226765,437.26866477993013,14.363563032260204,64.1823883666063,3.9940326698539046,0
3.005889482515456,149.97445139454723,31843.100274590033,8.032074540177453,306.37280554457504,514.9004563874902,20.089326735070685,71.31713115789846,3.3033256909664934,0
6.776265857465732,222.77772793714905,35777.48813858003,4.82755757282146,286.53723896538406,414.90836556471186,12.615650180323112,71.52667084070463,3.069492163023367,1
10.916058520364537,204.24895279969826,21422.680130049786,5.81656211518584,346.542675699342,417.4973300029756,10.37087342209357,65.7546323467003,4.947063105704177,1
8.327520817757858,220.47282477460203,32480.3582280537,5.222705980260637,330.58319296337066,347.77579471716933,12.621718897192318,73.53447424234795,3.2997814868970985,1
7.049375996222313,134.1359796008391,19012.566018877096,9.133020461955516,356.26541529723744,295.79124337410855,14.706207967313313,69.76911062964466,4.487597828175295,1
,206.61181943727132,29924.14081205354,3.0869865598072153,332.6449971123094,571.7837936585316,16.558077547231875,61.287566804805415,3.43984076317827,0
7.115720769571154,157.31627891151172,23833.470048182706,6.484350164050698,319.69638027237636,513.3215892411845,17.612784645438232,47.06074498597266,2.981979665465126,1
7.949919393128584,183.30601145611124,25922.047925701347,2.389943567796216,,309.3471343238682,10.818675823184693,58.95624146087772,4.4420556882354205,1
5.202507623658937,213.9399178671643,25727.648438913417,5.806565125138613,334.9749212223337,434.4778691909241,11.132701942940479,79.3362149780108,3.4780190039244454,1
8.851771494523508,199.36515777369442,7943.121792237198,6.344300659423651,,413.8042571366016,13.210001921427407,65.89094120766501,4.301831998606337,1
8.217456291551578,168.371365464856,12157.148792049189,9.30809632819459,325.36627064128356,399.74592831896285,16.545671911746727,71.25864190588584,4.359440693859915,0
8.221915303875615,196.57626137534368,22913.231792940733,7.746672143969903,,388.8331775395966,10.109373858771033,61.82080876174261,4.396086891109726,1
7.777176424707466,146.01311883478903,7219.065280630839,5.803636393140233,369.2630692649908,452.70417245795204,12.269747926517422,49.2557123689281,3.760844026524315,1
7.111190485733444,234.19079197713597,29302.62274318428,8.804222677176284,,488.01494596860454,12.318018255646452,62.53897121337391,4.505223174073672,0
8.149849365187244,189.62026143896327,29656.389499315213,7.148174962157017,427.25468739723027,454.41125428085957,17.397188711256067,49.856663525875504,3.2504138638104956,1
8.020984472648792,233.14792216711513,24882.907894847605,7.1793556367574585,,412.14970498267354,16.028543117799288,48.82384117109454,2.055809604169976,1
6.517075269603772,179.05763812828212,12183.347929751268,5.219779017720253,310.9634835789868,409.18293674085965,17.271307775075236,85.90720033150706,4.521375895033684,1
,179.15482150119155,34115.934895194296,5.555778332033039,444.3993740268281,497.6033330936899,18.71102409471141,59.60300844016439,4.0991605937732265,0
7.241951509466559,171.24353845534762,39877.5140991152,5.816346266086072,350.9124045649277,459.3456198985401,13.268298185255142,54.402777142056664,3.4941389696691028,1
9.542942040877348,225.1785988740683,23303.743456837943,7.19340881158362,374.79096867310045,427.7647624025237,10.349685627434312,92.57858769328305,2.822500845659465,0
5.109819749710297,173.04390354703972,26490.755203426157,7.243059448629467,,418.9884571279593,10.371010424926363,79.58645787284064,2.3814689269084326,1
4.7466348274536205,217.564297817811,23783.049516284947,9.559666408367992,,449.79476258686515,8.195863959655238,60.388980731380265,4.010359811602998,0
7.341969737566061,183.79496516463374,26664.669359579202,7.728387165341778,355.96679080701944,384.0380589906253,12.7614817938049,73.31915574743732,5.256053053269363,0
7.1609114459510685,131.40032669956355,20965.73067340848,2.842046203998069,288.13165732697536,488.28676721484953,13.008223144906946,62.58494501054184,3.861925215183836,1
7.355613246348949,177.618073451181,21711.01104343282,7.534974340837271,349.00305314999366,334.9391110322636,16.886801776524706,55.192442789256084,3.688158398380595,1
,157.60092191174954,29955.93818019318,4.828974157255298,278.90424479452304,388.6360848806729,14.335986058854559,,3.9509930828532425,1
6.72510841513066,197.48472155467528,42581.85965728027,5.593765939113773,326.5578913157928,471.2795946339476,12.657012849225973,61.15279549551912,5.669779987288841,1
9.44888286737731,157.22939365102275,9737.467376161947,5.836772234672399,303.7249249491486,330.33041102470764,13.89604421640846,67.62155778561035,4.556485296789444,0
4.53456267422234,226.8160613114966,21103.80296363868,6.071925448850563,348.5864150978541,294.7594495830674,10.84099776890413,82.92565714067669,3.2418113036736966,1
5.7626897305994085,193.37542571159247,11663.139603008522,4.947263960576321,347.6195091647497,426.9879377281912,17.67409574918676,81.1434280194092,3.991921045043641,1
6.915824931363015,190.53064369233266,35973.871764907286,7.441501565454614,,284.7822519576362,11.678619487100526,57.499490537768686,4.229300790700854,1
4.467329790264873,217.93573349045573,16860.46847436062,4.890932389556284,345.67982404326716,316.9206967615286,10.506827489892185,74.26399132500505,3.146055684068501,1
6.800391496953007,228.06325999241437,9359.2828156337,7.683534819454758,,483.03793665768984,16.987189309801725,48.15128593736168,4.562126565427197,1
9.72173756350755,195.70915304181386,27610.077372493637,10.654414301757376,322.9692354710534,405.3392554803044,16.18048352968435,,3.332109138227404,0
7.1132095163905795,171.01293415081932,37309.204111403,5.019612686884179,371.90280899916075,525.7830552754801,8.57460139696967,68.80265404786189,2.791462301474745,0
7.446814440092707,138.0418790222332,27832.894362325846,6.670473719144029,378.010623573534,324.5169049654349,17.110055410890837,72.53188608304032,4.029384171995027,1
5.076338023375597,173.8126839886833,23809.8745227979,3.1329373672302974,286.28024405488827,414.29676980959874,11.825328364598672,61.58734386985632,3.905918429597523,1
,176.07606133021503,25601.670821225896,6.644522237107189,,454.1844235902511,13.041714013763425,100.1202732076973,3.9692029162818985,0
,199.89004905438674,34420.21939083227,8.135493101157744,,327.2889833469816,14.899036556466932,51.816970730703325,3.3735771982230256,0
6.574832996157588,185.02157054818167,14348.612506932026,8.258609985544481,,505.27699712165963,16.22172836146168,82.11970668346972,3.4824121580605882,0
9.117813634055992,218.98923612105096,21033.350838521877,7.242234693848873,,463.1630673374792,15.754536068215712,49.7071211861484,4.850188395087907,0
7.966728786552948,176.21511004061972,18044.64474448376,8.525036211119183,,291.82741765392154,14.115101324701131,74.56028874550242,4.3140467797005835,1
5.312781848470119,194.49448643387527,11773.581302441129,11.142766166789611,346.5087534317591,418.83970803042087,12.874430581288335,75.71628183193386,3.223738060269718,0
7.471942597706888,235.29950713231372,19134.70855153561,9.825441406151407,409.7621458186624,453.08302342442266,15.64445049570163,67.28950960187778,2.448456422352316,0
7.872172580109888,207.6092130348393,31727.219970598817,6.294416931532774,350.9822013872946,374.2016196454624,13.888136258390604,,3.2567552063524765,0
8.892836971248814,194.39596562928,26982.380600332,4.827255701382553,392.6586660743547,302.2873183367777,20.25572325970681,68.68356253225895,4.092693276284948,1
9.593059691643713,176.57806674917137,27663.771721933765,6.478280761813391,375.1472545328419,444.3950393631397,16.221013823000376,70.72022719490023,3.4770932596835356,0
,175.54935167601155,23298.471654074936,5.6237672303245905,,600.6026552418366,11.223494281281925,,3.41647283996208,1
5.7907365571755625,168.40183624293996,26602.89122152042,7.83312912562612,325.910969438751,390.61394510607545,12.699144160953214,52.285534183841214,3.510454857634083,1
5.08045120432576,178.5816942530583,14994.057541796674,5.2537142077013925,335.2195304908483,548.7160722714301,14.439516106730036,57.40531962963946,3.9132881010656955,1
6.7079084240199,221.21629277791308,19300.130899555075,7.004940556507259,,361.0900174252381,18.581117321883205,71.00702131338187,4.582009772107512,0
7.821509815369672,189.0743136399102,23697.69259215643,8.44406220616737,371.73434525142557,439.3103982215043,18.950757580161167,,3.9696730209223596,1
8.649861881376673,151.9894614787451,24447.507234715977,6.960900520948861,,484.24445094540795,12.968794075589981,64.7813360095189,4.018310876783768,0
6.959237872408389,254.5074063558057,24821.67961903229,5.624824160058481,,421.21000751619425,11.189670743088943,83.71829269618566,3.7946089161714003,1
6.571442438024798,206.89045548485296,20801.08739616965,8.976206210985394,279.40215588849924,397.8270048574189,10.766442807607518,20.768087974514984,3.5805016709193036,1
7.321295207675497,150.109700991127,18704.626487550624,4.151210107288953,243.17868250169226,480.57562627553716,15.11553918638423,56.72517959761182,4.667507879629546,1
5.752122786408263,181.84200727232172,49703.22853936374,6.602083811713609,341.0436282679439,574.7574024160584,21.905526063509903,38.20846591925479,4.549073612918473,0
10.40236656749469,200.0159442673984,29965.31767781684,7.054177163057491,343.7409984409546,446.1834352493346,16.06440148508439,47.05169005089215,5.565318335779519,0
4.523818966882287,252.41698802761778,25636.802563213885,7.145135680271418,345.51117778565595,380.18201653281733,9.004149536675936,105.30682428173256,4.446240152743617,0
7.373737520444202,159.9352623724484,19969.18495888236,7.405183768603369,294.0611911512606,406.55427914227243,11.876926418255735,76.0783604073556,3.581236828990179,1
10.297533888575128,228.46221885242352,18057.54613062473,8.084494915298999,361.7030446920699,625.5327719210591,12.214843991893337,81.79632048744013,3.264371978894052,1
7.090811752850397,242.38511371885065,20867.15583786363,7.064056246308346,363.44759260372643,432.7931931424475,11.559171658419654,65.09703026645555,4.713297303355061,1
6.777837934347624,175.69984644914814,24581.780213008886,6.538467914212984,281.79172563636234,373.84948488092823,12.99607143946773,78.67598968578031,3.3343102302381142,1
6.511661777731421,187.2453522118755,5525.359301394787,6.476008835437681,273.0566976959877,329.34561098988115,15.502696989976007,37.816986268322374,4.601594615487215,1
6.793177225997772,162.29615194635045,8252.78747568541,6.1538050327794,333.77454555648023,274.3206735738192,16.53735767045796,83.19966830243214,3.377267084763761,1
9.262829074735683,189.68019768127957,16429.542190821525,8.364318452436446,407.9956217730653,451.27488101224907,17.89373715493409,53.13492216170083,4.242343539354079,0
3.563139560986084,195.16692164360444,23830.40665115345,6.098485002427107,404.18334438186776,474.7981658600764,16.01511051678616,57.80331004330673,3.1433940524042376,0
9.518159585061158,218.05929193694834,19916.006660078692,8.457898352233027,,389.82901473521196,7.811762704511536,74.57334431995628,4.578310576379024,1
,232.2152325271523,34975.09943953915,7.150018549970596,303.54353786315323,420.68009081473826,10.780321815271352,71.52010855386024,3.007736108702786,1
,171.77260139524026,9015.590005452512,6.296417405167316,370.51302295601715,327.2932846552934,13.756708737996076,67.76915238300762,4.182906717015228,1
6.397501371725127,131.6843518882493,15425.864655599975,8.097083400875734,315.0405869516095,432.63327852735864,14.767496322590354,44.34510423507045,3.815684851302931,0
8.015799698935444,195.67147165739718,35343.12083730234,5.970622798937473,301.9898585409707,460.804451808235,17.13129477119041,68.01498516153417,4.049409021036483,1
4.538982280504841,206.0215139853689,23163.818976766754,8.128330784350577,,378.6380239275115,14.422939623277516,81.94188269935864,3.661273009353926,1
7.814854539070289,204.57085357108417,29772.894126272753,7.45610727148302,338.02067065555974,558.5123847559275,14.447841010288762,57.78435878510534,3.642977241050627,1
10.298652301026095,185.62898362190265,40000.59240934432,6.177806991234766,307.6908943987299,354.2350666723146,15.067109271990287,87.675681393606,4.0907293391276225,0
4.912553332697431,200.47184903695018,15930.417395318616,7.955243008228604,337.7741463200706,444.8005791368141,13.43587804463422,,3.1883320650899156,1
7.381632806500529,246.19782529862192,21143.245277066922,7.98361176658805,,490.4509976965262,14.567589812995555,66.5059448880033,3.1837427918999923,1
,208.9214194754873,19625.295649304586,8.948880977179734,,415.6434625979269,18.006504512528895,91.2416027260336,3.690331390282039,0
7.757160657846927,184.0936461858986,4875.1044186780855,8.646512279606688,,406.6573034969472,14.00225492502495,55.37494941252032,3.6599732910191745,0
7.110444966091046,179.92349577388367,19292.353898489524,7.896212952747527,378.8424852903834,306.40903772065826,14.179995874344021,83.45348512104107,3.185790758232588,1
6.060035814619548,190.78525447955622,29739.745464400483,5.338406297090154,355.39673491787516,531.59033968379,14.168832310220601,98.34987522074888,4.690887460473439,0
7.855716932945008,250.18600994499144,26754.28723864856,10.98876744131501,322.23770516759356,408.1592314412249,18.575631323648768,69.16749303519276,3.7091107336233486,1
9.948913494560921,190.34307267077864,27442.564106600625,4.90228638650654,357.08785660459966,465.31987364323254,10.612343488194545,57.8728651441381,3.793203481663033,0
6.776462971153595,195.71916195215914,18721.413217633904,8.619835815366049,,476.25926982885653,20.158053221758855,53.89708616826862,2.934527905743754,1
,180.51152978761436,16261.055459278014,7.801428430680351,336.7777938567688,371.1109158751252,10.386176061553652,87.50847174015973,5.585875966597453,1
5.02369599698485,232.50457279269182,33143.647206940084,5.264855051479839,366.69954067302706,405.925738201184,12.114530935005117,87.05691214531552,5.8631125685328325,0
5.559266160859366,260.8094489360049,17653.32978996253,6.923604516571971,205.6145393026346,529.7428635870899,16.74508367275771,89.84982160801518,3.3612891088446086,0
7.8311259818298,211.18615706530406,24592.768942901013,6.995570439733468,315.25596702215694,331.59808465485725,17.690348262017853,65.86867548638678,4.926347377311896,1
9.439744485372184,199.0915730764648,23446.301580948642,9.182820690980627,332.84208012975137,593.8683388018815,9.634418253735003,83.19171631390856,3.89838556068468,0
7.645425224569199,197.57941955476883,34831.25797724168,5.992968777557266,,361.68938149397155,10.663156832652145,65.60977865158019,5.220940282394223,1
6.582237731468185,117.97399278472469,30531.98725711512,6.7061268898495205,394.1331576423391,326.56139915431385,15.199659699351816,,4.232261807392302,0
7.078873334623133,220.8705604176848,10656.524116576906,3.4290100240664043,287.2280154056941,432.58321505204736,22.040028173498165,84.58918038311788,4.047814491638571,1
5.09185170298815,200.78139175794334,11600.946928411387,9.860925213135252,308.0515841364986,600.3687067239483,18.40512980510563,92.83602110254135,2.0205697590975062,0
8.041179368905034,210.45388662572464,27090.301263426467,5.428660176028288,254.42470493030405,267.44573308543795,13.458798765718708,49.88666008039825,3.2846873407271873,1
8.48290956909422,172.97712305852778,21449.940835320464,7.636519165497896,,410.49310963166306,6.272682552969247,49.58200702026717,3.9860061222684555,1
6.361176370795402,183.72905781923322,18022.884350376546,6.959775629039455,323.57866229314345,460.3817386946748,14.550237450934036,67.04690769584342,4.1249596771091035,1
6.332632985062393,182.85550008777568,30919.694194757394,6.965158472482323,315.6211038575196,424.6095896488416,15.479202420070092,81.87016084088938,3.0224297031288403,0
7.502746385146757,229.96096371632152,23657.84071400336,8.399581936095982,331.6061672986902,452.7569093696432,13.01327908301592,,3.401558207632503,1
,183.9163765724903,22474.066268957173,9.760594687279742,,363.8585662988368,11.464103591290769,70.07311462394657,4.40168867345564,1
6.974849142744942,264.84787139097017,28852.072024465506,7.517359998508347,348.16779217363785,373.4204804118258,14.806837011663795,56.84689188331322,2.891095630807981,1
10.41855764477476,210.53675633721443,18724.92052020771,8.155023267856231,443.4553641255345,409.8944816565935,11.161115448210989,77.73941483516853,4.074309184504361,1
6.687229135813865,154.42555413934036,35767.75852044507,7.639648628028724,352.5820244976843,330.57244473569966,20.477805067276876,53.4901912281965,4.9356037545614635,1
6.510239158286256,192.14339787787566,15104.039252347742,8.72769964981039,,418.27844503560385,19.300425279836933,,4.27066631070722,1
6.050408529040097,174.94292198349706,27774.418503255245,6.388592120411603,310.5286039317581,390.47160536546926,16.45769081057204,63.840084360969485,4.231679659669462,1
8.2632652346849,124.2187043923176,34586.75361408755,8.819117075977934,,383.9009481357835,14.576941983784938,51.23706632684073,2.394281869641344,0
6.791853564583216,248.9606045109414,9937.178091633343,8.874589787722867,271.57391458183207,447.7933282662219,12.094856873309116,67.43050347880705,3.328908034394041,1
6.047496869068933,219.48932678819375,19003.53147707549,8.830408473718997,335.4311754743015,274.74429975963227,14.211194421321116,35.04359177157846,5.572277430201011,1
9.180873411314089,213.9018566125294,32029.615479034517,6.076966369608368,366.23124895917334,403.37493784457354,19.706073517536083,57.35384982334208,3.502653704314173,0
9.337168777176682,201.80847235065428,32161.469823897834,6.854026537905239,,609.178531336993,17.155244933425237,,4.956291443446713,0
6.1253265304754585,150.92926234139264,20510.318823303696,7.498357842273087,,334.11061515116296,14.954221441757081,37.73300767526394,3.4935441063020996,1
4.112201477336621,180.46866845141724,15572.075088117901,4.954069569170171,396.57044795950713,525.7841501258703,17.33835504609474,24.79900571675445,3.753300008822619,0
8.681946766840706,224.04775187489835,30396.280173614854,9.639973928775904,274.69506765275133,426.3073076921643,16.08597129579054,,4.372157739375744,1
5.991438577041594,161.8058854207513,32392.12315442398,7.1006030770665625,,373.1589498862038,15.591678657025545,87.872940027996,4.048540552475328,0
8.337094702668802,113.12542488167324,11801.657902134672,7.56860606241546,286.0268014941254,315.15574107680106,17.525664387261983,65.15803917349905,4.267579711780843,1
3.9475349298381817,188.90275446416317,11457.488895082868,6.208332985231019,269.9752768567116,433.17909643435246,15.991361504369948,57.78470992496372,3.33165560131295,0
8.499229767895901,191.70901162357453,23989.268983940932,5.023533456200104,349.77748357521176,539.3535540919421,17.12180536604218,81.69260362308931,3.08370925221437,1
5.154236632443558,200.82732513171564,27532.68276946558,6.165632780949862,318.83961959137866,390.4339552451975,14.814191134290224,59.85600413764979,3.279020140775409,0
8.241914949315774,220.32369299875796,19391.6817913243,7.46634261646107,,415.34669765277397,13.438843525240756,70.74371353984372,3.5547918496593542,1
7.10269417785993,217.33447910616215,27970.525411082628,8.184017524150835,381.53453361029506,503.5481721123826,12.465580870708107,66.8167215779384,3.7911605219952196,0
5.563236323159335,204.87835119642014,15787.207453383937,7.375630634152298,305.14491005063775,449.4391773566064,12.071205205891125,58.779229372216825,4.77907479689906,0
,235.679072040291,3471.251147970015,7.667823945662282,365.8842034345044,294.81867148265957,8.966885835518527,71.15928040132574,4.038126335699538,1
8.171246346561155,146.42627360685822,18297.083774176568,6.587498328003425,396.37899034299664,429.88206478541593,11.26147877605339,78.91136656257794,4.347985739956696,1
7.248372180453223,212.9606500600166,22568.545502950383,7.904072734667777,314.90645933227415,544.1088254799936,11.16577481708298,63.40821093666514,4.080448789812503,1
,216.9705813865187,19595.36800285073,9.462875928889734,,418.9044133096968,12.60068740129284,58.948210826358334,3.0999612822475546,1
10.222540529379621,155.61319203368174,11854.796180373349,8.233567319053599,323.7639020630496,200.3228243096384,19.451028337212744,60.858149238568856,3.9834702302844063,1
4.592855837379428,146.95561438652305,6093.444859578278,8.399076183439647,372.05614449658543,453.2655356203905,13.758469927116996,29.219775219526866,4.072010045949399,0
9.651367994200111,171.84342288148224,17506.266332683783,7.5845459109044775,,405.850750556051,15.080248405517064,70.9799034625142,4.56274011264622,1
7.245925940661909,174.6185173700972,29885.24746961479,4.7450149900326295,265.62288280690814,274.0625894668873,15.184688023334479,46.836579344165244,3.1365013056780975,0
,221.14243195995994,33029.14518131963,5.469426881602636,317.57369124852966,286.17640216185316,19.534892821508233,76.58884895624419,2.3784795251842787,0
4.9648013350750055,176.1639647922368,32428.637948754935,7.838703765048873,296.96073440874426,500.6981593206015,12.374812147772085,64.93693805107375,4.107485775832988,1
6.779298578664517,168.21326071891403,14859.730127382452,7.102716297903065,,362.6988265010056,13.543451914345816,68.10085934186253,4.246003001238937,1
8.54542367795989,176.2594827374829,11897.7353418045,7.814951760627069,324.68720895503947,348.5461425089171,13.928480079427452,77.73132598040836,3.830079851072703,1
,233.1506311469905,26368.865385874262,9.768749000193637,363.6029604886575,419.00969150550253,18.04193037261448,51.40884546060368,3.991856302566897,0
9.482736339093282,196.7988661495142,27583.00890869722,8.267136878782347,316.894698835799,369.82551367578253,18.728989846327245,72.37443981341849,4.655442455294588,0
4.772630652818021,190.47622628626473,25523.005195072925,9.109040205073658,,429.97593009699733,15.850872443186956,70.73010863046392,3.612131650308543,0
7.060778572924773,192.75301920270942,4353.635195416977,7.269596595363754,319.2203159346464,405.5061672209283,18.36093002814482,63.41024612783961,3.7526601431163082,1
5.08869442338314,238.85294379265608,14412.751835528381,5.844599229574586,,324.9063572168318,14.868057898312355,51.38194727164596,4.031648426798789,1
7.658174693373699,171.7372336292854,21753.761764162078,7.028571468441341,295.09349210456236,380.57499392026887,13.708683250388317,76.03095673041256,3.018544550247913,1
8.490150950254709,239.62391260611062,26286.296844890523,5.848492134323762,266.9688435816419,457.6733234282018,18.181576726598408,,3.8515201644627517,1
6.410988748047125,203.29111830853904,28742.278320495287,9.582106031700468,336.65778357387705,425.2778160120857,15.89401450502387,68.23808078032216,3.9202802124793195,1
2.9392999679628566,191.09541072065056,23278.987107876626,8.368817900926043,310.22420963275,415.26740857309215,11.845393495845904,49.08250691373705,5.246892927169814,0
7.396327553406427,278.59960837207916,24914.59096249698,7.942409744672682,373.8032653791001,578.4693943721178,17.5814633051916,57.86587464726615,3.737469787049801,1
,161.66057357542215,22758.238712221428,9.072790259520403,273.8288538669186,480.97245280165896,13.589889391322874,65.42381655124333,4.1260087671566845,1
7.7228286603891,184.74081222543685,28025.991476190964,3.928310865053304,311.3268991499168,490.78430302286085,13.184974139782883,77.53984181871027,4.686521732204,0
9.044893684997225,155.8476608562877,24757.47436569366,8.049257963121402,408.87061707968536,408.47643328201417,17.235844458741045,40.77914148998978,3.3167619142578664,0
5.377024649358012,227.68694959122925,22590.515273760844,5.049179660799091,294.8613738018071,439.68213428419006,13.985965613803337,57.27765994755519,5.04307750176341,1
8.161543607666214,251.9105321384672,19660.879398947938,7.108535996424256,323.9827926981785,387.0484988465335,15.567452754293358,59.88475798013517,5.345818781004677,0
8.976086944839981,251.27706105258454,22726.899550884747,6.627502003901801,283.4197422313732,484.73157204966003,16.471020023274345,65.05347484525899,3.9474608956340336,1
4.252045741429638,236.61343500344066,26263.2634267487,8.165543847113177,277.92813242061175,412.9674797507153,11.688458407608406,45.34455690447798,3.549247672061684,1
,189.87223901886864,24359.466670829872,7.48053591655831,397.8696209194916,439.8625696685676,15.553855369098088,62.88031964591947,5.239153151024503,1
,184.36087666013384,25353.39310710964,9.245285134306625,340.8644557850306,434.87060544018067,18.746755978415976,61.3763759294223,4.590592080759156,0
6.950378949768383,141.42193788039515,33787.84063178817,6.1690024857264705,339.31697747980235,420.42175264481114,11.11409375422189,49.61176351929736,4.033935979637793,1
7.632805608825955,263.3095218367773,24339.198418078046,8.24040073562059,263.518581541486,659.3543595875293,15.769198422031364,64.4912844881507,5.082938179300248,0
6.305306583059452,211.78999920952162,16323.301043334684,7.376312682700155,348.6390682954459,368.01382999287654,11.534461798539247,57.64388401401059,5.00037390706847,1
6.005624154133037,180.1944569678914,29762.05795546489,4.536241373286947,381.72041700306426,367.2789941325745,17.660826333511718,74.41858378580707,3.7077195759125865,0
7.13430234380596,240.0365105098915,10034.48424226646,5.668585995533609,381.39133985951764,477.9868990773262,17.629407482211743,52.07540006294981,4.1640092855733375,1
5.351278957208144,164.38550268893118,12531.641072050908,6.883192707034974,361.46236237028717,373.788441494744,13.107193053775482,67.8535160960384,4.419898140582246,1
5.353538045072555,209.73973248524152,24958.990250006456,8.87742207082893,286.9967073759983,398.33853787578244,21.593870838751755,53.32026861363045,3.992409423312524,0
8.16020351990084,190.69395406451736,26542.15032925336,7.852682430940241,346.7495719401337,334.08626674979894,17.942929773244412,56.69597642659042,2.8851209390946613,1
5.253417484097737,217.3697043592643,11096.771193119575,5.275348698268472,361.4313690629411,461.61771104611705,16.619934940800718,71.21017853627347,3.238157587115368,1
8.139436876445647,194.27970203156033,18657.328120744012,6.8983003596854875,259.4541467056177,462.64407049920914,16.43352206611131,70.19773291738608,2.9105550273410232,1
,148.66349094026293,16699.601491313668,10.308134189092987,,396.4161777169872,17.5367980694726,59.65258108588213,4.3544809563587235,1
4.335967301222951,198.85495113339084,17746.634595470117,7.295732869048556,,479.66148476295945,10.98442363202183,,3.0462051926434794,1
,230.8566529848619,30288.093153093665,6.602825591385615,370.06581606975124,271.7163363900511,14.92415115090599,42.8806477181279,4.120086095237596,1
8.978633950845323,195.40936457552098,28209.132612496534,7.896948632394828,269.6376907474019,364.76210808961076,15.548360175598953,89.09672654519574,5.398884984494623,0
5.519946805487907,221.85578519784914,21846.415827400175,8.326161065739512,366.70978884292913,408.15228217043256,12.955549630468525,77.5230445176665,5.083660744231475,0
6.3415972229280735,161.99299051103714,17226.784624757856,6.399254010981506,337.72746679294283,327.1461286003033,15.818472341859525,76.94042946309452,2.536815015391497,1
7.814676820270515,195.50654511728726,10179.592391197782,7.914068143506871,366.1293908998282,280.5590123158189,18.35690813443656,40.592378729648445,2.9726128527986155,1
,175.83609623668758,34467.08104865524,6.6003545952601215,307.4981267833661,397.0058481055927,12.883944319494848,56.76497192152335,3.3643171891397103,1
6.680053171189252,220.93073002264288,27206.08218262133,8.256537610890513,,477.98070343624914,14.099855565770978,60.98704525201579,3.058161522408893,1
6.1299587904402895,197.40544256717442,15817.612494097382,7.388115189594629,368.73138783919455,525.5100001950907,11.563862670723443,35.15542505888969,2.680024785689048,0
9.341568080100627,219.0596224779478,28323.948566888695,7.8815091667435695,319.2277069734244,377.65819327934173,8.365066377526276,80.79939255451109,3.9615445350143124,0
9.844850465438151,232.13391881207065,21398.329267337955,5.920489997055343,334.5153104624975,481.1485039965772,16.85826551752289,89.92385102470885,4.5199784285449205,0
8.636384300743055,219.11041874999125,19496.550208949207,5.822367513164883,,473.33532751727546,14.19482113908209,99.76210758813848,4.714146550203853,1
7.215655846678389,205.35013411957502,25830.27275061436,8.613885741361845,402.1908852545691,520.377912649714,14.437487870775726,49.47759967076303,3.599908586819829,0
5.7948575025909275,163.54878094014498,15512.210690762779,6.99455371741092,328.7983362731267,393.5875609267896,11.013779323845625,68.29829417877856,3.757915113753839,1
,196.2783926812723,18999.836895719236,7.570354892516991,,276.5351899791747,13.665983318890207,87.80319959485382,4.247428251197309,1
7.910797427372555,178.84198758171942,23079.12984370821,6.635895225203299,,427.56242059280623,17.909725442192826,62.296453010638295,3.8853812617654637,1
7.745253171213007,185.05717710356504,17634.617253602504,8.539988302941557,339.0308382993063,339.955189854827,14.282718624740012,57.226135554025475,4.602273285354726,1
9.308541762784824,184.05531712333175,27881.010502195502,6.159660231553141,,363.4163170856085,14.376598239163416,36.207834042050145,4.305684593010921,1
,164.1500471011598,38403.13047215808,6.9057500409566055,278.4500520738654,397.5454687776218,14.966918599727927,84.7258313667469,3.6764825496590574,0
4.690102320201889,132.0127071892744,15399.974023364986,8.361868644070949,410.3100773218762,394.49786883436224,10.187575154974631,66.08836096673296,2.5218236769103144,1
8.752596712179441,174.40145657098304,7413.3222805872465,8.97328896467954,,433.3308199505181,16.348486736178803,54.59924872197766,5.139244652275956,0
5.493083602570083,202.72831637926635,4461.691219672677,6.29246032017784,353.100606400393,478.7190934930335,10.1252942396286,70.99281094943096,3.4348558142334293,0
6.469485677595761,152.04193874634413,20694.699568531345,10.216300691490295,329.75440909483325,392.16961015963636,11.169872425966421,68.8756269380308,4.248895743669603,1
7.477818327940194,196.885631935187,16199.084869957258,7.614921876035914,334.5777064276836,453.87027248405894,10.807099114586284,69.1224322760973,2.475058498399104,1
10.253111308756504,258.8508257913445,23836.729353841773,5.472173346342195,327.63811242704696,423.08742992258345,13.700005360452893,62.8873533515544,3.9611730649590724,1
12.024770504048524,230.00809953669363,23176.781968997908,7.70310223677215,375.93710903746944,497.49665707489595,13.113381551289692,92.64975500879126,4.048204329472515,0
8.044689664026532,250.409644819883,7956.170855285036,6.514861241116137,333.4515979076814,406.64800659358747,14.275945123199676,64.23738551581401,4.085909616587177,0
6.788717376234583,209.23028459354805,6100.154099324229,7.80582820974942,365.55122004996804,415.5111460639004,11.283602111139972,92.60063119491107,6.320758760520038,1
7.929863981084075,234.75772297979435,24609.00133330156,7.052287128696666,,391.63095579272834,17.60818951021411,75.5274118691552,3.4777276684411227,1
8.4913721271394,172.56603966221914,23201.607217260374,7.237352430500429,,408.77707300055437,17.040631252484154,72.08193290988481,4.610118097026221,1
6.5701384753640655,175.18409202031717,18280.27507406301,5.679682464993889,300.48161934160316,358.56848946708647,13.704677272328405,64.56721449195945,4.378121312723314,1
9.934386055900593,106.3070700221999,7483.3104737164285,8.68429674453185,,350.55848733388126,12.696606168093926,82.158619301573,3.440661585719283,1
7.445812507114329,235.3704631865108,26147.517284943213,5.29331875990137,299.2461892894142,484.5873584385498,12.36232669702739,68.22820679941196,4.598422134481125,1
7.871411511655317,247.01585245647786,33166.830197018026,5.368151465260108,320.3193514186958,334.3456399650205,13.25342006651465,51.31811693946307,3.841829669193974,1
8.138819560766594,178.18153217298178,24451.598485830436,7.700429351653029,320.73433971612445,396.09887599061545,9.645188292833605,50.778336349651795,4.652689709709841,1
7.7503227108769845,188.0200678936589,14582.95586740789,9.652493910541192,319.1193335225525,503.9500039864219,11.103699796578807,73.23580118289652,5.499550846268938,0
8.413915395746683,171.5830137018412,22404.74878246223,6.562902906638237,363.7057747703264,393.38472174780844,17.12699849747024,51.7186096380061,4.087623134694598,1
6.098567433390392,208.95164877257992,10035.22305334732,8.227536269872266,320.6640353846082,488.86880346686814,15.278999328911125,65.39310149818496,3.750722321326608,0
6.192300211225811,233.35778208957055,31290.89257654542,8.815877479444401,391.5163540550112,374.12168485085664,19.689448548582316,83.50524583375666,4.790213823372122,0
5.330754769575005,139.06765749879136,22731.74777642568,8.40720141092463,299.87876193248843,336.9349573347773,13.289664052939546,71.31823747833033,5.059389469428787,1
,209.83233888751727,6509.882348307965,6.628290903105583,340.7956148050269,292.99617440691566,13.083391218276269,54.71585779808087,3.2810591192742016,1
8.318509040584262,187.2730321458745,19377.60582324434,5.396146186833362,301.6469443226721,527.9843592786165,12.929854559760525,89.21359793794915,3.6166934701603015,1
7.807858857181499,200.09840760786474,26076.58172359457,3.632074846239259,351.21669265245333,330.00807110030655,13.223565560547861,75.26462133457427,4.496830152036185,1
9.742442969022584,211.4617227750507,19093.738622142664,6.704712010849419,333.11936230862216,482.27762021391004,12.09555221648476,82.86789053296218,3.867015031876519,1
7.071102330061816,190.18190381314963,19594.879053851335,8.981378042328236,,341.07428129455883,15.176970990614631,29.710906006873493,3.2256210298703065,1
,192.96406426001795,11277.833539351504,5.343817744076144,383.0066331125759,528.3609682478964,14.37633446226124,71.75319957029124,4.391741965758408,1
5.34419560693849,189.33778449080347,26981.844303094596,8.22633155907965,306.67715970089756,600.2421798033924,12.592182998915318,80.02611379262667,4.493761978251283,0
6.464511473065702,228.2739967147987,16327.942426788191,5.618759002518042,358.0734578285375,285.584640575827,18.421302902092567,93.91067023238152,3.7091791104003593,0
8.185905034529586,210.1388274889921,3105.147760554981,7.287594670691204,,334.21998499128466,20.557689473429676,42.71541530843615,4.017852036958365,1
8.430072356081599,203.6227867208044,18758.693757260706,8.238310750364928,338.4474209906426,484.37451723257664,18.141370550447956,85.91493405316754,3.5202730062220273,1
6.6125925532139505,154.58110741048574,30617.36996145873,6.077997209795284,284.2592699049849,463.3541290664251,16.127390483306037,93.00607302264615,3.1157148077886614,0
6.966157189545674,183.9222980431515,18621.2720624271,7.389365795501124,306.3385397999748,484.68082430171864,16.801457793933093,33.76026434762612,3.5822896068300145,1
,225.91824199195204,37253.73300100455,6.464155687973981,330.3776350523719,375.5190764163183,20.42473536400517,74.14360415769244,4.027667233137207,1
,197.6094633243146,25775.52548460407,8.23413488112232,408.9427685105219,582.5225108939085,16.796656935163693,76.39310477603256,2.8194304072539493,0
,218.05539472009087,24984.51465902675,7.491801126205727,337.95529631444384,431.4307578978676,12.343034827896368,61.10901601829217,3.639269913623316,1
7.9945759756094406,254.4529079947726,20888.220817422833,7.209282125598243,402.31636164319895,323.5350845395067,15.578422063213313,58.470271636127435,4.038507501862337,1
7.876058496996124,230.5193675555859,21415.317607184275,9.582192937024324,342.9057907418378,401.43053822652917,16.35286852066958,77.20587631699698,4.901834729897397,0
7.159140162617726,199.43304614356754,19704.24141580017,8.166443704941917,317.746970593848,324.61772344678576,10.987485822941105,56.44959522981598,3.726177963255586,1
7.091230422218801,179.5686760839645,19363.61967666692,6.029244051520463,397.54014716612073,550.4698805983428,13.33687899029108,62.88490586619518,2.998196166914807,1
,112.40928928168206,26669.03587128714,6.9843350367395365,351.881269906281,368.52202734049456,17.922296937623592,79.54519669533106,3.8064651900957713,1
8.191137188122031,190.8335037490926,13808.18835339534,7.000079919574136,,461.6925152370603,8.244239046985868,94.78041655428866,3.5280759428097297,1
7.74934698157913,185.650709137542,12580.03965026332,7.2469049247478345,353.2710698483603,383.8501964225402,10.141081515915634,75.10458552972986,4.400699272944744,1
7.862309968308551,209.20524047171995,12165.27557274569,11.108724657039842,,372.1543976249937,13.696092652490234,,3.7064338454374615,1
6.243604600158547,191.30959613707228,39951.55509712546,7.705945990483375,,267.5032570688655,15.450679461123881,58.04468869818874,1.855758035168169,1
3.6561847574047213,185.8357392457182,26664.438857301597,3.903273939234454,372.5480082567818,470.23447141369763,9.786236607219116,,6.74,1
8.824472811688377,137.8633631649226,24684.051184886466,6.262377624687195,379.13216858468866,526.8898288374907,13.860327576985734,84.35297594748536,4.081043367440925,1
6.318648444946637,165.46385777754583,12741.198587505125,4.066852101756623,409.90755888228,347.86150007406843,18.098973864383154,63.917181408767014,4.039569378040692,1
,212.04228622152235,27479.91059742828,6.598918753867573,351.26519173072774,297.00458292580737,14.507236322915878,85.01837898410767,2.7677002218423152,0
8.18263146994325,252.789042911643,20991.925988629737,3.980049837032243,323.47787577450146,486.8140025740713,17.388384403419042,61.06785061403343,2.8276359725499427,0
6.456699902528584,193.1633653824439,23892.045352139627,5.742887055711884,,288.8407741652328,12.320102258381139,55.89450945917884,3.898279813015035,1
8.765298850634128,207.14842809911718,13450.526396928299,4.71725998317809,368.9795595315091,520.4526518833383,11.599175204027809,73.20852602122922,4.23221363920308,0
8.061039459826949,227.68748180060825,23419.418695086042,7.726973081188614,401.63760660551054,348.79678616280756,17.089772378243506,65.16164850263729,4.517649028557867,0
8.16687522388876,169.70780737773578,18297.675951888777,7.120852192953628,331.93152385258793,332.7218805249137,15.502268919711987,46.894547177398266,4.155201372708244,1
4.908130419191151,208.43084574322535,15300.774976799807,7.598680445847995,326.92171895625023,441.97073287583095,10.355677214266539,95.8050195758703,3.044965081528855,1
9.006990936764376,172.02268530379862,28451.152792969366,6.954808806061728,,337.98758298537564,11.629216567501167,56.25540254037491,2.016516044917562,0
7.495388344661832,224.80542753758445,8530.591441358078,4.91700955467702,356.0416796321578,364.74128240988284,19.458763907900043,81.40843081259878,3.8918265674850003,1
6.492849348598537,201.34813221665297,26966.370207977132,7.931363763422482,269.6510017018788,450.4988197984707,11.219722223556563,,3.5534997569248805,1
7.307987663074179,206.18309564370975,28016.054576088794,10.157114805225735,365.9255389839674,225.56914091019166,17.37262815166305,46.02189246368572,2.985194055192418,0
4.255785979691671,170.6381581168768,14300.872855871658,7.766555874198344,358.128130747681,554.6303234559269,12.697202032156454,50.18136791010529,4.6158854148023885,1
7.7297579702542665,219.6172239840026,14820.982465567682,6.4470391330782455,358.01360778582574,425.41699550588095,14.269487914100795,61.52157888365194,2.7410501356396093,1
5.443299301990506,264.9153608500758,20058.473702017865,4.863653861753397,339.5052892959062,317.39248687754684,15.255101575322561,52.39383890872284,4.451235694776135,1
,163.2298634543206,24487.144253972714,5.685254186199255,397.27595901273753,339.67622925423746,7.325752193246328,94.33406409699718,2.8700923794863646,1
,185.19872382854942,20673.770304427537,7.835802657383853,369.89796933798067,502.034860291038,9.43840561973564,63.16115819660009,4.0745891747549985,1
8.849174516233981,203.98525375064688,25815.812781564706,8.815526482343012,308.6348627332185,470.467098212689,14.565762292185507,80.79613951273163,4.698499971174526,0
6.079471204028466,222.22703625042246,37472.90049184986,7.532168556060722,309.37620376152347,533.9696127217908,11.882541963875356,74.71065295402332,3.7064120138302266,0
9.518627058767233,177.97211813968227,17562.139969536893,8.383821917735453,297.3439106483657,366.7107232829217,17.578684087359,70.671883224761,5.288137470915321,1
6.228075673746846,103.2199640601067,6974.414364289109,8.238131625563044,356.6141556435648,445.8599057185279,8.963739884326507,67.05239718976654,5.465951333962933,1
4.365300847427214,241.06015056811316,29256.258752455095,7.92032433838975,,456.3652186303568,16.150994236213936,86.41677485202112,4.154996500015331,0
5.304726140481632,221.3754412119266,36774.35169104086,6.0796117194872155,378.65410258722244,478.08151937038576,9.72470776046168,53.049995691439435,4.392280589060413,0
9.044940475811032,139.06188519759846,25458.1068851992,7.394799148920741,388.57755443167235,512.9968603957798,13.11453246938194,94.33210532318756,4.7973529157268855,0
6.8321218970806985,176.3931381262882,12476.089597754088,5.779563069866222,297.37114614007226,363.9207311296598,10.756909600372339,45.57272893944375,4.394652570538682,1
6.208223198579945,247.9318382828585,20927.731140506716,7.147537745673801,,412.6627589595979,20.577042904359665,79.04485972057083,4.3110497097268645,1
7.334428979105932,243.97354623889464,12206.238532046407,7.642764379085721,334.46844104803114,372.5776975622127,9.84628094056918,43.66444874617432,3.561225865834652,1
7.877834550506397,227.2324839456837,27651.013398698684,9.77247841567123,370.3945825066536,417.6379083953377,13.875982408328532,61.2918841649678,2.653862183361385,1
8.856664117284913,190.57942317139972,10165.205513610588,5.050623480499141,400.43900261776105,478.3373374463296,8.564172350053298,67.90975479782645,2.885725577665408,1
9.383113775529752,199.09862633055533,19382.389723681852,7.880782056966263,,288.21085086893004,19.574577104053652,58.52526925593847,5.8282465398339856,0
6.507967853195353,192.06515952745298,13207.48346649404,9.46035381476528,,511.5494102436994,15.608244797546549,63.46058636359871,4.221517987087901,1
4.971584179129559,233.46652407387938,23126.161129333872,8.3189794700253,,329.82130071700374,14.73338092657159,43.958818152479765,3.7783668845147615,0
6.422590393813991,167.57230167444078,18801.797360100172,8.436053799663565,275.76425461059915,397.0483307620697,19.15997582905561,50.42305141605294,4.95539526211197,0
7.493846005466789,169.87530734740736,23564.040875697166,8.048557944951144,313.68674300042574,522.4253863757622,14.767968281108846,74.46192296242938,3.3854227811677733,1
,229.5878284151682,22210.072405761424,9.171368493845158,351.49818967500227,448.3997454074188,15.006781188826963,66.88009012813507,4.424824448582287,0
,194.91139534277985,13362.501249269199,5.401784494382459,322.2371198443855,449.330810418669,14.716010703495652,55.227256542208025,4.03020978617683,0
,241.6940066473212,27510.905412948676,4.93023586776701,269.8017911962809,326.47180301924914,16.145629617216724,87.82681420743809,4.3288214508608105,0
,174.29067863447966,21586.484968218014,7.109992058064896,452.82450535157056,337.50697466671716,12.65001901922062,46.66151803815831,3.707600301950792,1
7.132147222704423,194.56888751205943,13346.104197497301,3.7053638763566985,344.8050871767571,497.962341978782,13.570709012627368,60.54946626231947,3.2175384403135032,1
,166.04106105833083,41663.81137294942,9.064420370601258,338.4063708690185,374.2754186539516,16.962207620194146,58.21848141907233,3.3281605629510795,0
6.7136628644128304,196.6120849652069,26191.70126697078,9.048730008882798,,381.89122239990616,15.198104469656588,76.3513088171737,3.358570322236968,1
5.610469300613396,147.7553767114795,20670.21410927945,6.435306122966448,344.5784492288502,499.7965401102418,13.901852644321963,67.1792885225998,3.967683156388719,1
8.49541547368841,180.33661311900082,34423.409956701806,6.534182457276395,,337.0359872632348,9.644270885688343,64.64988631107023,2.7562145592303247,1
,149.1459729211635,38164.17909799912,7.0056909892619394,255.55736024532786,443.64958343986734,19.23854644181613,36.56057373142808,2.9970056802827676,1
4.144561299041431,219.18619590732857,20739.583415981135,7.2021926276946,289.45001967460286,425.3577701008728,12.090586896062948,80.39625789662728,4.075708952072778,1
5.6020777322940685,219.93145749129735,25060.269177627262,7.320934792326971,366.70583565205476,421.67293963573275,17.54775525916774,62.8755783160225,3.8704134653571467,0
4.700518484406775,139.47896142167474,13350.718130143952,8.00200672886772,,379.9900322316601,14.861744587087562,,4.118380596720225,1
6.046461944293032,240.22816331205883,20723.420061398137,6.847250362246605,348.9879910768829,375.0261042341338,9.99867876976413,54.28824709888107,3.9348660432201754,1
6.947333628033326,278.4850093566848,20268.596062977816,8.610245419494914,,334.736608282099,18.425031830626335,51.74369061761977,5.934781161372807,0
4.775064100679337,197.8826899958909,23634.758782203826,7.82459748785798,327.3286151184834,460.8989874046584,15.122529539582475,90.65847593213662,4.0688559785128815,0
5.614242897130752,175.29016312381367,24931.92355016213,6.160997755521236,330.1952580246094,367.8901823416174,18.699993130799612,37.708999803714164,3.674317873399925,1
5.483707778390418,289.23398983218016,26922.98494154026,9.229478015130475,378.9683513239982,500.18394028273724,13.676227200564108,49.343059730474764,4.048882792581978,0
,153.00231577581346,24097.876266752133,4.973953961926471,402.6522353178136,403.7414615386434,16.61040957119095,90.35436303018572,4.765564933158058,1
7.190257495887638,197.03110063065597,11397.608526418308,6.974378018902067,387.671425043346,336.3460314449917,8.446035261448003,76.76727644455822,3.9312898562855776,1
5.932437290193767,202.27598032413763,13785.075490611895,8.64772949369924,289.6112414175608,402.6698820447646,12.624285491504663,61.13401623640765,4.504088119736272,1
7.361145186701643,240.5984537604754,17222.87654019942,5.977544494238812,,388.6845211657901,10.066392070314489,86.5699283651904,4.2789158522337285,1
6.210778665506248,208.1982175021688,19539.243612879734,7.6090979218921,345.27507243100814,503.4457377358612,13.039465456372923,73.63019668328742,3.7434758500627376,1
6.648068374581575,179.97491750647572,31227.877920205057,7.978476563258496,,392.06740470469117,15.841696857765339,70.16444028814611,4.056483123127923,1
,165.095057901644,11816.778088051153,5.760372288589642,,399.56667699138967,12.278839909864777,70.04959343671712,5.2171592490698195,0
,185.13089855030705,18880.071131061846,7.005485203041425,367.7682915393278,535.9712047378986,17.13931732994437,73.92755435453051,4.159601070129613,0
5.01366583328512,163.26222837212367,30370.62049575477,6.872723948269448,,462.96816492066785,11.444612149849462,74.58210467099279,3.2009036011465652,1
8.399274544427888,197.94249651452037,19384.59337345324,6.248254194104978,403.60874170501546,556.2699002134026,17.210133191181427,101.93084399585658,3.7207818668363575,0
8.370120521641631,177.8192296061872,26051.276854742293,10.756646266240224,,523.6460172284447,18.61529621904306,63.24663430713617,2.3208871452084123,1
5.254261370883337,147.246037356633,20790.505828643672,5.914291961556149,277.2817463123556,350.1895196085141,17.63477150715116,63.74571649576207,4.077170991267247,1
8.38185645357023,237.63919352176686,24265.711966679846,8.707789864627255,348.6180768840786,501.89782805261666,13.140734238443452,46.38706822510586,4.993408628150595,1
9.525311750275959,180.0065274296532,20010.712506527976,6.499374393327796,411.8074529116745,545.1650120654684,7.244748590804886,65.56030028123594,2.923703500855594,1
5.295153758071382,154.67366185241173,27863.300292201664,5.403114821561255,,545.7719573543787,16.20697275920062,96.54151003463517,4.086791532916278,0
5.6211705145873205,190.83763965804962,8466.154737708155,7.282446504185009,,501.7479173926679,13.865473094292343,82.32896733939275,4.738636808578043,1
8.69808173228117,198.61805708901662,18828.363222604457,8.145567547332252,362.59779072421685,500.08520844855957,11.04151936817846,,4.821088133893258,0
,138.94617406296138,24614.60827568141,8.574405128603772,341.7095296010137,397.42893445014204,12.43871629527894,66.88606927795439,4.968244914375148,1
7.9568472776308425,207.27457529509508,26693.834140809664,9.58837887483501,334.06682194563064,354.21277994286737,19.027947797432294,45.42362708303479,2.5127620115505076,1
7.62153685407679,161.9394591414641,35105.14957930053,11.773489138097458,295.53156229901987,393.42379628670756,10.515403935980387,50.71964900925341,4.363846144597212,0
7.701206514275749,252.6286272461931,18585.362836862514,7.515812441933844,,287.3417529042041,15.83010337130621,68.81795784928995,2.795659155626208,1
4.970909315985378,213.59782163708303,34987.029392600394,6.072314365355887,287.72714372997586,530.4147173923822,15.001441561359806,58.39972452636508,3.1913009334734728,1
8.745235153528103,183.22128832520568,16235.393444266814,7.835541436335928,317.6136021437934,398.9942630198605,13.0970468299647,49.498375407857196,4.610475362494635,1
8.93964808796016,171.8688837119655,33664.41906487802,6.699383538357743,379.23524771304847,526.2553495230301,16.413403195006186,74.3256235734591,4.093276755044261,0
6.715268716931836,192.91866177530804,29182.107723153546,8.583026485166524,329.508435657406,322.3602041689503,19.682731806955246,65.06919359794922,4.536542137906712,0
7.010871649795959,216.51855958325856,14004.36450239428,5.07048041174216,312.28195472241026,509.3877461153986,13.300334322136683,41.03703498603899,3.2452890482546755,1
,195.53175305211863,24706.38504458921,10.861968576992691,,381.89374520594737,13.475071061864794,32.82412208740519,5.119410425927044,0
,189.22981842134016,21564.82498962749,8.47255598974531,,318.0872644204525,16.339034835517563,57.17721395306857,4.50690046839602,0
7.9895713323254895,198.2892151620924,27499.5723005608,4.45927365188206,390.0431538335556,553.3936809755517,17.319383738949853,40.70186997911608,4.663652533048898,1
,176.51511834092892,20056.317447811336,5.999734334342344,377.82750759975016,511.3829291161214,13.857289144338017,36.161013443304824,3.1274699146301943,1
8.867721842194099,185.08538912540092,19319.97996304931,8.409408049700023,358.88672056399577,439.0070633994151,13.269212933530024,84.66672167868575,4.8836929673658425,0
,127.78914460880347,34019.09168557686,8.9786236087509,272.6601200448186,424.6328598766077,6.9395900164175925,64.81903780197956,3.723393970220486,1
7.977723422170825,228.38611847042586,21148.44892650282,5.109864548973498,319.21365286141094,457.4111997209611,11.704790500066707,62.10507760031137,3.493243509286595,1
5.458733701479536,206.19447101697955,29260.631999238198,8.24658084368406,414.43734116061034,437.61988166728514,10.508878365456408,63.35159389468089,4.4578615612356165,1
7.042552080109961,170.9387718481808,20038.079728785982,4.043203001194161,,357.85825738386166,16.54610873779236,47.989875800169756,4.424905184334593,1
6.802776729934491,258.80040618696023,36628.343454964684,6.978849332555748,270.0966167007177,388.5879355559826,13.472681240131212,73.04959434992925,3.3094812987492768,1
7.438239596045097,199.23110187530168,16066.065319247673,8.877034010523067,331.47744052908615,580.3552151853679,13.343198485666147,64.2852687134675,5.573914787950166,1
6.49245218315496,162.30159935345552,16628.929456211874,6.248605146437291,348.8195370808202,637.853707939196,14.250023767407932,54.145127946253126,5.385193449584024,0
6.870958572882048,224.53952641794868,35381.92561881748,4.739062767361938,,548.1848685927438,11.399715883884927,56.56856788438551,4.4419274098331805,1
8.393415002591995,209.45782535882455,18112.546425187615,7.351019378276543,,460.5400588439432,19.421248187939774,46.53971802022507,4.305714669730717,1
6.385544862791234,209.34378992272113,36053.22212880391,6.164544190715945,337.87329194458056,394.5931231770296,18.57702184771578,59.82699031644832,4.227233256483031,0
,182.3711557190557,29834.256551017686,8.114702218384021,301.1510529693614,357.3806160552472,19.635933451887844,62.52282088893893,2.7610026317054364,0
9.86183840768662,211.1822993978218,20658.03322254187,5.721184237095464,301.31327516711235,362.70693558903105,16.54211103540073,59.40565573467719,4.0579897625787416,0
9.276511985117875,187.76338741753042,6114.099260074505,5.899233714348101,319.089139491668,377.174907824936,14.182427439277387,67.29240073778688,4.047642433878684,1
5.025302314782066,214.6493549301153,21844.69609671111,3.9268163330155352,,595.7470778280307,19.62475399295279,65.1296806169548,3.5207108847340627,1
8.176635410339859,133.7354263521302,22905.240238511582,7.388512643461343,333.40379066855667,567.8737351936416,12.025999773128037,70.13383495559334,3.7287076458387642,1
6.280270114823365,182.10424053724427,32248.920399720726,6.865770197522974,297.16513838665065,482.2042194745785,11.396298279400728,81.65931005739141,2.1125919321219313,1
7.498944672376385,252.99445961593347,35942.50025616376,5.242352220230688,324.6589212825565,344.2532430823154,12.288996886111764,75.99511986130766,3.114127114502507,1
7.547816365131455,171.14882206643813,16007.731970575509,7.4262019677520055,260.98752399791783,494.06677999678595,16.010703893486326,81.84526361945724,4.689024507375686,1
6.707291597497048,176.51579677842403,29039.30838025386,8.742771075017739,346.6632380875458,402.60497175577285,11.757431809886803,52.68366016141162,5.3203335832787015,1
5.83381259171763,181.64103119176482,28725.572383153976,6.779402649398059,215.47307237940925,247.8837771687821,13.765715408998425,58.170611013645534,3.234163065469299,0
5.982039726817147,156.4271742519814,31426.384419975155,7.543703780718719,321.78932086843946,445.09347351476976,8.97785897724139,76.97519434624576,4.112621950881232,0
5.623254854384824,123.76172807761507,26386.887402854372,7.55183177434456,371.8526904852994,353.84658803979164,15.872433272567488,77.26450872377116,4.826738216929908,0
,188.7883192165436,4981.163021963355,5.217158873057242,289.90210873307666,356.58312186094315,9.258387854623908,55.41991840825326,3.5642322798020922,1
6.973186518821525,200.8370578638049,20651.25752081006,10.369405596718002,363.45453903548946,401.6520259598336,11.194546908395651,,4.497473578243,0
5.941941617313905,194.64363334644912,11880.187229810785,6.376057268406791,381.6504489360473,381.6155373267942,18.30882321650789,51.13365035266867,3.9436440374474753,0
8.164462784483066,191.6063928831535,20237.527097763767,8.156663598939229,196.76678396755813,419.1213638800141,18.186853629224025,74.18348161661423,4.8985135509717725,0
9.444721386984124,197.78518383356075,30607.325744836577,8.335360138021898,327.51054853389275,415.23604494760946,15.518976326398906,,2.969688423058474,0
6.157715346221631,230.00102758458914,24689.82646492821,6.899439699157113,214.66546462763682,270.28710911605447,15.192446455543612,43.99983192879548,3.1084302295612307,1
,190.10812940664735,32081.205128366535,8.078736139594223,328.8838061844514,544.7588670615105,12.522523567919402,59.3766855639328,4.1880405517753925,1
7.874499325381665,177.49416486537058,25010.78317655112,7.508394370469895,,342.4134932512877,11.721688873013314,101.7090931608731,4.045040757922341,0
7.830483610761647,187.12659405687972,10629.62811519745,4.880129183580698,230.95302810357305,344.91716251375516,13.080979980423074,69.68098627018482,3.926067360735203,1
7.200768875986579,215.41892146080278,320.94,6.5950091320248605,413.506804957348,395.33632619030817,9.269804682529728,103.62128062330146,4.419150644959497,1
8.26086504519196,242.79744376650206,23318.930043400804,6.152169574280582,345.62677475222614,413.13437763561365,15.115604716896625,43.03726874662192,3.244093339644966,1
7.846775834762245,175.71663385611743,20138.26080494716,6.390442834673119,298.61344944316204,539.8047487963491,14.441631023115836,78.54700220530097,2.9018402229352858,1
,199.6229429175097,13447.67289802821,5.059674979018112,394.4760158869886,443.6648033950771,11.190375607189017,25.394440416560876,3.5799156757375945,0
8.461958142378945,207.49519269085437,7102.020917524418,8.899765272458728,259.4057004009952,467.67174042573254,19.472337151364894,66.39618985407881,3.6671427242154833,1
8.49079243125412,163.7340351387563,15571.442700639607,9.651148394289192,282.8677357916713,444.0780146804808,16.288884381050128,76.61309717039838,3.7486771987748293,1
5.866375094356055,197.04131645796076,20308.67780055927,8.665244702077485,238.53655220959277,440.5967250975508,16.569996371269315,79.95706173703975,4.959855654856024,0
7.1403211583616875,148.17864357059193,27852.88630861714,9.127436174152486,,446.922338439492,12.666904844810363,53.46781585628892,4.570925452503383,1
8.1664930985696,138.20362601304856,23668.114842904542,6.575476957527114,,265.68642659757836,14.275597441732868,83.2124830275836,4.385927097941234,1
,208.42862189149741,36114.54022154138,6.114714200722062,361.09242213552466,401.6915880552693,16.356603538320368,57.76449518247685,4.143159683810863,1
8.786035095947959,183.74819850504386,12933.323342282038,5.889832466037496,346.24747110890326,515.823942956361,14.785709635101778,63.74490647700143,3.631333004541867,1
10.838557266444784,203.02097980258569,29739.71656912805,8.137622578272412,357.5454606666087,740.5091922933963,19.582291597588274,59.38884649080967,3.3039227777089133,0
5.830282208110378,195.78161315596546,22428.83234003627,7.478759623967757,337.01397890957185,324.5577520721568,13.605463145230553,48.01322030515088,3.0362172118602238,1
4.8841390809854985,164.26596639993434,28105.344841672497,6.997989695674487,345.0015620149422,456.08332239341416,12.609904638298474,91.79806292446949,3.4282846566328735,1
7.563071567011752,194.88203855141262,18186.47886541565,9.166334699828642,338.2369343283546,375.7380155761957,16.37937702112042,67.17692828161769,3.936520849078429,0
8.227284383150568,155.82562909111158,31411.19437608581,7.759807339028242,,587.3812268729433,10.094017528731644,83.9928113666966,3.0691123238575204,1
6.712922465586818,242.10517113108605,24602.788959283345,5.794920932717476,331.84880222480837,312.47727727283245,17.33942284593985,,4.1022254110345555,1
,151.7856950610044,16056.32908859977,6.044164049965603,345.1122872244987,472.3976096073294,9.974643940040536,50.73872733306314,3.818338260756197,1
4.951616778440034,189.93258029055306,21908.656460792685,8.19754941282155,338.3589445318492,308.15919893807137,16.3937152446538,86.07693886732652,3.660107238996302,0
8.181740610620261,162.10011018500649,19913.527681999916,8.765937907194264,,396.1434418873235,12.134214535688486,74.54524246062805,4.875995662945077,1
6.116681294993359,215.12544818010298,26303.484610052037,7.991654766964432,278.07065218623967,419.1167966088004,15.85749352651503,49.55820783282866,2.0507174746662695,0
9.813810870869602,185.47253651226418,11669.134988737165,10.117084221637889,378.6312921928169,508.3424817181951,17.283305151461967,73.66240645110555,3.670690954677755,1
10.248099411537309,179.3162382588546,21756.717545379386,9.703311321855642,321.06430661950947,334.8333771098678,14.78782415711797,49.84837962283467,2.1350987924090075,1
5.861016025424477,224.4232668012951,25480.369316363343,7.816836619064206,357.99932387422865,475.5046180078457,10.309254650069349,92.3924963938944,4.156078884884965,0
6.206204153905357,197.3376778543579,22303.657180753617,5.795042558019226,288.5443933392983,423.40761560421385,11.311673940681327,79.56706953283953,4.564501634895162,1
8.446744740297886,213.35726938237462,33824.83858731201,5.050219731463807,,443.93716147963283,11.86813824317818,65.24881626374905,2.9161371607132347,1
6.464462266834672,164.10400320730577,28801.162876036207,6.507936842876751,298.83822830893644,499.3424500008531,8.007527182191367,86.86452254275403,3.0160150845647156,0
7.0077961634877415,150.17961888366358,21948.494110122992,8.310077245337528,324.561354768648,318.2337680713126,18.011951712402684,40.80343990869677,2.6453261312658447,1
7.1203675886624325,199.8949977918796,23914.14351964517,10.006102385312861,,487.4022857298692,14.644456108853447,54.27565776405773,4.019640754316271,1
,185.88633183133325,24606.654084758517,7.779566314369064,387.37472652703866,375.91110977331266,10.521435270424426,62.315848902240795,3.7041851445608587,1
7.0579979837101625,216.9671720302857,25550.450810109087,8.966582014885354,,510.45849263122705,19.09828377818716,102.57337814546489,3.7526493102945575,0
5.983332839237963,193.74261007645538,6005.680068955189,6.732414171823272,410.36303758083216,448.92894802335144,11.958603988542679,49.079586663868305,3.6829821212010128,1
6.295934712384362,203.11287715403463,19370.135568705777,8.10397521785953,,404.9559162057916,15.109394938837823,38.775789862635904,3.210592729793008,1
,142.99318241553192,8997.682119811168,8.420903790573933,233.8521451217614,374.2041011780798,11.548354495400572,43.029842375417985,4.852861738638909,0
5.082154038095982,258.46180657451674,33222.78596746483,3.992241044153005,,488.4287014437978,7.599558892480917,81.06257276374663,4.182425730502669,0
8.372996246929285,190.9697235321468,21480.526724387928,6.466766692245114,271.2543717972944,523.8001152205685,9.763701750202326,56.7859690626813,3.0459624413134687,1
6.636448940772424,219.30665958475288,20318.76634886775,8.620526607159034,343.32870449589365,378.8249384676799,12.795496673832112,63.82597777051584,3.423573483650649,1
6.635181332091624,168.8793058831787,29877.720181746663,7.553659970305772,301.6925863315635,330.32040935354746,17.253362643692018,78.74263214229316,3.289786355915369,1
8.336691314722222,206.49736558490616,25717.274549175047,5.2295062239215255,422.5310910475066,477.9961364908331,15.4270247159717,63.842190719640996,5.0666237647089885,0
7.620681558364536,153.53246417530636,12117.579256249915,3.280406646350777,,304.8197292648363,14.744078967626821,69.70309206094035,4.5247510326926355,1
,211.233990521978,21392.35136530339,6.54206642242283,303.05378902071317,316.3784847945442,7.6268085687144405,75.05978108832487,3.871338223600409,1
8.61941361024725,184.66557210539384,19075.15493357632,7.0068946052276715,328.50484538642354,336.00256373183515,18.483985148821112,,5.3016325242640105,1
6.553219670738517,197.32978376940147,6717.031248955613,5.723401739271214,343.91125204487054,388.3132919608083,15.02037979540029,,5.102594004255364,0
6.106543592132677,219.3193861106776,15961.354529523243,7.346074200504232,369.5426108440819,313.8876567136077,13.88472751265695,70.31483840955397,3.7900455025694195,1
5.354610662773101,155.8440745670772,20404.703838576082,7.920091060627974,,265.1961913237809,18.028320494063244,80.4471406380011,3.649759048743429,0
,173.86391189745123,21006.134710648574,8.179685729747447,291.3288532676445,330.1234002136737,18.409214155010986,53.57946530555711,3.6873561144000684,1
11.769060136240874,211.40682236213286,9017.040005285862,3.397648098606931,,473.81478477199903,18.10169371958642,17.527081584794175,3.2268576551442343,1
9.05904053337149,265.35952208309703,32112.5502815426,5.0434295454631695,333.59436399407326,319.12380809071465,13.462143695912117,77.39565535705977,5.322500069804387,0
4.931791757729246,191.82985283633047,21118.792180896296,6.638696215599518,384.91120806043347,394.38940462774394,10.958492583804311,81.41044356537637,3.184998247614076,1
4.977291848777723,215.8065555573389,22343.376781413514,8.024033547039192,351.50104418340294,579.2221697283846,17.55333485574026,69.6365527432662,4.6472773660334035,0
7.846167038132402,192.85277807105317,25527.144250697544,7.892989741409056,301.745153739606,417.9157468112105,9.76166979343692,70.74098428271675,4.508623642108887,1
7.950151027830968,260.23103515558716,15103.788202307886,7.865554517645148,360.6356004527395,449.5733545899457,20.725419804978774,57.269465912812045,3.732204536985619,0
7.9527252981546095,138.92135159018238,26015.679295332167,6.514199651689088,317.7510879736666,345.4310457249095,14.372678494594002,74.49296776043508,5.381835180858271,1
,199.4811399487285,18795.370271164342,6.602339169050262,,596.7420376760455,10.768473113634375,80.20423914249018,2.753904869556408,0
6.880527726595389,142.92211217647943,14152.316925847255,5.96923975589365,,378.1425793878322,10.20251508574162,67.31411080415108,3.907840785236466,1
7.6013284434133785,113.95392676075275,27042.40448681135,8.33374672240724,,403.45457940262844,10.051128032374443,106.70839797951757,3.5885486713464068,1
7.2165698800063955,206.15055230651382,35093.936648073766,5.665627715371467,,528.3346823533224,14.74460122124599,41.09866920147709,4.7192626572112655,0
3.551312407331419,200.95668753732846,28369.80709946666,8.46305750439952,,407.2022383309305,14.258841420602105,69.0367198344557,4.245781374212632,0
6.714618587385442,187.00456148703643,30107.283388363427,7.448408116257481,329.1300347629364,425.7603714158109,10.18909760568457,,2.622709760640136,1
5.726263769526101,192.8783383194929,17448.904082216024,7.048829724040857,335.00446992224244,399.1239499138225,13.100131346499964,80.63590704962249,4.9367939661222335,0
7.3585861560645345,298.242085392263,8005.249571405349,6.082397568353183,325.7576228009617,399.6780472054149,9.752133872037657,40.81172757427751,4.348660143881163,1
11.826561814139422,187.88120146152644,35080.465172159005,4.97824385936068,435.79802698906144,451.83397251512633,16.23058897767521,44.81714943882764,3.1623163476689142,0
7.664295848104144,213.14288899790247,40029.247623787895,6.096708644922688,321.0809148468214,466.5788685509909,14.099296289166917,56.15503530191388,3.697250298266614,1
6.581487798985887,175.0188847310956,35542.29919227362,6.59858914757268,358.0873907364692,369.9026617894003,13.027487705413247,70.70116450826038,2.9560897663217762,1
8.54566438814383,206.07724706733504,19069.727489040335,3.3769415877016224,253.8358018726234,359.9753775342051,10.016353483476484,56.76527293145504,3.836746340019146,1
7.8474737406626485,188.5368767641713,11889.597976452418,6.8081788545712305,351.6732976547692,372.65962129853176,13.286484963262646,56.92756037114668,4.087092014540662,1
7.747950239818428,182.8721522878465,12669.576666380284,8.580484641481089,381.08390121523,308.64065057237474,12.907250712743657,63.47319243929595,3.7089752162655203,1
8.044892443212918,256.1753837387467,7250.163119596482,8.016204290585518,311.9269180703757,293.3514265064704,15.331675381003764,62.48055422638483,3.618637690099174,1
10.349904268078971,235.07584158950107,21072.53306796823,6.335994716328418,,445.907048838717,14.832829507567139,90.46693110299373,2.712062512140081,0
5.2818873878317945,200.8662297664867,36093.58957290307,7.19415935149606,,497.7473128126125,16.90171893788262,77.4980419162439,4.233048339972503,1
7.8330750021302125,120.60751154616237,20771.911296044003,6.241259980313241,334.49175508296855,492.28788059199644,12.676051640998242,61.148348350284465,2.468925414446897,1
5.607054003329354,184.5000167394555,24665.029514306872,7.3550419586704,363.77118860182907,229.37746530509528,8.122037927729604,100.32965272343628,3.9942420242250645,0
7.963265107684175,285.2455463176392,34076.108273288955,9.55337036151557,417.0716037268244,402.0838396651636,17.56051742153951,74.35507780917024,2.5666584572546807,0
5.6192884467371105,188.7858444008864,18470.751971525777,8.650228108147305,318.0381777921353,332.81892814900937,11.181732381810521,50.72219394502679,4.009393814579304,1
6.416386766367916,232.64379376912427,39862.79006544774,7.942855002994549,298.31254591799114,433.50685972468165,10.616104554519504,70.55039231306804,3.965227176421556,1
6.610807036361729,243.78106617620153,39481.90925874995,6.341241838433725,285.4462646671948,388.1215032098258,14.13728423567348,75.06459297592079,4.284609074789262,1
8.631548583758088,203.56953355334446,20864.43104898648,8.304902660852845,341.9844163174488,469.7283202626876,15.28051539787945,55.27423204558739,4.642582859105243,0
,168.69090474417516,16949.94037854905,4.454734416830576,,420.3420472337636,12.5229314970844,49.37040582315829,4.787118969355732,0
5.099309371450248,116.29693053097863,28127.870616436707,6.721281498454393,311.17895356550173,268.6551268527362,12.4969272243405,67.79890807688672,2.7141667724867746,0
,218.86528629906243,18966.79321477742,8.042264043321842,366.0330393279622,343.73011976034115,12.985702888196013,60.57161174026835,3.9245992785561974,1
5.9517680309488155,169.58082262716175,11872.754620279868,8.289865518195448,,422.3575529802901,18.968748561787304,90.33228923520906,5.538533889956842,0
5.078977192026218,202.16182685806731,33248.720820122,8.17841749454087,335.57065658509134,429.1727248904564,14.271135530182582,78.39190123369393,4.062898443428212,1
6.734942889825251,155.2759072343017,32680.594066656187,7.585832488951318,296.4019822667783,308.2832004013626,11.076043001381453,56.032256065279135,3.3215484505649755,1
6.589512366355247,187.64898966933976,23377.704383413045,6.810754533047465,,297.71332675940243,11.109737088651178,73.29167863514817,3.907833121377318,1
10.93847921328938,197.47868252514664,10940.572006401711,7.970002032325852,233.13953556998894,426.4357481826643,13.449573365582356,86.90213334928629,3.6707405665550326,1
7.768406122323507,205.20135694473652,11232.902999362765,5.614479555873645,,308.4456083249964,15.067309761632703,,3.05236263743692,1
,159.71464647985263,22954.33752155353,5.785409923996665,334.87105617991875,287.0313697502065,15.88197433610809,,4.647901266801466,0
,235.72443199527328,17630.93584297021,7.217540788807269,341.5867998109265,385.91374376913495,14.690964978734282,66.2192917724172,4.425794995454782,1
8.703999439732744,176.7440994780128,19023.19274801106,7.393652275479821,354.6688936246841,382.41378689801024,11.493399208464435,66.97603984070346,2.9290829237525404,0
10.400624008863181,141.3134441402973,30975.245462564497,4.235528017867859,349.76072596802265,350.8976734214377,12.876754298453807,65.55544436161092,3.8972458246228165,1
4.558286533541646,192.7853099516013,28443.024167371917,7.839131281900239,329.2079286576412,365.0139791574885,16.709235088971905,61.37162524721538,3.528158353637944,0
4.090920227628919,197.50026016079002,34098.43056393095,8.340910837112641,335.7958303478012,423.00820315083394,10.486435610900253,61.12434398272632,2.720757838670526,1
10.054834628841133,201.65018056268747,13327.74092219088,6.997889324803253,275.6132140204446,363.686434124597,12.738356268913599,72.61729665377396,2.8664408231687313,1
7.699486542019737,241.1569134331654,19004.790706560758,10.871656727588707,309.60229085554397,427.6037332909523,16.257602059587278,84.74719051788182,2.982551337435741,1
5.699414556316578,188.59556224812493,28669.27412536068,6.0409625320220055,335.87051104356897,391.140532910997,17.177181522162435,58.61818483364126,3.9244247923146185,0
,192.43690675075482,25943.09629865541,6.549482281848746,303.30094488571,435.43948555834953,13.641450121687523,105.85330140486118,3.612796659841382,1
2.889161094963164,160.09729754505588,35450.87465134634,6.49579428831901,369.40744596504084,492.8665737985896,12.918905457010599,98.12398743027833,3.221833389565188,0
7.085367055489486,223.34979917495406,25701.595543289244,6.999623574160192,306.49945920684263,489.7180108644679,9.90378961382122,87.90735608660572,3.6643312368956584,1
7.601235664820505,202.43008202688804,38219.364046986826,6.60061479551326,342.73937013390525,526.0031702715609,16.01986814422668,76.47178035320607,4.553077278039472,0
8.54958952186515,182.55948832656793,26749.273895655482,4.897239339524303,338.6081495052912,489.6290322072285,18.64516075783587,98.88924756268713,4.248222955872204,0
5.467905435854865,133.74429607885554,31327.7796159025,6.256453691946369,364.6908179273431,441.1702196992086,22.77065993396498,61.705933394309575,4.751457669945085,0
7.216242586631341,243.86227297341128,19177.326543074214,6.96575930067696,371.09077042825226,386.8600550459235,15.559136867444732,52.92846061399801,3.791915965518986,1
5.608574844565256,156.00388276868483,22139.36841750959,9.061143889657956,,390.5511622179928,14.111588353058423,57.88977207884354,5.219994608731683,1
7.486060171522165,176.9287790519241,30001.76977117471,10.599544371929204,246.54922313871057,350.9480380938578,11.235426870470496,50.17238544600249,4.241502309284824,1
,208.152367524179,36157.601997317135,9.230048758604035,383.2416162907037,422.2560573027869,8.060983615510175,68.37074539503033,3.5886444097937154,0
6.431119665735249,157.02717530708335,28408.45523661779,5.894901133117282,397.04110664614024,478.25285602949856,14.865735116638847,71.25125690958689,4.042502411558488,1
,147.26339849103664,21284.792495767255,6.020620815210659,313.81041214340473,363.2415443349943,22.05962248771074,69.64958858986031,2.996500756979943,1
8.115306624499615,126.53460348080213,34091.34861987133,6.868260847535225,343.58191512290944,418.8820526627938,18.48638848016438,66.19886072169848,3.73117559372674,1
8.444937275484097,220.07637981153732,2793.571713903926,9.939603044388667,296.881751808983,367.1455846747066,17.97582773076667,68.55444026581674,4.305379899576755,1
6.706953293767712,178.44427627339854,9543.127217121873,6.858629997552608,253.07816225115425,438.810016965763,15.0929453244617,94.4937192271912,4.4471022163169,0
7.140798411986445,292.6186406405231,27991.047404631925,5.022538164950859,,377.488834909165,15.470021660527866,76.43243921840039,3.6500734661916665,0
4.776739650732665,163.67560544205688,22137.800109390464,6.3281401236142045,311.4074409854172,362.12275562801466,6.257396376499894,81.32619232906602,6.1024345334676555,1
6.603514129669208,166.07269034965708,27323.57883583782,8.316148482874679,,366.9350917155937,16.80391002232883,69.48698117559223,3.835677960338875,0
7.000174658903626,177.779879137016,22578.851868971055,8.210105637495818,294.061778391952,462.5690315021987,12.362382714704049,40.259774858786514,2.6608526471283405,1
,204.36426746095353,27020.46728933268,6.803657666943184,303.40152959042996,414.0707130612007,11.957282482767614,37.051381627803316,4.916348409766629,0
5.31197242901908,180.90971422073898,14872.941855923738,8.199795184224849,,387.2649557813971,13.21001948540911,100.09986564157379,4.443559297002748,1
9.408041809616375,216.5034831964026,27016.437179815795,3.5283879199760055,301.8771983595779,443.01671189586557,13.09831513991714,57.79511558675884,4.150717280345095,1
8.665005449810636,164.19401373717304,30733.68339960518,7.284050191351662,356.29277785422215,388.38879930426447,11.904626190573797,56.42096325162174,3.6073617049484135,0
,150.94326429691745,32716.573409113287,8.479882965762435,362.0143841808819,512.9351761676785,14.325916558902481,,4.276810282500625,0
,137.24469936822854,39670.08178142775,5.804076025255835,432.3756604461331,343.18213745851097,12.432101156551344,75.30552018937823,5.2328326718781515,0
7.671647701444912,123.25888135822497,24154.48428874172,5.798585112335865,380.4056627885538,406.7789623341073,14.612068983552843,77.3516293820708,4.127273691125314,1
7.698763121112007,179.33589063966014,24415.89853879557,4.17101191863371,343.8493286759629,308.35687478487296,9.35744143383939,,2.823373802287478,1
6.995538161702103,186.47376732851086,8658.045625819124,9.632035039800897,308.0886528320247,393.85561164744263,13.571468779208022,90.6819146714055,1.45,1
9.025474523045618,175.60835053635293,17354.37193031964,5.982156716305925,345.947015306337,286.14185907535017,10.651261598138507,53.27910042534388,4.2699564572979405,1
8.823386081759306,237.2531826115139,20321.03631832784,7.500848379022137,347.30760465973543,482.20730135322856,12.156802755772063,82.07412539796455,3.200987437817116,1
6.085173112881022,236.7476332919155,31223.89051650388,8.074188925543732,312.5185718533855,483.83883444939084,14.754650170440986,60.18540894334929,3.892224080431273,0
4.98239696058796,185.36167777282478,16656.4838733414,9.509067359643495,366.24215445350416,485.26663344041214,8.970767895161089,64.17510851511004,3.338919454049549,0
6.757260786540905,137.38587379824827,28996.85320696902,6.876841517102696,275.87078023187667,424.22347384770046,11.557831581229225,48.699254647706965,3.282890992326654,1
,177.73673604714986,21999.869861286414,6.267700925830098,323.6569588120363,350.77887389133036,16.163272113808265,39.006081225007804,3.3730861760367117,1
6.978995926361585,176.64787256800702,20460.578980848153,7.393446884741475,,357.20647011885455,9.602381343424199,65.88933148960957,3.4435972192650786,1
9.047526634147781,174.76340244029745,24196.534190922797,9.148846836936814,321.8682646067353,545.5585055029225,20.164740234322853,50.93221259732005,4.5754640710166115,0
,173.42900243982572,18584.207968954892,6.851127400386762,,537.9214235290996,18.26659033479244,81.41202531929555,4.417442158646536,1
7.011910823714596,174.88413998856834,18252.046857492096,5.61130685109716,328.07290962941573,431.79490778476134,12.643115350462955,61.85215401984444,3.0277687182072848,1
7.172256148345348,183.66051166928168,7065.555450065976,4.6856026628617276,299.16939661071353,380.21645736562795,11.67433593343144,71.39298974260896,3.1340469134337336,1
,175.4734086709445,19839.886176250886,5.1903501323237435,382.4029765858037,532.5021450224936,14.948421080040443,88.52656669835169,4.265715085486111,0
3.5074459589644778,203.21964408360947,17805.455712724663,8.48573856590253,,365.76025449687967,9.488899929240102,42.3679239587655,4.790951845039707,1
6.115346531323178,208.21892337895184,17489.67457622334,6.613413327435238,346.9581593413174,440.3855929983112,7.652907580804647,54.67569065326607,4.7789702607330184,1
7.415941070724362,166.42798953343973,25669.47063043515,6.160116962325278,350.9132959468559,531.1551894223034,12.759600739386004,69.32669704547546,3.1877311041914194,0
8.988125540718709,238.16262791911126,27789.35038228028,5.988771787369371,,354.29712245710476,13.836298582877747,,4.741662916882175,1
6.297875108465134,164.1455515154806,24050.103767571574,7.254372459116287,,488.90785019119136,14.592554112610184,84.25458957058623,2.584509685231297,1
4.09628119739342,143.1767158177517,30742.45777651955,6.741660951850378,296.1030354049144,463.96172352010154,12.245208560649802,80.43053762787689,3.8117501547321697,1
8.065341199086157,208.8899829864829,27060.945035978366,6.688451212923582,391.39697931681724,418.6962730568452,18.496763674562075,67.96838606432337,4.349880625234749,1
6.06977380176725,169.4936205404565,19426.86914575594,9.251931805940968,286.6116107504452,341.60069651806157,9.331087730418346,71.3090875702636,2.348532089827512,1
5.188430012046325,206.9340635585029,17955.50225877346,9.550065725341382,306.695582356912,363.34077858845325,10.512352333288693,71.75680791622614,5.6024284007866605,1
6.087290830355974,117.33737639581456,24757.093680646667,4.5761657568037855,283.0726001539118,445.2834357077902,15.890765014839324,42.62005393957864,5.004822242721761,0
,242.15395135596327,27045.20706687251,7.637596515205873,,306.85592023768635,10.434947153541062,63.86984477639673,4.47466309844126,1
,218.47500725636843,34271.185655307185,5.8925578841782,399.6881373483446,432.4567186858549,10.30693930322688,70.42029666719296,3.2172779980993615,1
3.57314996921248,147.0343310635205,32458.974226670376,6.727763240099472,356.2617269934583,465.6177405318636,14.688304362205711,73.81935289514303,3.9168791728298364,1
8.50633525305054,147.74780816793412,17266.146039331434,7.608659848500177,339.5909536925165,501.5154943664315,10.792840126753935,51.44379953976191,4.586527732415157,0
9.107051315633168,251.3541029267267,21119.640792264498,6.783902531249147,306.5845821781705,308.8747812421248,13.839490543582524,45.87084977528255,3.0943239777401454,1
8.115919966229814,172.12494877298712,27897.956593667812,7.484126611391661,371.3732812135571,528.2691065565741,11.963474787532824,62.605262653057466,3.829230099634347,1
5.271079784024542,168.94200217367134,31378.903276754558,8.18329292553043,299.64070656140007,558.9092775996223,11.42789314183623,98.23198367746038,4.680099402852567,0
6.759628461023446,121.86220714437158,30247.509514200778,7.585431344853705,,455.03844970261264,7.321369154648247,,2.804215898617021,1
7.0696311087851615,184.8364125998209,21453.972751370038,6.097998639415155,297.6405829229945,337.99491364925893,14.741954035838626,85.39415904220083,4.229291274595955,1
8.032083079403437,188.88257906420046,11018.104590594883,6.1258646209868886,307.08449098830965,395.3722073147253,10.151801126106205,92.04108742447005,2.6012796888954792,1
8.14266137706175,219.89541302178068,13254.846459344197,4.845265631343504,365.18805643300425,418.0431906495223,13.72311830631398,67.13564839445309,3.2337995306486507,1
5.912663659942192,150.36830128129446,24404.696054655786,5.770805929917265,369.55972859493187,443.7488607756036,12.584932786466249,55.40006041730717,3.5764177675726465,0
7.210372934697562,146.38297027112876,25014.918948972932,10.220068011799675,,423.6665490846559,13.596458325703386,74.69742053999009,4.370573377920648,1
7.807075843338233,211.19765143145057,12380.243006484456,5.868634352929513,,444.6137668487429,13.784574512016107,69.55494292616984,3.4233845000451613,1
9.394757492213358,229.4712847419459,22404.901752955342,5.2344614763387645,315.27657322176043,414.5558470718521,14.92090951053945,52.49969760052082,4.067927745236738,1
8.20016539832131,144.710510695244,27549.024959812068,7.625486021714742,,443.3159553784795,11.871116712063323,55.74057026930467,3.4339620525095786,1
8.334600132927076,231.9301831575355,11919.478467782581,6.945623680318861,298.60278255768395,384.6704971017426,18.39332534639485,73.73892200771147,3.5561189177501813,1
7.213284338407684,197.60437574808668,31703.335313826137,6.8109626857782235,390.5652775245553,394.5577495334769,8.16510579856804,81.50306580416711,4.945515976073196,1
9.322630040873571,232.26855954877436,18703.681696672775,9.346292626931103,234.29135758156838,375.3356457220757,13.52998339767487,61.17725454271704,3.072822020971054,1
7.731522845575601,194.06115451330078,33041.55861054624,7.987620147382217,301.5246092734097,576.8429155786191,17.04792453191997,65.2814189201113,4.562140099678804,1
,113.4375020729962,17336.474887542812,6.282611167908509,312.67375545113157,540.2024615386088,15.858117150438618,77.21857207086929,3.969170169329514,1
,191.37331246944865,13012.052589546274,6.449328050204988,,466.7688764369004,11.053294241690343,63.60916221406573,3.5210681226517675,0
8.189666203337055,231.22752875791136,17996.883734983592,6.325913308029017,,529.0014731591787,11.60470741820964,61.5568895720726,3.020332190720108,0
6.375560006405713,166.9836308925275,21179.777022427905,8.502088602096807,359.67949160949246,486.42164541619246,10.947516628628941,54.17858553681349,3.0759356804627087,1
6.317606181835203,183.61371182232298,18607.676743880795,6.633126745464043,335.0343482260237,436.5403351119259,16.26344345749913,53.89796279380818,3.393856880688802,1
,190.57873040324384,20120.066414836645,4.286817466122442,398.939294033017,300.2097242187892,11.830852458613666,109.58252302805228,3.8529575623675094,1
7.81646382447546,101.03398362992431,24942.48679249615,7.043654907599736,397.7832793885492,400.70191197548615,15.12445742168862,,4.4407375162019935,1
7.393694702353618,251.32390828038422,20513.091713384387,4.691498918217873,351.7167810017754,394.8122375670768,15.154837680591411,88.48664364206779,3.7358133772605573,0
7.5749807907741875,166.7327676449809,21434.37884576425,10.571084350772745,346.7543282736095,330.3148645106919,22.119382379859083,93.64701220105857,3.7880175355318695,0
9.782932225576445,212.99858101970563,7026.618672744093,5.594244696121375,336.51086651733806,301.7783649662933,15.316861669943638,63.42963855600069,3.9044876258086023,1
8.783753612053468,193.5192666434469,25448.72147224895,6.864253670734786,,461.71157758954695,11.595113311175965,72.36119430047457,4.341886599322208,1
7.3831105901113885,237.72051457309578,21231.904639959772,7.5279603208277965,276.01734495803396,448.1164393340091,9.446902632560217,68.05810183929447,4.472946198973278,1
8.576683823420298,209.7211253054353,36134.056719872686,6.663920106126817,337.9499793383578,327.5409760709356,13.366927514549062,40.314889566342615,2.888166929053959,1
5.438286993391213,188.64568995239037,13775.44706137196,6.661751965683416,,361.60809910982715,13.885825861565575,41.28907666182474,3.749981726400217,1
7.712704009415426,166.99122375796605,6157.925831379012,7.786487112134186,345.77812361876175,515.7399841163194,6.96258456433726,67.19036819451114,4.927375133531379,1
9.956797096075645,222.60333106144472,27433.66685382015,9.53142121489812,296.8141010372174,350.9545677775916,11.917142729430125,59.52489894531292,2.9434264360984357,1
6.733307026326125,134.7712499259722,25052.636416968828,8.33266434927133,,435.6939674159299,15.264236916759199,97.0057698752083,4.027964054550188,1
5.732262053495655,217.60687701867136,13171.57446916121,9.456051928146199,,406.55211782891575,12.51790273141896,62.57224985192108,3.8367416770385114,1
6.043178667137034,160.2334085688758,8600.379205619774,5.466341809212267,372.6315292440673,462.8142957312359,17.48614473068632,97.96603117256227,3.5279930398494432,1
5.347483470625603,237.54508680513433,35494.86085077634,7.621432960543471,374.7692042316373,352.6993795123073,9.121840167975078,58.691987210526904,5.210810467813819,0
5.832228566076951,201.67352896274943,34413.81594776291,7.3652887622520815,310.61686744869513,429.17054665479145,16.520482134707148,97.33940280545255,3.9987319309169425,0
6.490892123241854,217.54878948691157,320.94,7.674724240849241,378.3451913622671,435.5261587010938,17.304975044450902,74.59394836060807,5.148693156116565,0
4.845148439505959,199.06579219855678,17996.129292352325,9.294446513604205,,440.4932127594455,17.446003335035485,75.51406287357798,3.97438922009064,1
7.104833150979869,138.75184111176404,36606.67452581646,6.771153143328554,,428.28074920053837,9.097015366794006,58.11965918004956,4.328999593667831,0
8.51462070632077,168.06922510756127,17839.702137745728,6.479304680844542,,449.74132529041594,15.321169754287942,75.73451997893169,3.5197672230369554,1
5.6366676735663965,218.47816142066227,17712.122283080913,7.9636896599214895,328.74800409265816,599.0288782363465,12.066423867693786,93.78810334725465,3.528446933267752,0
,201.84964327479167,19534.69504252895,4.3104396904459605,,628.8940863186408,9.625668517036598,64.05669114610699,4.289291073594111,0
7.892159420758876,235.2009480864505,12185.426422725732,6.745773762386959,330.3778993955914,370.2285515016171,12.910097830337024,60.908559527368126,4.303604016954202,1
8.718623131142252,209.6296676326622,7065.644552434298,6.907967650928985,,234.52960232791105,11.28452284680832,62.40738212124378,4.436429911941647,1
,164.58484183369654,31243.424772489394,5.665833386235058,,470.0179302043499,17.32768404962241,92.61340576900416,4.263809063824569,0
8.43869511103592,170.19541115174556,5854.168731983818,8.790153237943393,,436.9429238092203,15.978239665374915,80.23958252927758,2.9275916769368138,1
5.343825098371452,199.75392380040404,24182.307036817274,5.441660298597611,364.30946717698396,507.64340305921695,10.465408810559648,89.8234622458227,3.341032432164316,1
8.49549352633005,120.28423110991653,29788.124342809944,6.905320583585202,,444.91447841499195,11.882827451219624,71.4744154556355,4.632955451195983,1
7.353224550271714,251.39276919928375,9288.91061224427,7.58318841601029,,426.62637039246863,13.019891521208976,67.03618719266532,2.4423970149853966,1
7.959669439775806,210.8946326920941,13909.577813056934,9.258453467132266,319.0532568792809,513.1282310787972,14.04033896237776,73.25941455216284,4.198233648374371,0
,236.71489755096692,32651.936635954844,7.103320832888252,396.3054310494152,524.4328471556066,17.611112089600514,83.7151650867949,3.882733522726039,0
5.656838950780198,144.3997424261945,26686.788351231215,8.599122678722573,351.76153957542704,309.82821604931974,16.566489500650896,62.40162683492835,4.632673856628441,0
8.029592867022881,237.29130247248082,16601.377069232996,8.226940727697862,333.12283365765546,355.8918879553788,14.45010741730672,,4.294964525135189,1
5.57212667328352,269.7416841945924,32556.094543402665,7.3150629387472454,297.00726682641437,413.355977030289,13.417252306847807,72.31913841332589,3.4520953818274,1
7.816498004437606,152.9395196751938,32593.68294860969,5.39856881492794,,429.84572876558485,8.410198145449266,27.466419726671724,3.416706970124703,1
4.906250887728209,221.73369101643584,24373.297372396737,4.853362239771129,325.34028095106106,403.6260375050712,18.556512142477246,80.69492365056206,3.562228891062403,1
8.428596998140002,196.4064949813182,14120.972030673836,7.288278534242314,281.6613637229075,456.9826241147976,12.800110261064674,45.81410488542113,4.4224491769490895,1
,145.58901506959774,18388.73610219832,6.26253893923387,324.7663691910342,502.395189072608,19.42652119581091,80.30141526770512,2.1742733299469093,1
,212.57602499448947,24525.292211444917,8.572432524856442,300.4864722803787,561.1193988204492,14.929121756956375,80.98656121149354,4.092755966598508,1
,223.77887337505203,20360.38303898221,8.298453298595753,358.0517790711011,468.6777505813257,20.98369073053698,71.73766222562796,3.2812330219626538,0
5.972132808696976,176.6049589482483,30247.40174435477,6.828314628789461,387.88613730466216,353.0043921074197,16.286924275442505,75.19675694382491,4.118851532289661,1
8.005422241664716,234.70533518599174,8600.158894375678,5.290813580172794,,409.9790534795123,9.54001502065889,84.17972934731571,4.2387082734726285,1
7.494103198700354,141.5668191847712,8911.535646935652,7.926962168379492,404.7037861089579,415.8000318614026,12.246284760335387,58.380744237742434,2.6733852653156243,1
,147.2224179047357,23600.07100201151,5.511639875106463,328.4554161557679,463.4832241952773,13.720163280175795,79.23769189398611,3.793044186939508,1
,200.86132236695818,17703.948399425193,5.921627001769234,293.3946142358467,453.2617404621312,11.387778643671446,85.21771704184485,4.091344878304192,0
3.959425150240599,197.2046679397283,16515.77032861983,5.572523133620056,365.1662029962229,587.6030573428322,13.031928695127434,94.87813642817258,4.038601074314616,0
7.635943575206513,172.8090637006154,6510.760893948956,6.9011683853348735,315.28785551067585,384.59050840869827,9.755431385093218,48.50847497155401,3.8746832565695475,1
4.591963593534333,222.9894650547556,22185.479108321993,8.968903887831488,330.39446687877546,452.985538139033,14.298937440438095,73.0097899315021,3.017707734545071,1
7.23159727711168,213.82580505142042,21551.503142637728,7.112035425046825,317.03479512473564,612.1977751656775,15.065833551226211,50.84310475918551,3.1364701360956975,1
,224.58561265231046,27744.166196772574,6.4197144659642404,,374.59357859225094,10.956397862147746,50.15654175358977,2.8951230882519967,1
8.159837012946731,192.32127400561745,22618.298251700562,4.709528410528514,363.7679570820868,433.6209176244881,20.702241711425128,72.20906935752876,4.402155545255008,1
6.599747655811116,216.18283921112786,20851.341857662726,7.992356843873152,321.92139589212275,345.52475789915707,14.490228894838317,67.65323508340153,3.879854743390851,1
6.556178019708125,181.7170180363738,32334.702473740646,5.886960722632769,,428.524263227889,11.576587733133161,84.92612392248571,3.929632473351684,1
,263.8995585300473,10505.628577000149,7.3056778382697924,356.6049103450239,358.8328500875158,8.886224917115129,60.7988650455657,2.6397151138009827,0
7.612742266243747,169.6534950783891,26717.456412710293,6.560334586851708,283.84477902059604,506.4924490201706,14.478410963904627,64.23104776233237,3.94378981813626,1
,265.5921794805893,7360.519105190448,8.444320006967112,286.01196364779076,433.79631018691737,13.417782956387802,,4.4642369161464925,1
7.826135467795557,197.51711570029977,14662.855169881317,6.871566500594888,383.1777490101604,346.291193448231,16.871865403118125,52.45560918375815,2.5333651318320625,1
,151.14320195097974,11380.82104659319,7.026896359853579,,489.8246813355229,13.805444422942784,54.70072990764224,3.552383118178923,1
8.283294001179302,241.35244904406522,28870.607858087627,7.887480492979626,237.83285402606333,436.4106092616017,10.328790830690513,84.45847641219991,2.745127677395052,1
8.053825382481628,200.50963765042627,21440.535788002435,10.448965487975833,359.5789227071051,498.8968135751996,19.810077560347793,57.51790743207167,3.6421799817106884,1
5.463473825563369,224.35496035474222,21895.68585455936,8.523746149966517,321.1939767508916,329.13590640926293,15.721918351168783,85.53247084515591,3.2672263198946805,0
6.69191204685802,236.61038260168047,12309.62432578517,6.980002351969198,324.7647248824592,451.69838899793683,13.438900164609432,76.22631755521301,4.267108890240451,1
7.0175014126720665,207.48197862028843,19386.206602367747,7.125052825172156,320.75339370743467,484.39147576118535,14.824953539098633,,4.102006859472586,1
6.866150112801245,176.89712102255467,15319.591045362824,6.290722052687394,343.37576887415565,387.6726312391478,15.849078876219089,74.98152723393542,4.977373436394554,1
7.6108373468439705,228.45145585776496,25376.442139600233,5.619006788438882,302.6023690003749,320.13739960643403,9.550484608012729,74.85372353766299,3.927819277545615,1
9.355873183111582,196.39484108510712,13323.638003465274,6.246653756435212,394.92067810451397,418.52728222416476,14.8019678680769,73.2429848857126,4.2340204856413335,1
8.800009096999798,218.92100507584482,33674.48497690627,5.900004637335131,272.63453350558467,521.1462780433747,12.790091303397219,64.1044345671229,3.5349881643141874,1
4.9935714824440645,125.55533873373675,7321.645536839655,8.152322046397499,352.2067190487664,512.8876893218444,15.959162952434477,51.189708571759844,3.1096095720417085,0
8.069091284586618,211.06675885528392,14942.06439271637,5.427512124567002,360.37665198056806,387.2644139030543,11.829997829553218,88.18172255570221,4.621114699058268,1
9.193003978061302,175.3732980692314,36720.74007567341,9.22647268698047,302.3152240662815,318.1910350320559,12.278436859628655,64.75644225446453,4.939738941766723,0
,250.73082087043008,18198.545428782545,8.308233286117751,291.37691927659273,387.04205500134753,19.78410333624703,52.10648832577375,4.520411445405838,1
8.814658876045687,216.85711199859344,10484.484389663407,7.152392732400917,375.9113559509278,384.02763626784684,18.354319020819872,73.80184334090399,4.072357936041035,0
,204.25652268352488,23935.034331120925,7.120503406114808,292.7385475686276,457.9718290266921,3.371692494308208,54.381820073535906,3.2102070275014847,1
,212.3598725813553,17845.579846684832,6.239495530809005,308.65197957411146,413.4037785352889,18.10888216195687,51.04378806234674,4.860469975273018,0
7.476400667070349,163.5412647574135,14684.703152692993,7.546733369929467,,361.0111864074042,14.036211793086824,60.32485313456455,4.422017266196869,1
8.741690673794759,249.74267998456241,12404.870084554692,8.839186091869571,,511.13654109600714,11.935917371804269,55.63386417333356,5.549405315276968,1
,261.84625935754786,46288.767747083475,6.009012789635815,,433.2392186068915,10.946251624807678,,3.0695493188128733,1
7.11800583882308,209.28899622682536,19808.33955460239,4.697240499508406,406.1431897674065,457.0802930537146,11.138420650393238,79.44774231339527,4.642801870972956,0
6.521251365215165,248.66246933470126,5129.617811205946,8.231084842673656,311.8269543713338,282.476677213511,12.029412022849645,64.55826596199839,4.398303073802342,1
,177.6564072276471,35111.78858152316,7.632498239305205,317.09779305207616,225.96091315024537,10.549191148013097,86.66188951844714,3.7032187838065167,1
5.778698421152217,170.16090594252265,27372.308006425395,5.3500858937229365,344.37458373135803,305.7075499436629,9.796275121849554,52.574036650329646,5.033791206558421,0
9.516464682238205,197.715605738207,15293.275446952819,5.9612416339556935,,383.0524803424604,10.836341700706654,38.44806241104409,4.2838292157711475,0
7.874783956747191,210.67086134153652,13831.96995251936,5.762615247000777,415.00893974529254,468.471093343548,15.350433660267424,68.80710425085556,3.23922343779991,0
4.855103182064913,183.4157179207262,27919.483356209177,5.9752390149258865,265.019977251616,232.58960793368217,14.445798391769337,96.42973895482781,3.8776955673059605,0
7.66456237585636,214.05181809931577,19848.969361125794,6.608581248614923,367.9909404937126,550.624303842544,16.119884854636645,,3.229890130459572,0
3.7409578528339176,206.44408617057385,5126.018680516838,6.698855259236419,,435.67514628356156,14.06031583221472,118.42475449472363,3.6045577419992996,0
8.074557746761347,163.54567322843013,37685.62873643356,6.091746024991833,328.09862939159405,531.8290413302117,9.95489141556574,71.77271657695626,4.518984399760992,1
8.487518057952496,213.4279144138126,18208.614252727028,5.922101165190114,,350.2858979344409,15.916599456763835,70.21123477864131,4.741633755282689,0
6.138154030513235,224.76280861410763,35128.115461367706,6.758520736607378,372.47762981050573,462.6119598798207,10.954478486924032,,4.142545620355705,1
,202.00791116237207,33224.13641936943,7.384952625078107,276.53910144583824,428.775535060239,16.42029333958337,73.32418958872239,3.384941596260165,1
10.187110319662956,234.26906963524445,13236.66773853433,6.620251472543545,406.25532867358396,487.97540782106904,10.42080479021246,69.12904435711214,4.267654567908378,0
6.275862740223521,156.3417632698202,31073.687648958767,8.950693896879256,269.2160674750181,402.99498167059085,12.00445236660433,59.80792501305059,4.534251717606957,0
5.396336936580005,211.7562098796953,16301.870400541822,7.922778588784842,286.75519963108997,460.1352531919933,13.083793669720201,64.18691793098425,2.4317528387130203,1
9.435844809915533,157.89117037367404,5645.795235568559,4.60646354616326,322.9367545584899,510.9694256630884,16.512279891498498,65.29813270714355,4.060853444524116,1
10.200513632943963,159.7390049412961,18290.97125936322,7.9474898693538885,413.51103605620784,369.2619319276667,14.862550904541676,63.48874630555921,3.821651957248522,1
7.085876118238077,175.62499418670146,25500.80226895043,8.076759492485222,321.0120103956147,441.46817886981347,14.346204376319559,100.21158810337806,4.7138947792194665,1
8.688226226299287,165.39506116407884,17956.551310478753,6.433118750363778,332.4572982740954,269.3129739876898,20.52156367853306,60.39945239011496,4.270837548591969,1
9.212946705694101,178.3518974797914,19321.715129214383,4.757587812061015,393.096695773727,478.66629400070053,8.199585736344767,69.13949605195542,4.347794327148773,1
5.89945007026397,189.3287377838161,32041.528914579685,7.1327454798695955,321.34082253493807,579.8658267626383,10.842970002661175,59.86488047081118,3.59410944622285,1
6.308363721765089,223.89563951057593,22947.88992075229,7.107820330658054,,321.3146786209504,10.701266137690938,79.075916599898,3.9712883393633005,1
9.03709047591603,185.8102908073565,14619.569726616104,5.347798946277552,316.498133124429,414.50456653221363,8.41914085415727,69.26003666555032,4.706074276447033,1
9.75917270314653,144.2346267614158,28169.89203519961,4.827073638309302,,493.05049873987866,11.898390412347249,61.87104692610161,3.9193938082831843,0
7.974980567677224,233.85543079276087,23747.422046127984,6.9816653966035656,,424.4291602055666,16.556515932167095,,4.1062422534706275,1
,168.8464764067375,320.94,6.7517380365597015,413.7478650901103,435.23334575168246,12.321647110912862,70.33672708517199,2.7719533072151887,1
10.239427167602113,194.43927235679982,25770.132509108913,6.460720722790618,364.34526464577846,390.2894251360595,13.177760162725315,61.39105589347964,3.916538771664772,1
6.235756272478977,211.0521203482106,25449.867451618178,6.988211039100433,307.0720138545819,387.28673490543474,8.578343519716267,65.41721617156671,2.4006400248772346,1
6.547130927937392,202.9331905570835,22190.52353320884,5.377613329363896,,414.88337850722974,11.64350034621925,47.26783041357051,3.56740700190056,1
,232.34662352250612,29833.028964149245,6.4329834316715395,,425.2578843373027,12.751777251405096,89.59050555461278,4.019542135026982,1
9.551115068936491,212.1196233547539,16118.159788282162,7.962653548370669,306.0935038705279,326.4059172393218,16.406345398630947,80.26210458515385,4.568284019697965,0
,168.05014101955908,24964.711953261285,6.567047273044964,481.03,416.5541030958419,8.736026722890688,89.54882304182543,3.190655244107459,1
7.739636145575438,268.00112428084583,8274.097066763086,4.478283494567767,375.97142720560043,548.6589129264878,12.773921051663033,84.95812508663585,4.2614736319066795,0
,202.75968427456112,25583.690523159494,6.373146201196757,369.4466787046564,388.0156068021447,17.877367679528028,75.98369394842233,5.115424855402461,0
,191.5254533486849,39139.63065452027,5.429149627659161,307.96787133993996,321.89505228407256,12.806774324586996,47.917869008806164,3.470219784741815,1
7.967441828084425,228.0638679100672,13290.622433443694,7.542075348409535,398.7921720253623,409.652553385337,7.277491719267172,96.22600431468268,2.7632987210563273,1
3.0579994764660583,204.5719471021808,15351.711819515953,7.623763097341072,379.31779422626346,364.13499252411435,18.514071823022512,51.39086325864009,4.196075166504529,1
,209.49662298384507,15788.269887924422,4.499136092364071,411.71675380519883,313.72521367748084,16.71250887980188,62.05716464246713,3.040242334901692,1
7.463701876517682,278.3130098739906,23153.988542817093,8.319240493519859,,433.1375950772304,17.157704649510798,77.83767890054358,3.331181112690655,0
5.249887607044984,187.32400743897406,12692.782028943073,5.362745643979878,272.51612168700063,364.48500575744987,8.508076129272744,78.64082993669221,4.6902028145279395,0
7.69425407532038,185.92202180470804,25707.827127368368,9.583508018962116,287.8104483544404,371.4006010349183,19.28622845255428,75.65879024196296,5.433981434793812,1
6.754890758632067,200.20310147496983,29439.665340642558,7.042933502089025,292.20310868349617,434.2900008827471,11.720456158281934,59.92333237209533,3.1894617092536417,1
9.87120636032163,231.60144396190455,26699.55094547445,5.150698272308124,294.68197855317044,297.9788292028161,12.593757094631036,56.579846269388426,3.3948126027879777,1
9.581101363091623,146.83516108733969,6507.615551212768,5.315662008305564,347.17739692766537,281.1363408667041,11.953807580566467,107.40873696004729,3.626902209321121,1
6.339369145102121,131.7425222882525,30740.2873336798,7.669990561024005,,476.1098907596461,17.414362072271736,65.7639004750727,3.5427097182501672,1
,177.06564990200954,30233.46178760239,6.501746173960563,,265.8400283894796,13.68486745320747,63.78253899654364,5.477968160773387,0
6.9624233706826555,142.64661310613064,29293.418104714634,6.967286822803338,412.6718407158214,342.9549086652596,15.87456281786504,54.85465597661097,3.556157092843527,0
6.3618614329062,182.401545293357,25283.383356296006,9.668192767661322,333.51236077324614,276.42696874990645,14.531232385747257,,3.6675535066696194,0
7.390089724604722,212.89219000873106,23944.835414859703,6.015194378518061,,382.60045074927734,13.965410967776432,69.60400891335318,5.230618429076364,1
5.874331510468732,167.08217736640157,31066.668704729178,7.214741315159216,,456.4857079851672,11.14614474900009,66.1374599431645,4.419807523000655,0
5.282321617449333,149.45594215542945,38880.552661995025,9.363354290049424,,430.96915301655065,20.278185343988703,72.576337145028,4.739001401700411,0
8.070110846001427,198.64980587720063,13657.28798415288,7.547411291236912,250.55830045046122,615.2012073359376,9.436167089647691,94.93403678951728,3.263231959042535,1
8.08095203891268,224.7304297741468,31467.70800180416,4.58156767813435,324.75174949492657,509.734520229707,15.644560654054805,56.772047212213266,3.5564598471229263,1
5.801137942140612,140.63927334157378,21258.08934092479,7.918514638536776,307.0797513307296,346.6338225503435,15.526733319875092,67.0970949488303,3.159019681010411,1
8.503615134912533,223.33924125630077,20877.042766173574,5.282455484702158,342.33346299354025,325.1440145099295,18.100919307164528,55.91781203773201,4.5949840059079365,0
,223.24302797891616,8540.91308423677,9.342755895398085,337.4758356423521,640.64451938964,18.87457800717541,71.16821947815866,4.925689702071086,1
7.48253272848039,227.74031815890993,19516.894127405594,5.8198691841031955,,507.76706950337035,13.825243735930473,57.202163467761906,3.50217599203842,1
8.384346980053806,236.43362946498107,13269.502407506892,11.81182502223815,355.471021987925,469.5228516595268,16.03560515261093,57.89833239859482,3.6858917681346646,1
7.026556022121096,268.7722178428082,17946.74996506705,9.438454061557731,283.557340951794,427.9395234632662,20.121731981597804,42.78491180777998,3.720017749269847,0
7.803038050304404,184.66169344140548,12384.565820794429,5.861352139987794,,443.99601308333087,14.064264901487345,67.98231958602234,2.763165285243023,0
6.258876866218761,199.97271355296,18077.805382258794,7.151621811902545,315.5710989420356,302.1088378755103,10.750105197534264,73.35367248242254,3.4444187793474703,1
6.767618132349326,182.67750431480493,18453.082906715295,8.310757964980873,,434.58190573530277,13.007410546964914,96.50250739465135,4.573147647515609,1
6.752683504900259,196.43499865557106,22862.49227517491,8.358183549278198,,427.64692154263753,9.961621744586113,,3.287173566532827,0
5.89294042900102,246.77087593332195,7855.042800008105,7.818891290762392,,348.8174987005384,15.510713644392531,,4.042525852519891,1
,152.1459237683596,9338.96293522479,9.098411278406454,322.12881690642644,378.36629202259553,17.803350048945504,44.40039236123907,2.949745199917958,0
4.6176969048066425,168.05868677919588,25187.560616899573,6.925709064317696,328.8703120265244,544.3465561181082,13.879352661256448,46.63957624833257,3.857679289319483,0
6.299065542044054,241.65170919226998,15021.698049802642,6.540586083649868,312.47897919754405,411.7733629417692,8.91462223630845,45.436733467343494,3.5306094994229142,1
6.627047965542223,229.90880034694072,31436.179682716465,6.571954899079115,371.05093772982707,589.282064670726,17.661664264040912,96.786720133571,3.0170962426486616,0
6.6726741935323455,184.43023145265448,23989.38332636948,8.47622970651596,,281.20828794308966,8.400450437217271,71.05677384026868,4.586501155000987,1
6.696019061065462,224.46273779684927,27334.5263874354,7.696986043678181,310.7753154550983,379.69143834923506,9.162889685074733,56.96760657234258,4.630369341736795,0
6.981794922222395,207.58917690113805,34383.844360073046,7.580228191790606,304.37514951312545,296.838947488224,13.68969993739248,50.869471588620186,3.2137598044559397,1
7.842312013756842,245.6990291439525,19298.369066917243,8.376470113826347,379.01293514179514,324.14447727646194,15.113409163185901,52.54817514242635,3.801376897928893,0
8.470482147870712,198.81987544502428,16976.663109488007,3.879337195590909,313.38296486388595,354.9544148686156,15.677639220890152,56.541535796886805,4.004568572796511,0
6.046873289311256,230.0927839041305,29657.675141004187,7.609908741722737,352.8350800903969,447.3733240355992,14.061078082726173,87.69700939900838,2.5544858060402778,1
5.1669106399312605,283.23935161699734,26481.795351266926,7.465338844420471,415.61370529294965,443.4548911467169,20.105744862596378,65.91551502660562,2.8802676734126553,0
5.423149384533466,216.0355002179607,20371.471065210237,9.756716768455114,330.68102102907875,366.98975636769694,14.495707208985397,42.97999336850751,4.973301860366089,1
6.305347355300066,197.99191009133446,34215.18658531086,4.7048309880234065,,241.83923977605747,17.704751416802218,103.78323106513741,3.1392010207279952,0
6.520445104671751,220.12405687406581,20153.01091206688,9.580354879155278,403.00748616313734,541.3171379984585,16.88481960715345,47.95219276505979,4.951382824436323,0
5.855706254746043,184.35956538225628,22301.467935062497,7.239146423700972,,398.79449564994167,10.000587946403005,56.84028468543183,2.9205773339810017,0
5.019174503842668,274.8863781576532,22200.182299425753,7.8926034584428715,,331.6714284362619,13.718192087084924,87.59813619191621,4.483885666169514,0
6.354767884316041,202.2907357194439,13819.038011010114,9.767951684422815,360.37610337772253,444.10990572608443,21.308190898960174,73.1171210556147,3.7271835761419387,1
7.3684683259812145,187.39595243098515,22694.402918688684,8.006002803448805,,438.4132586816829,12.610598673457748,58.79664586608029,3.836802310059594,1
8.026096850678549,168.89254551494122,34261.67938873109,7.752581897350846,301.470612389429,395.8112880987028,12.047006064379353,46.47648313580176,5.417630012556492,1
6.193697345557769,232.4465999000197,25915.825821158076,7.502820073567663,308.7343539768059,433.8942766841464,14.844605174688944,50.75895403759307,2.9917344252314284,1
6.423333462791939,224.88312213377606,22286.471828818878,6.356104546708885,426.58615401761875,328.540488298224,12.729199034149227,51.732892793342785,4.433942593083636,0
5.606549688932776,180.01698826790462,20595.62227138915,7.07498718327358,,483.3061559855234,11.652837841847589,66.51377448920572,4.401721937575101,1
7.030011719104105,215.32372022762527,24915.320699273077,5.9894898295260575,,341.32320140174977,12.680331964874988,69.4913802036115,6.586567243549775,1
5.730998471636605,146.76867976516127,28588.471165571413,7.049584298907739,,372.9478604583766,19.01995201223015,63.994768108744886,3.1298379602191293,1
7.991273223053509,202.45183250840537,27356.243335374962,3.4292294986529472,356.9674031791721,474.3261627813703,13.827792131209234,65.76552049070436,3.4817318610673196,1
4.240472277824763,211.25662885628174,19104.109728573647,7.797882516756727,339.6873780843451,519.1939635521271,9.884071641581903,49.399298701755896,4.606419382949392,1
6.5081888208005845,252.50700413830725,24861.96014266613,6.927655139021872,378.7935568284403,550.0523005895051,9.276118958928176,71.14294219870253,3.8137941898225467,1
7.55876066931487,171.0254777662807,26222.475216040562,6.588798096066513,361.583575368924,507.21961363286835,21.584524325100293,87.1187915440226,3.6088202537492355,0
7.372296880952782,154.33776556497958,13182.430248220564,7.4672177726254265,276.6042525486891,395.69848610514,13.54076323717312,63.76603058929199,4.716858960892069,1
11.36192352572899,166.92832864478464,23489.231276507107,4.854969001714604,,297.3437073553006,15.718454838195534,63.45060108997113,3.762076619683098,1
7.636182039062973,152.42362770964544,3062.5455816856993,10.168246594661627,390.3319167535845,535.4465924284258,11.726741380815893,67.7429570222151,3.2743499251024946,0
,240.31929392311537,26245.22061192675,6.957627410849593,325.3593867096287,532.6696498233001,15.342463558288387,84.49255463090697,4.536443920714346,0
6.928211847128374,247.28926002039032,27804.354297946695,6.88956579590394,,367.58088728597045,19.11038114680107,51.9233818690828,4.262724646261732,0
4.255768329788342,206.8987210829575,28569.000532187376,5.5946739879899825,327.5802151373475,496.34049803698093,12.121008861808171,89.87470989214596,3.7259796554273388,1
6.951846398618151,236.52617781412766,18550.094023471494,7.157835284269833,293.69967074028943,395.0433906945177,15.797922241629808,73.21537583406214,3.6889648153671835,1
5.755440869368794,200.77455155347815,24723.988806186702,9.311396626631783,321.218938589045,543.2231977254179,9.626979826802815,66.86405365640769,3.256372848146361,1
,193.24272902359883,34500.12897139691,8.756747610902615,293.68337746833157,380.2786379845263,20.97568685179408,86.0302043772287,4.535575546989967,0
6.206230963393099,185.41972308551232,34410.82812491728,8.470011646802078,310.3548045812916,581.80459705967,15.168853929109542,47.27423564467895,3.689115902541588,0
6.894342193885558,186.16434420350566,21758.287144742957,7.983310343634289,342.10234276593246,485.4242626568902,12.913652375193912,74.84669677643939,3.3695201952125378,1
6.069463032166999,145.47828482855905,23235.723934426296,6.5535028064510765,354.9706828430848,567.1675743475214,13.294036651922797,73.36240875371708,2.9672669695903533,1
9.844773649446797,205.05869662740932,31755.19213638401,4.828742196082011,267.91427539080695,384.40590466689673,12.591773642357548,51.26433705810844,4.2758803991688925,1
6.56922400187252,195.04382103216224,8854.202473032552,6.802358740450717,333.06061712897315,454.6244926311797,12.761023906751237,73.85312482939283,3.5733052764478623,1
9.99376569913193,220.87746060768058,19181.177735034522,6.74732308603679,309.482376233115,343.5528551898084,6.178791078822625,70.98387780237627,2.4001132550885247,1
8.374501301768044,199.44505256290148,33725.133029305936,8.77709521468056,306.92265861292594,490.10121135627344,13.955733426759739,63.50801722341687,3.031450344077644,1
7.846486096463265,191.02030229240827,30565.20421380079,7.608836899086516,339.275796924492,494.5505366838964,13.817001567195092,80.36038804362678,3.7877943901859936,1
7.6662857042348564,167.7251731733491,25252.005282787624,9.667452214087607,310.98028343321283,615.6174730690199,15.897469688332178,57.14901619685299,3.8096806213646093,1
,198.7423984266995,8810.093145590083,9.012031893260316,,460.84845641129203,12.548394199278547,70.77379775774571,3.780037044710893,1
4.01500059884048,220.64324014923542,21576.448627862257,6.3987369369835285,,480.41129344654246,11.727869800193215,64.26951819987295,3.6714502329773024,1
6.636575403300297,158.77701397316267,16841.375553904727,4.283695869340608,382.73132793507926,383.83748897096433,14.254264933860652,56.45420540373595,2.8188340962655993,1
8.42380117418307,199.24613702102272,24916.827792075936,9.30920886962754,313.2808197027917,465.64428089637994,8.943061529120499,74.53667420522173,3.28785215116374,1
,204.03245224628944,14917.276940108157,9.267828652704576,,391.1871925138695,14.754730750739473,63.03883560789073,4.893346049457599,1
4.845748143582316,172.76002991463147,13019.962610527507,4.9613856863744825,,431.25386652961043,8.117378250983103,42.56675549807954,4.778257938945392,0
6.996676923581823,177.04128469462495,3908.174272061551,9.50459923132745,,435.99435576613115,17.989909727629932,37.258750425663024,4.42080239022836,1
9.789527770846231,203.95248470743314,32727.569906546156,7.723745129536178,308.5625446124242,393.41672013592006,16.544933553237165,79.16694983358622,4.351812031151722,0
9.062557827700203,159.10311691853855,18508.67428647575,7.373883087038532,,426.9772227025239,11.214324749036516,46.65069026506988,4.675709608291084,1
6.98141362510801,207.87549175740003,23392.033804600534,9.671357541710776,332.06032571291644,391.55864438376136,16.4683668241489,70.92044110322182,3.095780104756162,1
8.592804350522357,166.9307481940855,21994.46491902799,9.244602573704372,317.04344337054255,391.2001304747651,14.649112082280347,67.28912163890348,3.99568412607042,1
,231.31662942693217,12654.220838460555,8.149102904152421,362.2913342741148,508.90603713441357,10.940176135109112,60.43715584861085,3.096191622495371,1
4.370844176945517,273.2377762683673,10973.891189422717,7.867682963982933,361.3286926540197,436.06693053241054,7.584279919571713,98.0588956377442,3.109726713583087,0
,168.06831636004418,13198.913945634422,8.093902979037967,,449.9398961192264,15.327402112141556,69.30712561869002,4.257090651442614,0
,213.9347545148793,15672.936922333749,6.48790925446561,281.6199782411288,304.110628570589,11.650927085983035,78.62614974979581,4.708465342525983,0
6.644350999891406,172.47472616747922,25228.70253937784,7.032939709422933,350.39183510467024,456.1139023785321,17.904349275694024,71.00832636419811,3.8187976751504205,0
6.693019472793721,230.59657323447132,15036.783967183073,5.694338895740623,,464.7588243584787,14.326451659148928,62.65369213395916,5.256220337123412,1
6.60325726792294,154.76830350927813,37328.31535748165,6.593797154332508,283.23044338820483,389.696272514295,11.96438127459388,66.09114402118247,4.135191775095519,1
10.107577177421081,212.1716926171032,31020.73575880161,6.5407184717030855,316.0272953455844,590.402098435389,20.23084620652946,89.99922194838663,3.3641072847151214,0
9.665274675425682,167.6661227686781,29102.24729641224,6.11621751599777,378.0457602771759,236.87465250864386,16.188037890515947,84.00554363427496,3.122351729538536,0
10.607860571182533,189.56434671044565,20964.85253754101,7.336059474184572,318.3585737951105,485.2825519129755,2.2,97.98314046472157,4.764142557664079,0
6.827118115463919,162.46988895315656,35292.16663081656,6.608110255893088,398.6211320155064,479.49888433645197,12.670043245302232,69.98616906430127,4.070198110277056,1
7.550042937107881,223.4088834830524,20102.492363120247,7.913530858156119,356.5145481128522,465.6607325641925,9.698665436438878,52.2111582769619,4.497316954972196,0
4.668538346420942,168.85008594602638,21739.972101689502,4.556733430995851,317.4567723606245,436.1315108697135,11.632668826145778,59.27243584025825,1.8967886568464718,1
9.428325737528056,214.5185848468305,23504.52365000925,6.940899425310467,381.8292059253034,466.3959028545555,13.800935759579644,47.1817488566988,4.160844186790612,1
5.223230513483983,185.0560568307345,28168.07445861715,7.327851591480443,352.2283343009737,492.05594225770733,15.451900563424777,78.81077400520199,3.570816132972935,1
7.42467314638258,192.6061484152534,27598.863074303208,6.629205801057728,295.15339013053745,363.2237654746982,15.145120606395928,56.91987400587013,2.882867561984846,1
5.335288981063778,201.22821423531624,17847.920737189008,6.847619534301415,410.7716051657449,446.07099018459485,17.847759883429493,16.964955628550328,3.9211077725002284,0
6.143701745485473,171.32120479585706,17340.497261653167,4.615311303046825,344.5276128522418,407.0743328276766,16.387140629553688,,4.821614556250475,0
5.748752734630976,203.28687069322436,27625.123872995053,7.683233825377798,,333.4916378937744,16.18241233540542,57.16767357925906,5.73765806340738,0
6.11347833552545,246.68740047597305,28285.69205241115,8.143217452455971,,479.851677348246,14.946939589571137,57.07075882563961,4.158878877711558,0
6.222794901993124,170.78624344182035,18564.963127411902,7.8997889248419515,,376.2783904770364,18.539304202522732,93.44667718724475,3.4168656598300124,0
6.208252616069127,234.899117510844,8096.720307859599,8.761188753918649,,300.8330619043235,13.233124642038062,46.85049152609621,3.369788005915596,0
8.40500091973069,245.62745018907836,20196.224300024987,7.438416777136354,,378.3190764020927,13.319096180486518,84.79028324410665,4.721243242410855,1
5.323268159030593,169.53482396075793,27481.51961381046,7.876316265428481,312.75805175116267,357.3229910561132,7.972552201660924,,3.1924381870607443,1
7.430660868952049,148.52780458462266,37845.0139970111,7.366623366761827,368.328445688515,505.0116735227447,17.775902985011218,44.98098970642283,4.455493356031655,1
9.016555052165838,206.29847439764762,11509.711750158542,8.20633013695614,,434.2710696199038,14.025375748370998,93.99851337909826,4.199071328168502,0
6.264017780423701,178.3712406514252,18273.670109567418,4.627977174911248,306.0792053496859,533.6141735066609,23.99023488742691,81.3357086034717,4.112819085668646,1
5.938508963711313,257.80967384607953,18599.57761251543,5.708142070594743,275.08826841441333,368.01892539174526,12.937686790266264,81.2856159294534,2.746867499892982,1
,197.5144719316345,33902.56402517888,9.627301458112285,357.86047211781823,492.54040904667505,14.573193608369394,72.34866674704237,3.691572602263467,0
,169.9936834638033,21707.703007323445,3.232511401087996,,651.3883239747755,16.088931396443847,76.09346442319688,2.832636922741062,1
7.3886311332158385,158.65139527793494,14058.133551285133,6.898518870875956,340.0764935180408,450.66454399321543,10.63271108940736,46.46368315957666,3.511167026972923,1
6.235369271573918,232.2060750549065,26913.048696969774,8.972194436180748,315.2551077597097,491.5284610529572,15.466792932940242,68.20586367021862,4.685368155986,0
,177.58947093211196,18465.98881232456,6.972648148444012,384.25711303087706,477.9400976226973,14.394729340109283,51.37261465270534,4.930225164617341,0
5.327355481760087,197.81109092625888,11277.964486451643,6.480082507107898,317.50840604442226,306.9578720374447,13.274792092169667,43.926942401559785,4.136879946602891,1
,227.79679425929837,14185.744761017564,7.324486249368174,,469.23575398131936,18.16131910343935,73.04922489085595,3.5251344003014915,1
7.729685619245811,180.4475853885143,37219.158260291544,6.562070115596135,312.48144481448344,446.6577998348981,11.28859174371573,85.13885981057143,5.208717479241127,1
6.590584530889174,194.85986011102352,25383.055454678826,7.168742198555964,375.1996274295691,400.89721647374864,15.189925994302152,60.19709242398993,3.51479930567018,1
5.746648580468903,195.82523068503554,22958.991589439505,6.040257962298195,419.11934674572154,350.44218023676154,19.0949388044845,62.96963140202712,3.0841645363889767,0
5.670177333569303,218.8377099386491,19822.879284970568,8.871705583530044,289.5414875288703,477.9777254832311,11.941081987784651,47.98472256255642,4.513256714975091,1
,215.79367375157952,24575.817572537635,9.368758575283744,345.8761195940942,343.3003297646696,13.29730739728849,66.51677342370219,4.327032553204371,1
9.03407899895761,189.13266051634125,24471.35850903909,6.909243291063636,447.6345676669949,594.3312377703909,22.042958105091753,78.69803149844455,3.5467907894778445,1
6.0666806822242165,198.4627811420055,24575.992821953914,4.929346715307836,336.53810921031896,431.1171453275105,15.850234425666548,79.20691878025538,4.048175679064262,1
7.80883485864686,184.1459061011077,23021.117213256795,6.292327790904835,336.339270152912,323.02232439789475,12.604486352312936,75.22095052170849,4.314884791304383,1
3.761627040422711,147.78610406048867,29632.20904531589,6.829297917037317,366.4396263992792,380.3488207855037,16.93668795585976,56.39378371479242,4.128869496020417,0
6.1504578082550525,204.8399161912505,22216.68207521163,7.918751425507069,335.4815693908047,399.41118277941695,12.399610344233704,55.8809120773487,4.327972384872373,1
7.030616296735266,258.5852650961913,13438.964864738198,5.527339107390329,263.06669930488766,616.8582811701252,9.100128291030163,79.2696443770383,3.57554240798322,1
5.6336033669988845,167.31331465407786,16644.017011533375,5.9047235365454025,,350.3975213188565,18.822524658827714,79.53814272326672,4.380471134506887,0
,170.95278314826314,4660.926054826916,7.926868297816916,250.8178766977037,412.49732078402286,10.628873835726342,63.617121135711976,3.98369511331496,0
6.018230505214471,167.74047086835378,39786.377759215844,8.603475954622501,316.5164898098499,378.4227111475089,22.39516878874103,59.504538535587216,3.6019877932016446,0
7.544586438038934,220.1945776844163,29579.21403235857,6.137881408630319,,462.2400708047101,12.6603098372201,85.28605797195144,3.778209885458046,1
6.782146860733865,211.11620173397895,14735.558758524629,5.013517054757426,319.0120126056158,379.7113825043583,21.341106095969742,60.57603060332167,3.8936365679789544,1
3.521212339013294,191.15728067334692,19542.71370892207,12.308906758034858,305.04709128212437,329.8314402425886,9.749698763198609,78.46918339279479,2.842604897092203,1
3.7080867573102445,166.18553325331084,16429.594054567693,8.357620694600168,,406.1062920608712,17.674383770541297,64.18587743079597,3.473405787675456,0
,199.4073489091207,35540.02320123874,6.69813405640809,298.5268255293197,397.6929895818881,15.93409396357919,49.450919602821344,4.020626302162373,0
7.807721671825147,144.92522445319875,9563.79769368886,8.493069415338727,,374.0248094004272,17.05294000658755,,2.9162269923966955,1
2.711467300066877,201.08586551827437,23017.881335076585,6.9233585250512135,345.1503693619718,378.343346793935,17.48415515909842,68.34263383293529,3.486459543784627,1
6.285429019918907,225.02572181457128,21062.45601552115,8.490107884778295,326.20331697975047,517.6371143847426,12.63246357904932,54.90016240541082,5.830023083130061,0
6.2432659081373005,155.23057238748467,29264.282412077016,7.371841252486432,282.26705961029813,396.0485958829003,9.947726882970073,43.896764295397205,3.0891784754394687,0
9.287457067351433,145.98079905784067,21102.07780605007,7.264209599104766,,330.22980231849306,14.111462312577189,45.52778708452804,3.6706251481326655,1
6.467815319376546,248.301917878927,6597.112390425453,6.940540648195354,353.01907662300897,384.5417878056956,15.018230152606794,60.36629348174936,3.3197005227475898,0
7.688952485738076,176.25534305308926,19812.145688689332,4.8331374931283175,,426.281407997993,12.71819430397528,97.54858533557353,3.8788413969163975,1
7.304598852739066,233.71996517463288,13489.617540608699,10.18218994104116,321.7130283063047,313.8926879739196,15.198703641229141,56.94017080305076,3.334363692354716,1
,191.3065567682953,22711.88882454946,5.632376405976966,353.26366737401924,553.3015387277171,15.371060508188389,89.81981918736159,3.7802703638319026,0
8.301449474444462,191.04492561896916,34589.77173712104,4.9711627494292605,383.08477000613055,492.00777337205693,11.267812461939803,64.28424384200211,3.4095333125830836,1
7.422480443675498,210.7850095594497,6761.817986182174,6.78368138524494,322.0667052372717,537.4765611392697,15.587354942395441,47.28898667197478,4.792999696768463,1
7.888147137082598,167.30411759017704,14997.280929054466,5.6008745346534,360.8971973803973,453.5817951019145,13.395528201570722,58.7434429708726,4.033676889421247,1
,200.72650607813682,17167.763146242643,7.038293790914772,,252.67737208048527,11.963063220326841,45.67361539392817,3.1876813275686886,1
3.766260426197244,183.82662804058384,18667.731025692578,8.206666880727594,370.2009080640058,545.9756709787247,16.886211707521415,52.55043044722485,4.625821288589501,0
9.822267673120162,152.95217558084255,28503.93369450332,8.692578582836173,,352.09640516824646,11.708159089294368,52.06859635884766,3.222552039496512,0
6.622958444153435,207.46641061700402,20492.353626503744,8.407274540162257,,358.67366734975036,12.768430277415355,35.59645342415312,2.7500174526489123,1
7.536852958000785,187.71243930985412,25660.085306670524,6.637101353438625,314.62328507445727,434.5241981344789,14.51848831411783,90.87704039342228,3.9676268598024103,1
,191.20702364073802,16526.955261924857,7.1983550877053055,347.98099055267585,533.2785362078814,18.82897146436553,69.81425554899653,5.457666250985184,0
6.4054642298971105,156.5799081805425,24030.197717501364,7.764448900418036,409.10079455256556,507.0166661660329,14.918115297267425,55.29601539709912,2.544421979445608,1
6.173965644100374,248.695244092041,28834.262972185403,4.342695870171525,313.7319072072101,495.135640132626,16.028634380491148,69.98804033729225,2.9318294211761042,1
7.6039188895610845,225.1963624483755,15592.870137161859,8.021523826189378,367.11429591090484,396.6881375866786,13.294803205851597,52.88192723087145,4.556970017265459,1
4.66769382229203,228.07144547157466,28865.48336859181,4.817467125617546,320.1919018129686,395.4127597412355,14.02019934331431,23.182217400317363,3.468989308302671,0
,186.3269781837175,22473.324288681495,10.343747626272254,338.35561586880374,449.84916724614897,14.118216357050143,114.23927062560557,4.447319882452304,1
6.418250896232446,139.51446659312754,31181.281300885465,6.4808661662661216,396.54773335449795,411.3776746074649,15.25084364121635,69.46772600463483,3.3167586525852815,0
,260.5819235362551,20247.925506782052,6.827897220032546,365.43699872243434,493.7646732703583,13.300347333210258,56.86976902388711,4.0807304983791575,1
,194.36111393676705,25357.060445914725,5.903862783204189,282.36538412306953,488.9801096445042,18.715399620926252,35.10925834705914,5.330689661800681,1
9.078867254811492,171.74946270686064,21658.03141509059,6.1246473496680105,310.0680845137239,469.682205577178,13.04481975055791,42.22465631459339,3.0382200753229407,1
6.2288172116442055,210.0744357690048,21170.44604543884,10.71306783924632,385.81268808676106,217.74180920739883,8.629031842470233,93.16967942019838,4.768533431907097,1
7.649941252953297,234.74493150954842,24284.539585026938,8.60578410802481,339.65658852567225,432.2340195523965,23.358656760464765,90.70136571955919,4.500171301373028,0
5.917779521612397,195.61209771590987,26721.123870421412,4.672260136666416,286.1950422455109,413.0924293591831,13.19640963297618,78.58701928246298,2.808389484142851,1
8.285095741378555,238.40955152184665,11057.192600250528,9.496656383082662,299.85898972918847,435.4698291342053,18.62659199527236,,4.405942408518583,1
,231.97903797843463,34585.00665327218,9.005322794723462,362.9187017106967,360.9254827126794,18.9298576868868,90.83137912546803,4.026788780512833,0
10.019288044941295,160.97858655822031,5707.504452526255,6.675684309584504,374.9684738480342,314.8208027215346,17.408659373548765,73.67748275833964,4.041053327732709,1
,174.21578132591642,16009.26707890681,7.604581168407144,,459.3208519515827,13.624529903132597,76.99667757432783,4.2324837018323285,1
8.143161139565072,227.85382192863875,21187.485054163015,7.096388354514703,436.3074976347733,393.0937275008947,15.228926753784075,73.61904588109174,3.696714641355672,1
7.235927387866922,107.1792989019128,25629.862179847973,10.236676249026154,367.9163908943325,468.33668775144815,10.06137120720069,42.016947352749646,4.024677187975071,1
9.140436133162193,191.45589680873516,35834.86914157722,5.8618615013924975,323.6950140958052,367.6666999955168,20.86738913133849,47.01375581691536,4.158332891531425,1
5.937056503702118,149.3242700905808,5719.5310050939715,7.350696763445649,299.99345548772516,536.3238979646181,11.460522146015363,58.14467006751271,4.551925192330712,1
8.264558447474878,180.70091100886572,17562.338496625835,6.443530377031369,293.4002921018509,502.79606057656906,13.439587813327702,76.81409046788578,2.7788143939650967,1
6.770431299174476,186.54479547271978,3364.8016838879958,4.8557961607037905,,445.87956691267806,14.60764527210323,44.0646089093059,4.976890999263062,1
,184.59092485440115,22291.36949177018,10.58278844298688,313.5348547996867,404.65203043014776,13.924374411489662,63.562895006203,3.068873532413814,1
7.225886450272913,178.21165003053744,24396.366528539435,5.253124805018189,403.1064662899934,490.78168550365024,12.105749435608864,63.54245812556184,4.564070202034182,0
7.481062230318417,160.2959168002046,35963.09382093058,7.4678041162306865,394.5146348768577,453.61571442748715,18.895262262301017,79.22652817332022,4.031967177432769,1
6.8951958214360864,271.7280424529984,23071.884345327515,4.36969304191907,360.0016163973351,441.17237406855145,17.425424428346204,77.31618544613198,2.970698052617016,1
7.421393961241137,257.77215069682524,31168.697429274565,6.489468547995912,,506.17438240060756,15.345976246318044,50.054544467936495,4.381953466369124,0
9.589207711523873,158.16127582997342,27133.506318070948,7.786710737864863,305.93669429887933,537.1826519991446,12.957479384650757,89.80738222230454,3.2325828214277665,0
,248.3899987828613,18197.58571718639,5.816920312386267,385.79016311619637,320.6701280698783,17.802753135805197,47.578779570820316,4.80366053302296,0
8.461955802070065,183.2355746732526,9659.519064501728,8.047146924162336,,336.99795644398864,12.742608825506258,84.07243416995414,3.41554882596903,1
6.355692153622046,200.61768412314663,24425.466902732624,6.69491507481683,380.2591106189467,358.8293281668035,19.477996991518168,57.49865554472292,2.803910843867806,0
5.666107083116964,194.2895521985894,8930.489015519677,8.95293036958981,353.43809449209976,300.46404401844813,14.648141230250145,69.05232192655197,5.166399181928311,1
8.598927887598027,174.6774646755696,33371.20388119886,9.271582243077553,335.9221547889622,416.8186641635012,18.350576854279687,70.05647710448766,4.111432463564789,1
8.472914400122374,228.7190650577701,20593.037113942966,6.192943278046582,304.668664888214,470.391411912861,13.903254720332338,69.59890639066832,4.646409078093827,1
9.421546374444063,200.50914912536052,32494.086795256662,7.241237917840872,329.87642000120474,420.15897340195215,14.516774832555527,77.31339703067135,3.305851934572374,0
6.119670804708925,180.70098920455135,17803.296119299666,7.409857677826127,341.63521829091826,378.72228892484577,18.336143713428186,72.73381467656456,2.4943877813676036,1
6.7150176379770485,153.47509908784048,24371.526940112148,8.098571886786823,376.5477611676324,512.9303159311785,21.54189225247271,79.07944292130531,5.276657890788466,1
4.47322018158456,166.98859594891533,23849.780109959233,7.14272355406594,297.09283142174985,433.2497685071695,19.444814165941157,73.9175509583843,3.9649870865004204,1
6.455970941363212,142.40142179900306,21619.117498132953,7.420533315761691,322.8941263825683,449.6098834225458,17.183315590140683,45.94111391057986,4.3532544774475666,1
8.66454711182132,196.7719102718908,18220.284770616046,6.735417769823711,335.6365741246352,515.1752569319985,16.230528163089645,70.76534902634825,4.482144708866651,1
6.338272347027165,157.02363532568907,25455.36806988005,7.302078989815789,,411.92958650205134,12.601999835240637,57.27658497746371,3.7083949786477626,0
8.09836287436931,187.63837034839037,13892.962592719045,9.17074550578551,296.15140713980657,588.3965013495267,15.257210443058982,48.452133107460156,4.1464590471401035,1
6.77710006146348,241.418948946709,11409.071657549468,8.14081152111473,279.2476791786115,385.6975913870839,11.257807200970817,61.71039053648129,5.213283022154247,0
7.595250674872282,235.80296995766173,32911.90461201882,8.227983910320523,361.6956365838302,583.3641738887325,15.523838862496602,69.36475199238777,3.9446958414741227,0
,195.30873572190592,28390.313412359606,8.262451112134213,270.9065476589075,343.11190259783814,15.736567686895729,70.43974195284235,4.704839026807269,0
7.215483024917903,193.50665420441322,22591.865182441343,6.876982130947964,387.003859785449,463.71312985079726,7.789602581740286,83.48648037636954,2.4168273555761153,0
2.3240938062678502,258.18027518496274,36615.00754130192,7.623746728855658,,369.9605501170799,14.40822479642455,87.55226154496012,4.846533291648988,0
,213.49246123739442,19666.169305474887,5.405425588229523,269.6812625721924,512.3733335744118,15.653235915984938,71.84102384165402,2.7828366475553405,1
,185.59172359925992,33612.30577369877,9.124716096980793,313.8809945123072,383.2392406328818,14.002920372869836,74.76678118001225,4.757338882746131,0
8.997531281309438,149.48252430907954,23553.623653858012,2.722922516897712,349.48330088172776,445.398209627855,15.465141656615248,67.9421001567821,4.274692351951992,1
8.316077690895574,209.32055141325677,13028.491315402667,6.982305540110028,,369.31319587992033,9.8388993744906,78.81370800185029,3.8951818726623753,1
,223.6381656425245,38218.75978435612,8.922615643897434,334.60963219630446,497.6365385357358,11.711889148595542,74.2794680863837,3.892321187457815,1
9.498399901183415,175.6012978739914,30701.207408382554,4.9650886648656405,364.43404590751294,368.89218311514475,17.705645320072616,65.51838264138074,3.772869747181279,0
5.571222731888509,205.94474658893853,20952.908618120466,7.751652269834625,,557.9435877521024,14.28189221328752,101.21907793412959,3.3298777748340207,1
9.858307484685739,184.41571006319384,28390.342091211598,6.044389014405137,,341.3935138153804,15.404999428152346,57.562753179511375,3.809338502668564,1
8.562184587174013,190.3190147143368,18474.188179748973,6.537290841001587,321.3960828288583,313.13635164071917,12.471014958054603,89.9331135595409,5.692286080457089,0
6.703877093321876,114.57041074735055,29284.541354352048,8.614586717810312,,498.7944389503517,14.344525217046394,44.48754045203016,4.98579923441209,0
8.885636034020882,189.07782744581345,1047.750224808031,7.432929942898538,403.57536518370046,374.07336099390216,6.6603396837524915,79.56431555978455,3.2906175207525017,1
5.320993315265501,228.24286266317682,13071.890619405596,3.9057177287427067,250.11465787531094,421.3050803270085,17.080299516172737,,4.178796173815285,1
5.769022483170999,175.60948397297156,30600.797615962336,5.577247647224075,378.97037599871095,395.84646994699705,20.264257696932674,,4.044863747324417,0
6.112342340048876,198.0970669869196,19824.96793723973,8.661030461124241,344.1411183981844,315.8049998487196,10.754791912099538,68.64822027203142,3.859011114452456,0
6.238925444178216,171.51434076396967,23833.939140692575,7.829329494744936,372.0513625691566,415.66737206433953,11.16750045934333,77.97539918732863,3.1878335058227663,1
5.4000733480111975,208.2213223165064,10204.705646744464,9.88205420458837,310.9787762597148,524.1205026316615,15.739312463166065,70.47677111479211,4.317800428149189,0
,189.25071726501062,38217.24110250359,9.77858319854101,,502.9635326071558,19.15854045157733,,4.629935871333417,0
,165.48773814237563,32453.332518013507,6.579252694368069,357.98952562577784,440.62349107542724,14.273057879462453,68.60409076725442,3.3195590256479117,0
,240.1842922568294,20254.367614710634,11.075115732009792,294.80472183766983,511.78352344309735,10.210957351110611,48.695070169469446,5.4953223054855815,1
6.173141327402248,226.91328460493924,18465.486050383945,7.158677878366019,,336.25970798501663,13.58947694672864,104.71497768107506,5.157162534403732,0
4.185240752127857,176.48066560204163,31042.24791541388,5.598983715633739,279.171814737949,395.5867811378974,10.870924814167966,58.25275737155037,4.3975691359819615,1
,212.73727961365654,39397.52091523775,6.118849011861288,358.6698488676431,453.8789553098154,12.06611877060435,,3.0092586319183257,0
4.039514589082555,214.04010665273412,30377.203566299762,3.554374333642718,339.5561211429293,411.349873696641,13.273623961802521,55.934134024757796,4.283098728267959,0
6.970871866724105,217.48886460716747,41057.69371525382,9.659090033033864,366.18974262604894,401.94173843088464,11.203935612920214,29.576533585465107,4.189942841220283,0
4.904379088255832,140.66286613968185,13926.387806527538,9.639723942689304,361.4930970412394,324.85397355380906,11.70513205298219,51.441381702741694,4.370261115450428,1
10.239768838776985,229.46722306915282,14829.23921969322,5.515498246674953,,253.67598896989605,14.526707540735625,42.97772371898827,5.210562132385994,1
8.529066728257808,177.63829809900196,11588.776580470949,6.759942824356589,330.86098456999576,487.9899644644296,14.991768538174231,84.06156278465224,3.8327402373990362,1
,184.60461754845116,25887.699179696934,7.271059919697873,312.5962575578272,441.54716755024486,9.566625095052597,56.58087550040072,5.56730473213148,1
9.089293617470924,283.10355201431537,23553.882018708107,5.6026421776154605,,494.7895089269397,15.592023501505906,58.082002132068205,4.287073389875125,1
,206.29559675810688,20681.69593725725,4.346938790591565,293.7163087528242,386.5525911547602,13.015798913035072,49.17912907007155,3.7434387229842137,1
7.944132212085448,183.66771700729686,29110.13092880311,6.787634986032479,349.9538594522749,364.28329134823383,16.664065642959134,67.92149275121037,5.841514221231002,0
7.397698589612754,123.85992102378582,32819.849637827145,6.61269450145439,,422.41920666357277,16.863446793476815,54.80770120527448,4.61731568201567,0
,242.06544472415618,8636.212367799675,6.506310239237735,299.9558883048147,490.9264156008878,12.477568691038789,82.45629955157304,3.6153075681731712,1
9.103042065169761,152.13950602381314,16779.498985307117,7.4718913789095245,386.85018871252356,403.18403198469775,16.312828867264898,71.28699624758264,4.035688939378225,0
8.244662443419886,163.37692885293632,29205.57651511964,9.378641060471068,338.4820603841163,486.69027859742823,11.509675508596873,57.14785878697844,4.465481757046537,1
7.539070623891787,185.47513640599152,17912.690608878154,6.641113502887073,343.76549120272875,340.56018698796674,18.66165242798481,80.15677077872297,3.8523283991074337,1
4.448728976397009,242.94161971110563,15014.964145028182,7.389299937979754,263.3896292978566,408.84184269721135,11.6348591751651,66.528477662516,4.074448137855061,0
5.553526390505652,221.79413076157016,30945.206731972423,8.268455427516999,,416.2233748756135,15.447601204550448,66.74781993406341,3.3325811891430774,0
6.8848927955827985,191.18030267645224,10707.018373620402,7.995545823890144,,521.0068352677696,13.659013731227432,42.73456725761745,2.6555482659698315,1
7.228462075099875,206.50664305244445,19369.66634479715,6.14921083137241,366.4907046022577,438.6704463076457,10.91407915787354,65.24982637153363,4.0530070717408755,1
5.282976077768462,176.62931841839804,24895.82814535127,7.272275854520177,305.97142202422606,563.0079850285368,17.26203117150937,71.60259226416522,4.079221701336192,0
10.914565914169689,200.96181331290873,16982.50991748515,7.985112915867104,402.9552893621515,312.97011446824445,12.247223712650921,87.97711118316923,4.381153281415127,1
9.491066547853181,198.78131216830513,28881.245190647445,5.337204886732971,364.22104805361374,432.3900458545196,8.652761133921805,54.23436106816425,3.520572028457167,1
8.037368129424049,228.2231541700029,17025.852421593605,9.116391637058483,296.1565053542552,436.38894952656364,4.740535767913819,103.25979752637758,2.924367650258281,1
7.194538609441154,228.17081666579267,34365.66863164509,9.381910470238296,335.05775178935625,472.0059322289706,11.383602061443415,75.410129366293,3.217046913597068,1
6.742587737857169,212.6119763269216,20911.474788167492,5.9780071963977,436.3744047188237,356.1542499362006,18.834256867879603,41.815915845773006,4.7933943303350635,1
,184.45601230788415,27900.16918261046,7.425998628990107,282.31299900403616,558.0269531511838,18.443114327437115,52.7246945140957,3.4500431764780943,0
7.203194024444992,220.76111703954737,28555.653253406534,8.13479964554023,355.6609408698636,422.9377457497476,11.901439288229668,89.39176647702814,3.625176831073066,0
7.489826538826974,193.34607683124383,16511.461558138406,6.257929633000571,320.4119206261991,334.0332036045999,13.040554232338433,86.51544753313155,3.726317420211733,1
5.105600684984218,160.79665555671218,4007.9494540524356,7.88094987618719,363.05964436984476,420.59486027477135,12.741137719909563,66.69275253164894,3.4869645879563036,1
7.611340503419387,183.10989740196834,25177.402087672664,7.377943889541622,386.27047443050736,396.58028572082924,9.866339598561927,68.82566843547605,3.42929555452439,1
6.833138112368649,199.1492472268286,22647.955431948718,4.800689279330695,317.78205978557514,646.8310641964291,11.139366504926734,47.556605771113794,3.290523619585628,1
4.046585982974948,226.29789496689682,26887.889430614436,7.8454748792461215,380.1253462941111,506.7464417136116,17.5276049092166,87.78094353700783,5.062512128163196,0
5.711987832860592,190.3355936994728,20027.768001488017,5.3817749822917635,425.7822445907446,425.90363076833813,15.947868854265815,50.41792853598913,4.5004785330074855,0
6.422367201859585,156.61154637444176,18239.854593127006,8.603940505626035,,412.84489350220025,15.183924121733932,80.0679111779769,4.943300203057186,0
10.081423375170903,198.23566654679942,39625.5261899038,6.059486501288456,366.2900894360091,498.754415625752,9.860664715402557,88.27604552500193,5.100485010039454,0
,200.10043459705946,9103.65034685844,6.8651690148153905,309.3239432981803,502.6180397977263,14.613327638452466,67.17915686727166,2.137093758002275,1
4.956584305131173,202.48034123832252,28449.78614607031,9.288200683245588,334.57772058007276,186.57853552050517,6.654273150994648,,4.2378946207818995,0
7.852797700174043,226.61537544458167,16975.65338438886,7.904283001515576,326.46211766002455,473.85670676554804,17.069676908072363,,3.5127806655593115,1
4.619786657587999,229.87219613415587,19069.791685839868,5.4144312070722185,366.789086040779,424.1502560843526,15.135882921439938,70.73573517122975,4.841111522595612,1
8.801478775680447,176.8323465160908,19233.551615376902,5.516431818137448,383.67767725905185,315.92335632317656,9.827280583549562,63.56361661013111,3.391652461470802,1
6.330911803609573,176.11120309935075,14969.120326530141,6.173101593974514,329.2380961495548,493.028906764426,19.630368595292033,65.31832076481646,3.1477631900363066,1
6.931118459904718,162.16826638378404,27022.909473151183,7.743537651703533,397.30265827025767,603.426915255779,8.334694978151994,,2.8514442286905806,1
9.188016669592082,219.34705923882206,34208.04571613892,7.6861137075937735,397.1545650294826,466.8902484226212,16.035313463246183,54.012854233517395,3.7339135694365346,1
5.033409925951043,244.0072051621441,26135.43768959764,5.787898358632667,368.85668204251147,510.82662670319974,16.11761855531937,73.55814143869988,4.683657304772082,0
4.858582085670344,186.0101062103546,22920.60227052549,5.2758090127293125,312.406181056086,567.698905012563,10.176690845743288,63.74729187762458,4.169810429151823,1
,188.43176303184222,13364.41743281332,7.564901780035618,,354.7882129788054,14.154714213418512,71.70006928145348,3.031934353193808,1
8.731022373120714,244.59781047083834,26545.908521150304,6.832661096051544,300.13116428873855,271.76107580160976,8.862099842474024,42.292833095385404,5.649074090482275,0
4.664239739991821,212.99274221370945,40922.19269029258,10.528401102167425,373.0944586292646,474.97791523667394,4.858501012958246,64.90142740847207,4.476640138803424,0
2.5768725990041954,210.7134299738587,18675.942542629065,7.177833777369665,283.5885608457905,401.8780356248019,10.74532968885621,83.0673068144637,4.576379890290996,1
6.362657415129692,157.21266528358387,18717.251665602605,9.986519467766435,361.81461563327787,310.8293015793319,12.23897144111279,48.29580519852803,4.972322485331174,0
,218.6865789179073,17094.140678753956,5.270793914995143,,415.57230576150516,16.41248795848372,66.66739738069704,2.690631840871892,1
8.98841618208474,165.81999712403916,17722.62702583926,4.634323555492503,367.8912802838545,480.6903787497579,14.503120761551312,36.39242134966372,3.259081371901452,1
6.343573434284216,159.08341628645857,320.94,5.350265490609655,334.4932351166998,409.8501100537444,14.589635470568142,45.27762447962005,4.6119488584009325,0
6.425831694685556,184.9681505559105,25565.67113335283,8.998825054696477,389.01930923223404,358.2985908839943,10.922264426931333,79.46795316263085,3.337624104143248,0
,177.10913525300708,14599.806552982223,9.894640511715783,381.05904863406704,403.826159386836,12.52566258362301,61.39578013419648,3.755489491641063,0
4.107110697484281,189.0838020486199,7894.3851244557845,5.884156462754838,,420.31591207434525,11.201942921333076,95.88113896441362,3.909362290791586,1
6.462251967459015,148.9905238568207,28618.488797526334,6.392305672979899,394.287111311535,265.9492435345601,10.225336036731335,73.39692952666539,2.9736237968686643,1
7.382773984980842,227.89588015665709,12526.341310614831,5.27301016186425,339.72918914379113,410.35092828474455,12.314854896672179,74.98503785790928,3.688562597935761,1
7.794257766843205,233.44832536370018,19044.4466941865,4.257609041552948,285.78279118869284,313.24040304124986,14.526635994668865,48.98252043270054,4.68331250953443,1
,132.34137945025003,34872.692758104444,8.255090482487075,290.1844950620085,475.152477442345,12.384566500705887,60.16899500265676,4.538974034057916,1
,228.54169265031618,9657.282629916193,7.472372078680218,247.34273391573385,295.7265390410766,13.209206164203339,54.54594657446964,4.838151436334625,1
3.1235595080733467,169.71981865146492,8575.395098053103,7.1365710126247235,,503.73578397180665,16.580168024116702,49.16115265407153,4.757703181556821,1
6.033385024389181,224.547355655994,24375.520174610632,4.90791067128186,336.63067590212654,388.8212791061292,12.62250287413377,77.14179078023548,4.2865816620480155,1
7.801078852961603,194.11947932112827,32093.4504154404,9.711131557289285,310.59912383022174,378.006703378686,9.86457045143008,80.38786670813724,4.224809228681566,0
,197.31614054698323,8209.364444147042,6.324696353881833,326.31878326534394,445.68782055394536,16.1450311565001,72.85480380162933,4.167597992883162,0
7.17378491232746,190.28398928703032,25588.945995738366,7.963129751210032,354.1882726740912,351.8970961370454,15.15996233656242,53.00187281360354,3.4809032095419106,1
7.79052727627629,236.22480823519703,27108.625136121893,4.821792979713335,,444.4182318487918,15.36786293895036,71.75121196787696,3.1666431154979215,1
6.535346770636154,155.61234614817707,3958.1971575100324,6.818970200400341,,362.7209688296859,16.351525956443197,35.452863464285684,3.4321140700264783,1
7.351037395884548,216.3557903376071,29015.804876533115,7.580371640856963,331.5750614895226,376.89471671391215,15.791483455389297,87.8062899676961,3.7156971330851745,1
5.549255221197466,232.58173582156843,29700.670019807738,7.636778844524226,296.56452403786875,454.6507239651807,14.375091972080016,45.395930158186275,3.458455763100635,0
6.751488065283286,219.9232618481687,19280.17637591442,7.364344698313868,322.5640232951272,329.8699050995872,22.195708314040427,48.27097366414567,4.292788756017455,1
8.050243709646864,272.80610030295395,32995.37674205544,7.901345537437061,389.39782186640076,319.7062592715663,10.02675344974053,68.26542892164572,4.127478268530116,0
7.329587007939811,178.9782304416119,31979.180255357605,5.3337776794679215,,441.9515855089038,12.338958808202872,69.70330168471631,4.21127232900177,1
6.147415281393343,227.8461825668753,22918.28674990611,7.431848716594663,407.1330618596636,419.7159539218079,17.481876747084733,65.22292767705014,4.244098291414308,0
7.436504082822361,192.8817399099741,18055.559493758497,7.299737139898839,393.07836257897065,435.52374763549506,14.75196062683635,48.43812991490645,4.902617871471936,1
8.216229567112222,236.9243917904758,13483.78052593386,7.486042841028196,309.785174118656,448.3698031118252,16.7887252425772,84.73757053650127,3.9633131439380618,1
3.82059336706181,196.11718582068139,21684.711738676895,7.234305443364307,287.75725359505856,426.5270922586802,14.841893781767043,39.12134192669953,4.7565281583909975,0
8.922927763279878,183.616644292362,27010.060970550472,5.1083238172168315,,471.0360458690185,18.828127184339536,42.40070773454417,4.372936579223751,0
6.545354965497095,239.31365406329917,19171.522501584863,5.0378763916678215,381.55083595989913,429.76480071361516,10.945139067853956,64.6690187497765,4.851114158575367,1
7.756528993851966,180.20744344505758,2745.148610289525,3.621456266302409,313.4762926640077,259.65969882824197,18.723542233936207,45.94469417375781,5.229411270821527,1
8.983622608595912,149.91957704734972,33138.896594567275,8.411704525555571,371.39310015401776,280.62596705942883,18.15599839250612,,4.419786672383675,0
4.899038821403559,179.37607448124453,23682.07563637248,8.427698865381615,383.83358435001674,577.7068527471652,10.273943031897442,47.33648719901905,4.050939234744159,0
5.951988806140201,216.72380328383096,18685.326027174415,8.45280946013095,301.71985756198086,421.8958082956973,16.367502506728197,91.59269932276285,4.045900097605781,0
6.621207573557629,242.14023415218358,29530.143329976796,7.604728140689094,,498.68853029177575,14.137537824296889,83.14827664218406,3.603270457941766,1
5.833831901412159,200.02393385974932,35382.9902579608,3.749671636005385,363.2984613707006,393.9502103472197,12.272213516715897,86.38320180051271,3.5770577256706764,0
9.838549155580527,239.71231957065476,320.94,5.497797422979279,340.0695255061538,417.2012200710825,8.028670482034347,96.93337480418352,4.673651387382997,0
5.7177323708153995,151.71320858181673,25821.961212797178,7.389256359797117,305.3633315705608,385.24906864183043,10.934206748601682,67.71426781186949,3.218337171890907,1
6.196680620615882,181.79549727678736,9504.416529564714,7.334118444411037,319.1926858388867,621.1862469287075,16.623851184010988,50.01007103963309,5.229522655738537,0
7.4049785602487335,186.88165014797315,26390.57541660199,6.768057823219807,330.8590801260303,442.35705257547,16.973814601252442,64.73333257006338,3.851655862734865,1
,192.60328602470355,23135.828628925665,7.7028891805950295,,378.6627840769891,13.582548309292871,57.23135050448299,6.202420756635796,0
6.4508676683075405,199.13502348566647,27588.50254795081,7.138409698142688,365.4929374705132,288.412560360572,16.98422082380427,54.92528521072798,3.4293699670728985,0
7.584750685387778,219.08715227905532,17636.4023449706,7.310817335571151,,581.4071368419116,17.408810857829593,68.84080860753456,4.165147357584662,1
6.550751957031807,181.74475116095428,5588.4529527059385,6.110276774125414,218.4784740102827,408.6938409058485,14.791858263053209,61.356625814118665,3.6955575692062332,1
6.931514894349082,200.94126322701877,18065.00498919252,8.671577358072113,332.7912644926224,482.03859744296824,11.889075705055824,54.229247307751,3.3513944085962484,1
6.23836194120709,194.8863593661452,25581.56196805765,6.439380858284993,303.06411845663087,491.071701002575,15.739889113419784,62.429389287938164,4.799764273685401,1
4.67199220840258,165.926739960059,30917.628711451704,5.0175744488274105,403.73101520517685,384.48403709635744,15.891919382350837,75.28247155081596,3.1076677283697114,1
7.59133320602939,192.6326392630024,11738.805213615631,5.901821559746409,,476.2376333067091,16.510755932059524,81.87483040266983,3.4426618845600974,1
,191.64647465698275,31019.941247265935,6.569423417648071,288.3156118805739,373.06354366473425,17.144484823707412,40.46469108456979,4.427329372953631,1
7.109258592945666,190.94215102269985,16333.176477174202,8.690524405622778,354.8185711898267,341.84374141997444,9.771235266940757,,4.551069432540536,0
,197.41425093239812,25192.257158253316,7.053216562473027,306.4242700171259,516.002036448837,12.592134197839393,64.11306693541928,2.8843293714425338,1
8.181429180635806,198.85814601536813,17543.049181721,6.825885814034274,301.4949241441325,409.10513432276986,7.995563345773316,47.26682604035692,4.423707970467992,1
5.0617645104907485,182.15613451095098,23611.465901037503,5.147111788875049,354.88354727658685,463.7962072117666,16.7525568869562,64.4631612394015,4.070541932464745,0
9.786998306426073,238.2168604529752,29834.581470163874,8.361062491930731,,455.10063472552474,13.577249107184821,68.79456896235766,3.2541757808680067,1
7.4017027863122555,157.9174769118048,11254.931172310064,6.089915596643051,273.41972507737864,473.44766101166846,15.705994574008443,74.79474294264644,3.354672402438268,1
9.674652469551683,172.6645028335098,16052.287550962636,6.96195598287269,405.2708372467474,296.0906849778247,9.395503343490574,67.64841685472044,2.383907886200247,1
5.914477537116857,287.7752039644705,23635.947394490202,9.458689261473346,,374.586819259011,18.917246612483996,52.14623854623956,5.309606653682111,1
9.97071845686694,162.24084424795413,43072.54444260092,7.923846063057901,322.83645141553336,395.66591777113894,10.3267373651102,98.95464584611248,4.762027923682066,1
8.312497235515306,151.85854629554314,14445.150585585317,4.547358604610025,333.63597397414577,354.6898936561015,16.84380453750594,79.81527116483747,2.9644668920609893,0
7.95933373650525,220.51959537564005,39903.146788736005,4.324173826563094,354.73290171317115,456.5623334566844,14.670415065654312,75.34300546843485,4.593147984777601,0
,128.07429920791503,39590.01604790699,7.018389488811591,374.0956371629879,517.8146985313005,13.652944406388347,82.65816973843695,3.5222625717192604,0
6.684839497261626,188.6341938401062,21160.81036329255,5.203869828497808,,530.6078238450878,13.385770047113702,70.35777639989352,4.683552218352766,1
8.988845336973458,266.92472353651493,19399.718703339342,8.144703861260137,348.94578910549853,394.4754708757372,12.168011439163609,87.21234832774523,3.583062616055916,0
,145.57250687959618,15945.667860944744,7.186775642644667,312.7923130213719,445.48668100384805,18.567099345541543,67.32018815562367,3.6865838058157925,1
3.9523591712964277,131.20300770891112,21416.051338600868,7.381307935057704,325.95239685228705,457.9069080328898,14.321748481705923,66.4282739072363,3.7450891311490215,1
,147.0769220796309,9679.172185241237,6.0033457730050825,340.4358985703963,472.0999175335292,10.07887673453084,76.67799678684169,3.457262833504176,1
6.784505254013532,225.9080626072489,21345.582839893126,9.871386175352995,333.5033735041583,350.9191233942689,13.009091731264679,91.90546509898715,5.0614316726819775,1
7.572898383233233,233.35265855313352,35139.5894628804,11.611298090256525,364.2471809276925,569.0292972811745,14.704802180041725,90.864946595381,4.6708510546035535,1
6.990024302649165,179.51608035534665,16655.747853718527,6.679836136464391,353.9551252785679,496.77136129887964,17.251735481584028,75.99227413984673,4.055759859899958,0
9.018163555771924,218.83402384355514,19903.282089770728,7.677802012495702,271.3116313478044,498.8831199572231,12.278708725088043,74.75877987177262,4.769163167908932,1
3.9777480361785864,242.08159516859422,7097.520671554492,7.273919402041614,277.53896276334933,519.15364179869,12.499959600286946,77.66196621154116,2.7008840621085417,1
,255.13795010645268,25294.079604123224,6.7096947557631115,,465.0588668539368,14.35756034085791,82.34734637778615,3.011802152730195,0
4.189413031634424,188.2704959548066,24333.21616821407,5.805328660982181,409.52165837034033,338.8625291490204,17.17103615402565,87.41348277970627,4.340152714639211,1
8.287942549819828,120.69760992301083,22572.668600771347,5.405750579780846,298.5070662977836,410.6582238357163,9.749422487177142,62.57206952081772,4.543718513530154,1
6.929810644037215,169.3795010311695,20112.82683223362,5.325756320469672,325.15541536783974,288.45186461109597,15.952723828582677,87.72623166956899,4.187937886079486,1
7.747179855518348,182.33667807052873,19447.02169618942,7.76027924036765,,455.43616023387995,12.743953025274148,71.94966094567374,2.5014981534389116,1
5.706426092662272,187.85609236850252,26415.0373322207,6.298914324438257,310.8314816110717,408.2141521470605,13.206128154412509,76.9320736520492,3.141379071016557,1
9.114349241335825,190.1931828948333,21761.409611808045,3.0462972967779622,341.16269019254736,418.6149809633534,20.90521571637947,88.75994002242004,4.294941655873251,1
8.736342215853574,233.15925437996043,24775.94290376394,7.822875988545349,391.80019478002384,519.1973713335224,13.62968686673445,78.48746720646719,5.862648385608189,0
8.007835441788902,238.27320666948768,23899.181883647427,7.059547173706634,,384.95574180386694,16.778036313521397,81.22080821181297,4.919971878745574,1
,190.72537025895312,31864.94080680928,9.247743342213811,,401.51340630804077,16.659604801143082,60.09920813149043,5.200297352807203,0
,232.4881827245838,27950.360132419977,7.709533387403795,447.8187663374688,423.6658817797471,10.374120844333941,90.64268077786983,4.2349858293084335,1
,208.12990573483023,23705.212571991466,4.78369571782973,,273.18182640239024,8.171744783512185,77.65621098521171,4.229342965015714,1
,198.49095638772135,35328.479865315785,3.5971109076466297,309.87150798665283,400.3867353413149,16.997450725899974,68.43974331465925,3.163881335540261,1
9.702674621975035,226.1771718857756,25699.244015829492,5.983233632746059,392.2690318391457,220.98805518903066,10.693462102995403,84.2153835799304,4.712421201380262,0
8.782270790366907,198.74564734606267,33456.746684047,6.132330275304029,314.351095004767,374.56814736758633,8.771554420369899,108.27109745376487,3.9129182720180182,0
,264.0308315029744,27336.10874762082,8.610191537580263,,491.00637929520826,17.676596931134295,47.4868015605211,4.510331252861701,0
7.6546535344642335,149.07504083579488,5863.09362205324,7.105983926982474,297.71797559816065,458.03808323785137,10.905697511202787,53.3956061611013,3.9939353552471295,1
5.02390494542375,179.43118083785447,33455.62496059897,8.911227826995644,,373.81662250910153,11.722967155484655,109.84823989696461,4.187712371305577,0
7.990100594769324,192.21005866815412,23199.392334550088,5.026763771989837,,425.1873119968485,20.815175143345567,73.30392254848478,3.901572069287075,1
7.796459426451436,210.81920446225874,21558.520954522566,8.645117727321107,,335.0093431845206,8.786275953827,69.48827140025877,4.145207264301857,0
4.106992020143859,238.06054081594957,24481.11267934668,8.259162862420853,,421.70060615745575,10.121693202943076,64.53305869990618,4.75005971488528,0
5.232763688179341,195.56777510927517,18989.080995558117,3.9311901039387096,286.8674060266096,658.7184854735046,12.758399148411323,85.9524944957179,2.9823409673260057,0
6.62980915417741,149.6070891242359,24004.808454340695,9.209736189192022,386.62246881580967,571.0676627124594,13.484749860148062,108.64998145655045,2.805520507474214,1
6.6016330020460865,224.07185691544055,16824.183280945952,7.267664416990837,275.4232002786997,426.142920547995,11.321703116190568,55.63724941093447,4.302174370558341,1
5.1569316726841,221.1930442307478,33187.63549977043,7.739430316112239,290.40562400561834,434.83285140846056,10.444851627861146,64.83253455407659,5.093647952367942,0
7.6984761796699726,132.52168727960515,21018.084674545866,5.753464142363092,300.5027801753972,342.72153127123556,19.27808121386969,60.72523505977193,5.290340801104844,0
,196.24492008490412,18659.37679421935,9.134890280416716,354.640629470487,357.0894042953961,15.150484070786607,78.25775532493593,3.014960030186144,0
6.771112080154154,144.08613660723182,13903.813240058447,5.246353319802585,,451.16173691250134,16.216908543332412,86.1783258211863,3.655758408386149,1
,174.51627191413218,24370.869321455102,8.434705389030835,,379.46818284525926,13.825784665591245,92.62669246668983,2.8162121015329706,0
8.747444331002336,166.68564248146313,23654.751704943876,8.4165598119357,,494.9633702559048,15.23809588072374,78.80550181279614,3.5405229314180464,1
9.712097309810389,222.9786232781965,25420.018414754173,5.580815463487889,358.27121478853564,548.7519967366223,17.367904498272743,107.16280456232172,4.845821514138502,0
6.3111372406840065,200.2113761267814,13006.559916779153,10.253730287087667,361.4588372936508,448.7724118260035,10.982250261854942,57.10049673170406,3.9599444088244486,1
6.106654601723835,154.0997678951418,7974.020575536806,7.48581499874368,379.1003903311787,430.11240097598284,15.156607148474519,52.897133861638856,3.678378217893446,0
7.8610201880050745,225.3065688620374,27499.631127419947,8.153150324228218,409.1658419448273,286.04939071472114,16.58390005738012,90.17399066585627,4.395166890000744,0
,149.22646450923372,35032.27609079449,4.707149143369506,332.895170533474,482.31186002288706,19.3932792165319,68.38742693106873,3.3498593699486126,1
6.858358450945458,207.22414143068463,13014.436417320629,10.466013404753532,312.1964951885374,329.45848540961333,20.72751914314383,44.137285567140765,5.2125231246078485,1
8.256048511242227,169.60532919369365,35951.2171558006,5.1852000344443585,359.1926664708505,388.106502223847,14.51123592800963,61.286101118906075,3.9756822783483496,1
4.044123820863405,184.3465375263965,24503.58399230407,8.739320563770171,,499.4429236225666,18.048894923464413,70.5365570232939,3.6566004904912788,0
9.176100696515745,212.95042219550209,21952.15842704273,5.5482606856679215,305.668074847937,505.115054839456,5.4417441405401785,55.943703510659,4.427742403140577,1
,213.5152562410773,18528.15642592959,6.141997691500661,375.1743587995893,384.1868616395635,19.418056430036923,49.98279008280956,4.702643204964616,1
6.4257259001461335,240.32954313851997,9873.846830410557,8.366231389339006,328.63860271505064,388.8414464677667,11.87732507970414,63.04056057101133,5.214860687316422,0
,193.66549835480262,30675.056632880965,8.743533287606748,283.73666837481,365.37104866339575,13.481967443850081,49.175849258547515,3.806224253118632,1
7.020262674482625,206.44610437423464,15213.131327289077,5.111370886399719,272.0723570325745,325.0794603027599,15.74005584325484,76.67642021070016,4.8171240877010995,1
4.327389927522569,181.97719683934582,15176.30057732755,8.84294602711005,335.79784486049147,370.5858291363352,13.77210576418565,34.94923757727375,4.048945057281998,1
9.456951781650645,202.3538273406376,30711.865283085455,8.771069182310447,381.077354561215,291.5168318713148,14.930260686370524,67.86307533448054,3.4931235836405183,0
7.1457077553102835,210.82030125851986,5503.017839017699,5.63803361402507,380.5243661053417,477.0951178374979,19.535263724828532,74.80566998959235,3.364087007376697,1
7.784373387411327,193.13757221570012,8654.315945309434,9.645863197873954,338.3726704298213,453.7753977691828,13.008231649904834,64.93504274087128,3.1143529139662567,0
8.592964135212728,137.06268408303873,21855.07861640234,4.8181649473681,416.9890281389616,467.1919768032348,10.682282167383168,84.08834647460674,3.3914786808664914,0
5.456351692479123,207.26876307135984,24585.775045639075,6.132859319211367,329.438340442746,344.75506463251696,20.282565367658204,44.224319230577095,4.840251164972866,1
7.8328203194660135,208.35678137544744,26264.519692140868,7.876824146065342,328.04052903887924,325.3043970567131,16.023589558285483,,4.52123348939311,0
6.654450665470918,174.00589609767937,19367.74878476042,5.771365270169882,227.4368046186106,426.2150236500219,20.642611008287563,61.06003942366061,3.0018549083652792,1
8.426365532594225,154.13935425393572,44201.81356536146,7.536834155373359,,427.0707692992772,17.138615004016174,77.93188353304258,2.6078150822323503,1
3.697708401641122,244.8969064685704,20015.79814598267,7.500900204509207,369.0704627459098,409.98765254040376,9.898902562435524,69.93545274222623,3.1024113384787997,1
6.922440062616382,212.52872839820793,19990.425470256632,6.8244226535221015,398.5592785727289,398.493962184238,16.416223263515278,101.07966160077233,3.3641457575672242,0
6.121515157303501,188.83781570329418,15025.656605438699,8.435192850973085,299.391681473501,560.1548983532603,11.023131901928743,53.362384186962416,3.7334527457499336,0
7.767298091508307,158.98435880211062,23100.575594142167,6.75918994760093,352.92649147931803,456.3213414531085,14.304599266075297,43.82907962096507,4.884833547946798,1
7.827370257915441,169.34872844150615,27406.420610488385,7.4858348887258135,377.1417295188306,581.1602275983217,14.029385324058321,95.34745974385693,3.5427808500582603,0
5.954874827232978,239.1991722463313,32567.748421640463,8.931425566430887,334.2442417053741,524.4477533553845,8.925532806664583,43.248708111974054,5.280789968938274,0
5.947643555960091,200.89632461574135,8955.196677357439,8.369284211840828,239.2065234492221,559.5483562407218,11.589597279550485,77.45195467043655,2.6594440839893334,1
6.904042063993846,178.26669723701679,19857.062655954353,8.36190731948645,344.0227517823655,335.0519192231079,21.57916996352662,50.56511872008454,3.6980666338054013,1
5.654338858568819,213.1285819226667,25931.041880632736,5.3042962284974875,365.31845644860215,469.83007949246075,15.069029210024254,32.918429083284444,4.582727961926393,0
8.418754075768883,169.59258759676487,27161.745086119605,7.949172269292088,294.5377436883354,386.99471317955556,13.698776794265626,60.33599821610191,4.630820096845818,1
6.492960551288561,245.71771883561885,22071.51236436515,5.731971910268182,323.25291933118285,287.45508598792253,20.28066662800446,80.95390939288046,3.7081431140170538,1
2.45788873127859,240.85008158740433,26770.372546520102,5.0953643319507185,285.91935393502655,542.7969761634776,12.968461123671052,46.63174378850567,4.751367678351674,0
6.484032929971328,181.0290445388527,14920.633477407615,7.00670397286975,227.32448853780176,398.15377007247105,13.977398601882213,75.72121270138337,4.6035132251553685,1
5.428715324858084,175.6993222776253,35674.69283666377,5.691213605090488,,336.61668624184654,17.559557453766633,78.7431324199968,3.4379505657362417,0
4.486271453417096,110.28578042699783,30718.019004942336,8.369175995767165,333.6247357299273,388.3849485722406,12.953564506579882,,4.215644205386649,1
5.112491645226109,147.65562423139102,10220.996554173942,8.406966026318612,,357.53916639741993,11.809016352743221,62.71482234863385,4.51881836157994,0
7.253959470214422,152.32823379938898,12586.97366537486,4.1138505464383215,369.29028518875384,365.82533025722097,6.820066265156024,,3.4937828812931966,1
,200.81505841166526,12834.083349665087,5.811281987468513,319.1086316718171,403.98001400543825,11.180190582703059,76.92658859101337,5.2915738512099475,1
,185.6434357979681,27958.917147704175,4.813537058369562,,561.7744839018761,11.14864816077438,62.16905192316,3.318417681638239,1
6.115659612736974,152.13536917378687,10748.86464922479,6.389045742983233,357.2310675257005,368.0382425588633,14.804855762001099,73.11948088668842,4.08239244896972,1
7.804887670321417,187.12532628376536,19111.479953793052,7.839177558392743,373.82831112202285,555.992255082195,12.259383140441061,55.31243966894816,2.995173693192784,1
6.350046406751803,212.9854854146448,26001.197329288236,6.737184804878146,347.1450175253341,490.4929898510649,21.423042925937317,84.41959607626971,4.0506209549567975,0
,213.7253578252245,21433.90937131417,6.188180399745926,379.57366807789043,453.91666776902747,10.77924824092279,84.41254784526262,3.1376828914647588,0
5.244563357509555,133.90884116536,24284.16330365296,9.17427891236476,321.49198092694337,482.35306100659653,18.91614053349801,68.35625770609236,3.7405792697631752,0
,192.15269676169166,12668.524319348619,3.478325667297864,292.4783142921368,422.9936507513433,15.007382281472188,70.13282561148549,2.732453902169545,1
6.460021306570482,150.88575525317344,27230.11221293988,9.074257591758796,331.095600717498,525.8285693942421,16.950422058208005,50.239466562408225,4.593854452254063,0
,226.01883956197221,16637.098595991753,6.260024496814332,342.2787581742927,467.7133448772471,16.74932485857573,44.52405061004252,4.247898438798454,1
6.926368364676326,222.15273416970302,19167.639661664445,6.996587764021792,284.0124039498987,287.351695090238,6.9376403946659,,4.818180231836625,1
,166.8428647984518,24098.657297364593,6.286765926402229,278.4129712746469,445.83308113534696,14.241760632587596,64.98584033719675,3.698711971580928,1
5.576263763492118,171.18243374507486,22917.938600968748,9.557763206751808,352.31074039992933,485.25070941666314,13.412024865756015,83.59331290773767,4.854400946167178,0
8.0471114447791,181.20353937961565,22224.36047533956,5.17505397504769,,398.53292151264964,10.529842506571905,81.32488100500427,4.000638123407972,1
4.985760247284929,122.29815318123356,15432.16616761928,7.138543464160659,,432.09399963274,15.801362183184523,69.39059613365012,4.058270618354415,1
8.313884383011127,207.41663354272617,19387.470019441098,7.953353069938795,318.8815297866719,372.35881687041444,19.96174844555443,85.66292076715169,5.618961593774513,1
5.486474939906508,187.3988713163365,22033.236969105907,4.574615626741435,396.7632893510322,310.550294476943,5.43235793874374,51.13439362678296,3.5919527473478894,1
5.883627972608674,228.26935671483122,9956.558877008096,5.666560890695077,,296.58854129133715,12.510905372963903,83.83131083616402,4.927418044300783,1
4.747811546921073,160.25430491339128,17958.337307573496,6.885877917072798,282.52881015857764,297.66416528509444,10.156513996783907,53.61086340182562,4.3441542536271385,1
6.2827705864518375,176.01323746154225,25413.488156891046,5.719069245198688,311.71170511420786,475.9621960864684,14.517584604846764,86.45825749643944,3.5239141840485235,1
8.630746808979987,146.83544951567387,10812.797718619844,5.831365001473743,368.9871767793005,220.62543232902513,13.202193552773512,66.1840542000217,2.943761105438491,1
7.89984866062589,163.34892627230897,32155.6571727197,6.567216992339229,,368.02509230281146,12.27520842577374,34.067721573619416,3.1641936606447176,1
8.635691158124576,157.50643196927695,33146.7827660351,8.146338504000953,,360.00990148646855,16.562267601769182,78.21394291402873,4.851926342326519,0
7.910206648034958,229.11761456047114,11095.900014153673,6.578505912532532,,399.0858663014931,19.695760106498994,79.49845038872263,5.322831630932827,1
5.325164972636713,173.41115041305423,33918.47278577446,8.823913387267256,305.5091912883201,271.8532021341561,23.088964737318435,59.012534718374745,4.041323124503976,0
6.554045133319184,200.4528965144029,20755.08478866644,5.543542703398219,312.37548735223265,454.5322358169368,11.831827849568974,60.39302002158482,4.082227774844476,1
5.839483384703234,183.85049928102387,25683.864207987775,5.141962828451945,345.2531051949531,318.99309612399696,8.25290192348219,63.818557371467115,4.57563367786206,1
,154.6299820534987,17659.170483839822,10.163625741039391,404.34837874755954,513.4110158001231,16.130940196799305,35.25104367170694,4.0271755828954845,0
5.177106052182165,190.8362820861164,30107.873180675768,6.080426158288493,305.3294206750757,371.6388971290706,19.610704473919803,,4.827766029616852,0
8.500979326128686,216.068517551675,25574.953830855855,5.048759028825987,,414.1625554478486,16.97331379090481,87.46030282494971,4.197465355517284,1
,156.6588711731746,14875.130178795953,4.367554772000508,,422.19500308679176,19.59700870084533,53.06658514129687,4.0757222246489055,1
9.989096120728579,222.97362855924774,11796.93469916437,8.818663457018124,376.5146285728923,441.6295618921914,13.533639120306985,96.41817329294557,3.424613978954588,0
6.428598317719099,168.43117610181335,9209.325875697466,6.580738866837106,273.85010751677163,424.8815019892382,12.262308604350945,88.57310114242763,3.23269167801084,1
8.212592233732458,180.489488510725,23662.070622574975,6.719138618595091,393.9895265292403,387.37092545142866,14.662092853498343,91.75722018488437,1.5059113494347107,1
10.70782642009676,213.8188610845704,27033.84564718944,6.86846129569311,,449.61518225069256,13.1858689498156,55.87816294908144,4.93261110395466,0
,174.55621915062324,27722.128121975045,8.720449757778255,,459.5640110866022,16.474841210636537,40.376068795463205,3.8556464969265862,1
4.639286006423548,197.60546137496326,20979.564513258585,6.8363428623180456,267.5001597423113,360.05181620420046,17.489931345191554,48.81424427930334,3.657690071106091,1
,186.02296554944752,11868.885588755129,10.82360497055555,,456.34904712944285,17.74915692973294,,2.4476683088193623,0
8.213212125889516,200.62362006042156,16033.269388292596,7.3313417070056826,,518.204834840105,15.97006174036253,28.001142922476653,3.4707120426975657,0
4.085791169186852,118.09129821038741,32118.53970514237,8.797619931794147,340.8506210956916,478.94036892916995,15.093671901295242,58.70761234997098,3.368084562539342,1
6.4880127058287025,136.21006191595825,17764.590507304667,8.392278975488964,296.46837768730927,497.24456702992563,16.90955234142031,63.136849514870235,3.350076991959996,0
7.775327967391948,216.62299515882006,23271.657533864673,7.0624132339923005,320.56304226132255,435.78464300869973,7.782496785669491,45.45626867972729,4.22961219165905,1
,230.4725246177408,12582.17343923975,6.192585842087668,313.62580477598675,346.23032094822827,14.976989190225348,49.56495111038244,4.065353871492883,1
7.756457334052834,166.4331971878836,24965.44199492073,7.644503007135155,329.61343357523464,356.4545347667514,14.453702369234191,62.830715927294634,2.9081891717766304,1
7.433440870723358,188.34634778061312,18000.85088299769,7.925955995307492,306.0471426415139,447.7433455619935,14.985296110665846,,2.957683942072281,1
9.113396643168295,206.06036903542767,31192.26370063275,6.215314043960087,270.23422460833524,498.0841642668097,13.989966061898494,51.98648923175605,2.9562507291823144,1
5.565816954625313,219.1629947425382,28797.08489591388,7.3828154082020365,446.7944594501854,647.0474008889995,15.709441683357948,71.12864722294404,5.382210348302398,0
6.003577729850935,129.69997130746248,17667.457708041733,9.073203865650163,,501.2408495495279,12.37806432972241,68.6141684092435,5.134323650379471,1
5.85147148201939,167.23699667935097,20903.4276097201,10.390517427730092,341.29603206755996,327.2953820790519,18.018722551491514,67.15861319891756,3.305206780702314,1
8.40000498086155,185.4347899905361,17181.588671066944,8.469903526152086,260.38260734667614,359.8790307018662,15.847780763238598,55.85041147600059,2.42825643040333,1
8.511633755548152,219.4892496851213,9567.690655771325,10.063160304480846,251.06229517528345,606.0397694755638,14.778770189595578,44.825918136147514,4.0698745095497655,1
,278.51839430476275,14495.546035545163,6.1255887462938,337.8319732925209,404.56308651763675,11.971220151194442,93.84859303479398,4.006613290665384,1
8.961754930354985,188.87317170249648,23752.172513332953,8.228973958253684,,425.73013278140735,16.978698890038167,76.59834972828116,4.217195249850951,1
5.206915020871555,150.10858104602084,24866.150678390964,9.23486082355841,386.0312881990347,344.26910449252614,14.964043602016766,82.67273814652275,4.54827163613232,0
9.730886337366307,209.59657437837868,23316.642691005305,5.703793333904247,,548.3816572385103,11.779349967392806,65.04687169930624,4.322329083648835,0
,239.80434156009855,19368.322595049925,6.352767622968885,327.5748400295493,462.32692981565293,14.09245029461218,63.74606834423098,3.0991771654298024,1
8.249638975620737,199.921504297806,30195.74984692686,9.865889523699696,,359.2867190639091,16.362263469688504,74.33887363413677,4.199352047987934,1
9.913060264945985,166.55939583532685,22571.2616380759,5.579343807856635,395.86907986623356,341.56904015455535,16.10570841349362,36.71474248968268,4.635982388761811,0
4.44596909979234,227.86884079586304,28180.62041942728,5.001014548403977,372.25301861140025,446.718222907466,15.891999683444993,48.365068665866126,3.4052786560573693,1
6.246127463342384,218.18737993622855,6460.618589022963,9.534210886350428,282.1570330316602,425.46274305383815,14.586278906662965,53.49200247350093,4.20396604562957,1
5.910867497515696,162.63246184284787,320.94,9.010885895469093,335.3524576224845,489.1411477558115,17.67546265522928,59.04511528327429,3.53883104037511,1
8.227152124774175,208.91127430452917,24502.505187260154,7.802749985494356,,466.0959919981403,18.37710642761643,52.16652390617291,5.52701238233416,1
5.410276224032589,229.16009186462372,9520.93263174736,7.047777007659593,319.46302554339314,400.51469821251993,16.72053785788604,71.78481928655708,2.9350748316837247,1
,235.23054459933644,20151.192373141377,6.427131281144129,365.7500471221174,377.93995505481234,12.33553628022761,67.71781625360869,4.871640170492309,1
9.259152468954774,194.18515769182508,19365.130948982875,7.565479220618301,368.2303865903815,408.9634755744882,10.777815715768387,88.93655068017728,2.66676604608829,1
8.185372611133559,184.596347809624,35933.32330032281,9.61609499269445,325.8900823969125,377.38397397320045,12.479559371324024,,5.368581094468954,1
7.531164127621787,236.72276327003192,25521.48777424472,7.49693447930448,,411.36759703871917,20.746603835802954,45.96708311439836,3.079591727408961,1
5.509281387967809,156.5799226619885,23468.43648661604,10.543795642250206,395.86685952368913,423.21875585101844,15.212413474768539,68.78339836200945,4.1179438043116825,1
5.733506963860671,210.79048708548265,29353.305528786193,5.701251662688436,,349.3192251970238,21.318522449112333,68.75460870938885,2.6992293143764927,0
9.0668940594217,151.32352449225758,25245.28688502919,7.088904408161334,336.77716735000524,472.8615464547507,13.882143482725585,66.17027523120777,2.917014728723066,1
,231.39957183189574,18000.917249591417,6.530567305091013,266.2981616013042,391.9520321165612,13.42332675066843,48.84753844177819,4.670242697147206,1
7.017958964189705,187.88546344670502,31409.401697752226,5.405476361803514,348.02848440315455,353.8489068099385,14.034872863708115,51.55974532950354,4.771966602946188,1
6.415523822232234,238.0810167880888,12283.168321102716,6.878127701844744,,393.4730876462594,13.974903795023565,70.28976280080282,4.156699967246765,1
,212.52765142896973,24848.50559119117,7.779380296623494,219.68771415173936,441.46930421805155,11.719215481717832,51.10423581388892,4.548043699082388,1
5.3773446542917425,156.15051883556373,8444.115930230168,7.948283684324208,344.21243254933256,428.60114730891115,10.477312232368298,68.9770205096622,4.785005419270099,0
10.11915634855216,243.21175983069978,23802.38599069903,10.549314442732399,316.5206179069206,456.0055860465786,15.939424235968655,62.42053248605212,3.4363420462365353,1
5.044075642106078,247.37494436014376,23706.333183160856,7.853858602163225,324.63221571703394,494.4943338286042,17.771721375247274,68.69202487250234,2.878810081232885,1
7.381272915741518,225.3795798766622,36714.202685396056,8.937216149813793,,527.3552672879292,22.37288810520579,50.97559838837086,3.9593113587618203,1
8.681835917380365,171.32899099760908,8291.506867183218,7.224428909152382,327.6419995914811,444.96299166844847,12.844410278852715,68.9478523409728,3.5197830750001775,1
,186.3082611807284,16745.168736423533,9.771327848715101,391.4362910854307,335.46089906362715,13.11271033847991,52.14618719934877,4.273124754556776,1
,201.1516469083014,29227.83844518524,10.90954987122915,315.2901741790613,400.1404649395011,11.727231035367131,69.00005494806894,4.397462317428583,1
,173.23200206998249,24954.342834927742,7.959114506942001,,340.72098817416526,18.006157791226507,88.07142926106556,3.438312383355961,0
7.099873921832528,252.0143553025902,23595.10746400649,5.551598755586502,300.3817609140065,559.0297462374266,16.977608475375636,70.62271869326003,4.519204663513825,0
11.640760858510163,201.11545439035208,13630.147159108843,6.252888064012074,,582.5117393258454,11.377346533995317,71.60786278695787,4.480227933242021,1
4.42692717838367,107.4839162111101,16833.457957475937,7.5654561990641565,333.8485855398612,474.4481509816544,11.293724332119558,79.62240145311033,4.534187711533436,1
8.763378362515368,207.52801912342454,32931.3192334762,7.8412668956960205,348.36086840845195,491.2706436620864,17.43282385095242,43.69042598642261,3.651921945931737,1
6.805245237539622,184.92258479264675,21562.42802892512,8.223511712327308,,442.1712288773868,15.548379260499829,94.21215106283834,4.578339288566289,0
8.307353046190313,193.90641483482543,25305.457770821544,7.847112336343465,,451.4746390875411,16.790266640066886,49.32055391953186,4.375601778926651,1
7.781678371201801,184.2497952529662,21004.05307594043,7.131036167684384,227.43062441518373,292.78375007464035,11.358036336698198,,4.469344022910118,1
5.914281646595105,222.90568617802788,11640.121843546367,6.114806462900637,274.97083551658744,415.9147862399365,8.064730700457215,78.4850035938073,5.278675079209051,1
7.444104264010351,233.1853341588352,30202.272087768433,7.753798452797483,351.05547422751806,350.6752095011753,11.383865794788637,51.80294827085298,4.2256638681418215,1
4.125936692276723,205.67678797506454,26426.71839004011,10.050880024819438,249.1366413816179,444.6292353638511,16.55650787633716,82.72377769288622,3.4965694652819757,1
8.039163525908517,185.21344816689734,42231.22800303281,8.731487196575852,,417.07233229569863,21.26760190928149,74.45461056056735,3.103845465820418,1
7.554071960924936,195.0108327058745,13108.893581837621,7.964832240425193,331.52920236426195,579.232150996813,12.858474194663616,96.97985446642853,4.849790204795181,1
8.095469668142533,197.01443539307243,29226.878239650898,8.746715739639948,299.4784355000738,495.97184980258004,21.813082969012424,69.52886819670213,4.24869998730765,1
8.762408136888569,169.98610028924418,10513.724925726932,6.5337188343366535,305.13552670042384,444.88425842739935,17.026703430397486,64.64376889596439,5.272617150889776,1
,215.40517396502221,23393.79439290112,6.316941069188354,345.02893473036175,400.3159344853754,9.669063081343785,58.07114229828346,2.3869492908636336,1
7.315462177479259,211.49619160853214,30576.656381661593,5.938499535101749,375.5849970683997,557.3460542969775,14.988452003154514,38.192511709538024,4.6803203284734245,0
5.679101344708545,247.01970796385703,3844.42818504983,6.922047136024288,294.08102662842583,419.46906550005383,17.13975486154326,61.251078002326246,3.7663128783719104,1
,237.64590077588508,20217.125254339266,6.453230683199654,309.9610895139191,448.69588957936315,6.251651605790606,61.93596398089138,3.6942536239926866,1
8.966908046081956,173.8250087096365,17075.546022365903,9.029074090230381,,425.3046130297768,16.413133332693295,70.6401013937793,3.3734498846840992,1
9.363773295072505,223.34141055385476,15858.928292888344,6.368989000062141,233.48645067724308,389.22628134073415,18.161707105214504,43.374191665921714,4.6716653908304115,1
6.701404406263834,165.10265276385377,25391.854106221806,5.851699688364632,339.64970235495116,424.8404328931977,15.600253490874083,62.532782422996306,4.448558218280915,1
7.153144368132706,219.25224747893515,31840.901064765974,10.189271942552399,372.49600903221614,263.3238391281785,14.075702792644488,75.72374752291783,3.0789420204692366,1
5.641663143759912,179.38372514476765,20845.426256003084,6.406827134891477,375.8893616470238,296.80436865168724,13.707613010265343,77.32974654946892,4.098638721581556,1
,162.72543401541077,23815.912124109967,7.362574962455555,297.71285668782457,450.1471403777393,13.514323095340067,36.30819045009805,4.5207691779307675,0
8.138012749669928,205.57789086789066,23016.41430281273,7.83309006309459,281.93466683029567,548.6318989884314,10.387506849530869,77.82965892800917,4.108848210222208,1
,108.43023282629184,22029.90417173166,5.324024872105112,334.67490178124757,450.0332296369317,12.004296116394556,62.41043408569427,4.834115434021013,0
,138.7979231135561,12462.112827236757,9.072064355814849,368.12851609758303,363.6697891472524,12.901073708891351,63.406524002073404,3.743769935766438,0
6.478967440561035,190.53406686150157,31733.564081329307,8.126648083849739,340.19390556901607,305.27855959627794,14.655666286007206,28.14214131573255,2.21160101497851,0
7.44799901681566,199.08068528695364,24602.531249376523,9.582246738771635,345.76299801789116,485.29549319164107,12.43694315215511,90.5659814101865,4.115639697399224,1
8.107918364983975,184.22679883719874,25476.6359867919,6.046829339195401,381.07463702683475,376.04928789495955,11.40318220733185,69.26060595948276,4.110888100135963,1
6.737088456299265,144.43813449816537,14942.153862215151,7.276618752112333,,473.87628652741785,16.794841543706546,41.6209702988626,4.212725467429396,1
5.691991866178617,169.47771623048595,17987.383794803485,7.182182092890828,324.66883901000307,453.3989020748713,15.506732247147403,72.47076148214843,4.8334436964148075,1
8.481437970988479,209.2329626795655,20469.6449579792,7.536943821073034,,460.546237702024,12.495150233226532,,2.4470786624312213,1
8.226605226447475,215.49898461826058,8562.010236765205,4.821708697248086,325.62808328129626,424.6056899883144,15.955781740623912,86.18076439445576,3.783983022620525,1
5.6231241801036775,195.83658389344546,7212.442857101396,7.295121478333711,281.2869028696646,452.89613919324637,12.780047371899554,61.3892357128736,3.2503269097587904,1
9.23515405375774,234.4066947204962,16746.389717840575,4.866187019950482,306.0552704933128,412.235695290463,14.488745247605676,66.59409639542633,3.027736297267582,1
